<application>
  <component name="LanguageInjectionConfiguration">
    <injection language="SQL" injector-id="java">
      <display-name>Connection (java.sql)</display-name>
      <place><![CDATA[psiParameter().ofMethod(0, psiMethod().withName("nativeSQL").withParameters("java.lang.String").definedInClass("java.sql.Connection"))]]></place>
      <place><![CDATA[psiParameter().ofMethod(0, psiMethod().withName("prepareCall").withParameters("java.lang.String").definedInClass("java.sql.Connection"))]]></place>
      <place><![CDATA[psiParameter().ofMethod(0, psiMethod().withName("prepareCall").withParameters("java.lang.String", "int", "int").definedInClass("java.sql.Connection"))]]></place>
      <place><![CDATA[psiParameter().ofMethod(0, psiMethod().withName("prepareCall").withParameters("java.lang.String", "int", "int", "int").definedInClass("java.sql.Connection"))]]></place>
      <place disabled="true"><![CDATA[psiParameter().ofMethod(0, psiMethod().withName("prepareStatement").withParameters("java.lang.String").definedInClass("java.sql.Connection"))]]></place>
      <place><![CDATA[psiParameter().ofMethod(0, psiMethod().withName("prepareStatement").withParameters("java.lang.String", "int").definedInClass("java.sql.Connection"))]]></place>
      <place><![CDATA[psiParameter().ofMethod(0, psiMethod().withName("prepareStatement").withParameters("java.lang.String", "int", "int").definedInClass("java.sql.Connection"))]]></place>
      <place><![CDATA[psiParameter().ofMethod(0, psiMethod().withName("prepareStatement").withParameters("java.lang.String", "int", "int", "int").definedInClass("java.sql.Connection"))]]></place>
      <place><![CDATA[psiParameter().ofMethod(0, psiMethod().withName("prepareStatement").withParameters("java.lang.String", "int[]").definedInClass("java.sql.Connection"))]]></place>
      <place><![CDATA[psiParameter().ofMethod(0, psiMethod().withName("prepareStatement").withParameters("java.lang.String", "java.lang.String[]").definedInClass("java.sql.Connection"))]]></place>
    </injection>
    <injection language="GenericSQL" injector-id="xml">
      <display-name>action/@class</display-name>
      <place><![CDATA[xmlAttribute().withLocalName(string().equalTo("class")).withParent(xmlTag().withLocalName(string().equalTo("action")).withNamespace(string().equalTo("http://struts.apache.org/dtds/struts-2.5.dtd")))]]></place>
    </injection>
  </component>
</application>