<project version="4">
  <component name="FileEditorManager">
    <leaf>
      <file pinned="false" current-in-tab="true">
        <entry file="file://$PROJECT_DIR$/sell/pom.xml">
          <provider selected="true" editor-type-id="text-editor">
            <state relative-caret-position="532">
              <caret line="45" column="52" selection-start-line="45" selection-start-column="49" selection-end-line="45" selection-end-column="52" />
            </state>
          </provider>
        </entry>
      </file>
    </leaf>
  </component>
  <component name="ProjectFrameBounds" extendedState="6">
    <option name="width" value="1920" />
    <option name="height" value="1050" />
  </component>
  <component name="ProjectView">
    <navigator proportions="" version="1">
      <foldersAlwaysOnTop value="true" />
    </navigator>
    <panes>
      <pane id="ProjectPane">
        <subPane>
          <expand>
            <path>
              <item name="r1l5jr" type="b2602c69:ProjectViewProjectNode" />
              <item name="r1l5jr" type="462c0819:PsiDirectoryNode" />
            </path>
            <path>
              <item name="r1l5jr" type="b2602c69:ProjectViewProjectNode" />
              <item name="r1l5jr" type="462c0819:PsiDirectoryNode" />
              <item name="sell" type="462c0819:PsiDirectoryNode" />
            </path>
            <path>
              <item name="r1l5jr" type="b2602c69:ProjectViewProjectNode" />
              <item name="r1l5jr" type="462c0819:PsiDirectoryNode" />
              <item name="sell" type="462c0819:PsiDirectoryNode" />
              <item name="src" type="462c0819:PsiDirectoryNode" />
            </path>
            <path>
              <item name="r1l5jr" type="b2602c69:ProjectViewProjectNode" />
              <item name="r1l5jr" type="462c0819:PsiDirectoryNode" />
              <item name="sell" type="462c0819:PsiDirectoryNode" />
              <item name="src" type="462c0819:PsiDirectoryNode" />
              <item name="main" type="462c0819:PsiDirectoryNode" />
            </path>
            <path>
              <item name="r1l5jr" type="b2602c69:ProjectViewProjectNode" />
              <item name="r1l5jr" type="462c0819:PsiDirectoryNode" />
              <item name="sell" type="462c0819:PsiDirectoryNode" />
              <item name="src" type="462c0819:PsiDirectoryNode" />
              <item name="main" type="462c0819:PsiDirectoryNode" />
              <item name="java" type="462c0819:PsiDirectoryNode" />
            </path>
            <path>
              <item name="r1l5jr" type="b2602c69:ProjectViewProjectNode" />
              <item name="r1l5jr" type="462c0819:PsiDirectoryNode" />
              <item name="sell" type="462c0819:PsiDirectoryNode" />
              <item name="src" type="462c0819:PsiDirectoryNode" />
              <item name="main" type="462c0819:PsiDirectoryNode" />
              <item name="java" type="462c0819:PsiDirectoryNode" />
              <item name="com" type="462c0819:PsiDirectoryNode" />
            </path>
            <path>
              <item name="r1l5jr" type="b2602c69:ProjectViewProjectNode" />
              <item name="r1l5jr" type="462c0819:PsiDirectoryNode" />
              <item name="sell" type="462c0819:PsiDirectoryNode" />
              <item name="src" type="462c0819:PsiDirectoryNode" />
              <item name="main" type="462c0819:PsiDirectoryNode" />
              <item name="java" type="462c0819:PsiDirectoryNode" />
              <item name="com" type="462c0819:PsiDirectoryNode" />
              <item name="imooc" type="462c0819:PsiDirectoryNode" />
            </path>
            <path>
              <item name="r1l5jr" type="b2602c69:ProjectViewProjectNode" />
              <item name="r1l5jr" type="462c0819:PsiDirectoryNode" />
              <item name="sell" type="462c0819:PsiDirectoryNode" />
              <item name="src" type="462c0819:PsiDirectoryNode" />
              <item name="main" type="462c0819:PsiDirectoryNode" />
              <item name="java" type="462c0819:PsiDirectoryNode" />
              <item name="com" type="462c0819:PsiDirectoryNode" />
              <item name="imooc" type="462c0819:PsiDirectoryNode" />
              <item name="dataobject" type="462c0819:PsiDirectoryNode" />
            </path>
            <path>
              <item name="r1l5jr" type="b2602c69:ProjectViewProjectNode" />
              <item name="r1l5jr" type="462c0819:PsiDirectoryNode" />
              <item name="sell" type="462c0819:PsiDirectoryNode" />
              <item name="src" type="462c0819:PsiDirectoryNode" />
              <item name="main" type="462c0819:PsiDirectoryNode" />
              <item name="java" type="462c0819:PsiDirectoryNode" />
              <item name="com" type="462c0819:PsiDirectoryNode" />
              <item name="imooc" type="462c0819:PsiDirectoryNode" />
              <item name="repository" type="462c0819:PsiDirectoryNode" />
            </path>
            <path>
              <item name="r1l5jr" type="b2602c69:ProjectViewProjectNode" />
              <item name="r1l5jr" type="462c0819:PsiDirectoryNode" />
              <item name="sell" type="462c0819:PsiDirectoryNode" />
              <item name="src" type="462c0819:PsiDirectoryNode" />
              <item name="main" type="462c0819:PsiDirectoryNode" />
              <item name="resources" type="462c0819:PsiDirectoryNode" />
            </path>
          </expand>
          <select />
        </subPane>
      </pane>
      <pane id="PackagesPane" />
      <pane id="Scope" />
    </panes>
  </component>
  <component name="TimeTrackingManager">
    <option name="totallyTimeSpent" value="110000" />
  </component>
  <component name="ToolWindowManager">
    <frame x="-8" y="-8" width="1936" height="1066" extended-state="6" />
    <layout>
      <window_info id="Favorites" side_tool="true" />
      <window_info active="true" content_ui="combo" id="Project" order="0" visible="true" weight="0.24986595" />
      <window_info id="Structure" order="1" side_tool="true" weight="0.25" />
      <window_info anchor="bottom" id="Services" />
      <window_info anchor="bottom" id="Problems" />
      <window_info anchor="bottom" id="Database Changes" />
      <window_info anchor="bottom" id="Version Control" />
      <window_info anchor="bottom" id="Build" />
      <window_info anchor="bottom" id="Terminal" />
      <window_info anchor="bottom" id="Event Log" side_tool="true" />
      <window_info anchor="bottom" id="Message" order="0" />
      <window_info anchor="bottom" id="Find" order="1" />
      <window_info anchor="bottom" id="Run" order="2" />
      <window_info anchor="bottom" id="Debug" order="3" weight="0.4" />
      <window_info anchor="bottom" id="Cvs" order="4" weight="0.25" />
      <window_info anchor="bottom" id="Inspection" order="5" weight="0.4" />
      <window_info anchor="bottom" id="TODO" order="6" />
      <window_info anchor="right" id="Ant" />
      <window_info anchor="right" id="JSON Utils" />
      <window_info anchor="right" id="Key Promoter X" />
      <window_info anchor="right" id="Database" />
      <window_info anchor="right" id="Commander" internal_type="SLIDING" order="0" type="SLIDING" weight="0.4" />
      <window_info anchor="right" id="Ant Build" order="1" weight="0.25" />
      <window_info anchor="right" content_ui="combo" id="Hierarchy" order="2" weight="0.25" />
    </layout>
  </component>
  <component name="editorHistoryManager">
    <entry file="file://$PROJECT_DIR$/SQL.md">
      <provider selected="true" editor-type-id="split-provider[text-editor;markdown-preview-editor]">
        <state split_layout="SPLIT">
          <first_editor />
          <second_editor />
        </state>
      </provider>
    </entry>
    <entry file="file://$PROJECT_DIR$/sell/src/main/java/com/imooc/dataobject/ProductCategory.java">
      <provider selected="true" editor-type-id="text-editor" />
    </entry>
    <entry file="file://$PROJECT_DIR$/sell/src/main/java/com/imooc/SellApplication.java">
      <provider selected="true" editor-type-id="text-editor" />
    </entry>
    <entry file="file://$PROJECT_DIR$/sell/src/main/java/com/imooc/repository/ProductCategoryRepository.java">
      <provider selected="true" editor-type-id="text-editor" />
    </entry>
    <entry file="file://$PROJECT_DIR$/sell/src/main/resources/application.yml">
      <provider selected="true" editor-type-id="text-editor">
        <state relative-caret-position="132">
          <caret line="6" column="6" lean-forward="true" selection-start-line="6" selection-start-column="6" selection-end-line="6" selection-end-column="6" />
        </state>
      </provider>
    </entry>
    <entry file="file://$PROJECT_DIR$/sell/pom.xml">
      <provider selected="true" editor-type-id="text-editor">
        <state relative-caret-position="532">
          <caret line="45" column="52" selection-start-line="45" selection-start-column="49" selection-end-line="45" selection-end-column="52" />
        </state>
      </provider>
    </entry>
  </component>
</project>