<project version="4">
  <component name="FileEditorManager">
    <leaf>
      <file pinned="false" current-in-tab="true">
        <entry file="file://$PROJECT_DIR$/src/main/java/com/imooc/utils/ResultVOUtil.java">
          <provider selected="true" editor-type-id="text-editor">
            <state relative-caret-position="110">
              <caret line="8" column="13" selection-start-line="8" selection-start-column="13" selection-end-line="8" selection-end-column="13" />
            </state>
          </provider>
        </entry>
      </file>
    </leaf>
  </component>
  <component name="IdeDocumentHistory">
    <option name="CHANGED_PATHS">
      <list>
        <option value="$PROJECT_DIR$/src/main/java/com/imooc/controller/BuyerProductController.java" />
      </list>
    </option>
  </component>
  <component name="MavenProjectNavigator">
    <treeState>
      <expand />
      <select />
    </treeState>
  </component>
  <component name="ProjectFrameBounds" extendedState="6">
    <option name="width" value="1920" />
    <option name="height" value="1050" />
  </component>
  <component name="ProjectView">
    <navigator proportions="" version="1">
      <foldersAlwaysOnTop value="true" />
    </navigator>
    <panes>
      <pane id="ProjectPane" />
      <pane id="Scope" />
      <pane id="PackagesPane" />
    </panes>
  </component>
  <component name="TimeTrackingManager">
    <option name="totallyTimeSpent" value="688000" />
  </component>
  <component name="ToolWindowManager">
    <frame x="-8" y="-8" width="1936" height="1066" extended-state="6" />
    <layout>
      <window_info id="Web" side_tool="true" />
      <window_info id="Favorites" side_tool="true" />
      <window_info active="true" content_ui="combo" id="Project" order="0" visible="true" weight="0.24986595" />
      <window_info id="Structure" order="1" side_tool="true" weight="0.25" />
      <window_info anchor="bottom" id="Services" />
      <window_info anchor="bottom" id="Problems" />
      <window_info anchor="bottom" id="Database Changes" />
      <window_info anchor="bottom" id="Version Control" />
      <window_info anchor="bottom" id="Build" />
      <window_info anchor="bottom" id="Spring" />
      <window_info anchor="bottom" id="Java Enterprise" />
      <window_info anchor="bottom" id="Terminal" />
      <window_info anchor="bottom" id="Event Log" side_tool="true" />
      <window_info anchor="bottom" id="Message" order="0" />
      <window_info anchor="bottom" id="Find" order="1" />
      <window_info anchor="bottom" id="Run" order="2" />
      <window_info anchor="bottom" id="Debug" order="3" weight="0.4" />
      <window_info anchor="bottom" id="Cvs" order="4" weight="0.25" />
      <window_info anchor="bottom" id="Inspection" order="5" weight="0.4" />
      <window_info anchor="bottom" id="TODO" order="6" />
      <window_info anchor="right" id="Ant" />
      <window_info anchor="right" id="Bean Validation" />
      <window_info anchor="right" id="Maven" visible="true" weight="0.18176943" />
      <window_info anchor="right" id="JSON Utils" />
      <window_info anchor="right" id="Key Promoter X" />
      <window_info anchor="right" id="Database" />
      <window_info anchor="right" id="Commander" internal_type="SLIDING" order="0" type="SLIDING" weight="0.4" />
      <window_info anchor="right" id="Ant Build" order="1" weight="0.25" />
      <window_info anchor="right" content_ui="combo" id="Hierarchy" order="2" weight="0.25" />
    </layout>
  </component>
  <component name="editorHistoryManager">
    <entry file="file://$PROJECT_DIR$/pom.xml">
      <provider selected="true" editor-type-id="text-editor">
        <state relative-caret-position="486">
          <caret line="77" column="61" selection-start-line="77" selection-start-column="61" selection-end-line="77" selection-end-column="61" />
        </state>
      </provider>
    </entry>
    <entry file="file://$PROJECT_DIR$/src/main/java/com/imooc/aspect/SellerAuthorizeAspect.java">
      <provider selected="true" editor-type-id="text-editor">
        <state relative-caret-position="450">
          <caret line="42" column="30" lean-forward="true" selection-start-line="42" selection-start-column="30" selection-end-line="42" selection-end-column="30" />
          <folding>
            <element signature="imports" expanded="true" />
          </folding>
        </state>
      </provider>
    </entry>
    <entry file="file://$PROJECT_DIR$/src/main/java/com/imooc/config/ProjectUrlConfig.java">
      <provider selected="true" editor-type-id="text-editor">
        <state relative-caret-position="396">
          <caret line="23" column="30" lean-forward="true" selection-start-line="23" selection-start-column="30" selection-end-line="23" selection-end-column="30" />
          <folding>
            <element signature="docComment;field#wechatMpAuthorize#0;class#ProjectUrlConfig#0" expanded="true" />
            <element signature="docComment;field#wechatOpenAuthorize#0;class#ProjectUrlConfig#0" expanded="true" />
          </folding>
        </state>
      </provider>
    </entry>
    <entry file="file://$PROJECT_DIR$/src/main/java/com/imooc/controller/WechatController.java">
      <provider selected="true" editor-type-id="text-editor">
        <state relative-caret-position="399">
          <caret line="64" column="48" selection-start-line="64" selection-start-column="48" selection-end-line="64" selection-end-column="48" />
        </state>
      </provider>
    </entry>
    <entry file="file://$PROJECT_DIR$/src/main/java/com/imooc/config/WebSocketConfig.java">
      <provider selected="true" editor-type-id="text-editor">
        <state relative-caret-position="286">
          <caret line="15" column="41" selection-start-line="15" selection-start-column="19" selection-end-line="15" selection-end-column="41" />
          <folding>
            <element signature="docComment;class#WebSocketConfig#0" expanded="true" />
          </folding>
        </state>
      </provider>
    </entry>
    <entry file="file://$PROJECT_DIR$/src/main/java/com/imooc/config/WechatAccountConfig.java">
      <provider selected="true" editor-type-id="text-editor">
        <state relative-caret-position="110">
          <caret line="12" column="5" selection-start-line="12" selection-start-column="1" selection-end-line="12" selection-end-column="5" />
        </state>
      </provider>
    </entry>
    <entry file="file://$PROJECT_DIR$/src/main/java/com/imooc/config/WechatMpConfig.java">
      <provider selected="true" editor-type-id="text-editor">
        <state relative-caret-position="462">
          <caret line="30" column="42" selection-start-line="30" selection-start-column="42" selection-end-line="30" selection-end-column="42" />
        </state>
      </provider>
    </entry>
    <entry file="file://$PROJECT_DIR$/src/main/java/com/imooc/config/WechatOpenConfig.java">
      <provider selected="true" editor-type-id="text-editor">
        <state relative-caret-position="132">
          <caret line="15" column="13" selection-start-line="15" selection-start-column="13" selection-end-line="15" selection-end-column="13" />
        </state>
      </provider>
    </entry>
    <entry file="file://$PROJECT_DIR$/src/main/java/com/imooc/config/WechatPayConfig.java">
      <provider selected="true" editor-type-id="text-editor">
        <state relative-caret-position="132">
          <caret line="13" column="13" selection-start-line="13" selection-start-column="13" selection-end-line="13" selection-end-column="13" />
        </state>
      </provider>
    </entry>
    <entry file="file://$PROJECT_DIR$/src/main/java/com/imooc/constant/RedisConstant.java">
      <provider selected="true" editor-type-id="text-editor">
        <state relative-caret-position="66">
          <caret line="7" column="17" selection-start-line="7" selection-start-column="17" selection-end-line="7" selection-end-column="17" />
        </state>
      </provider>
    </entry>
    <entry file="file://$PROJECT_DIR$/src/main/java/com/imooc/constant/CookieConstant.java">
      <provider selected="true" editor-type-id="text-editor">
        <state relative-caret-position="66">
          <caret line="7" column="17" selection-start-line="7" selection-start-column="17" selection-end-line="7" selection-end-column="17" />
        </state>
      </provider>
    </entry>
    <entry file="file://$PROJECT_DIR$/src/main/java/com/imooc/controller/BuyerOrderController.java">
      <provider selected="true" editor-type-id="text-editor">
        <state relative-caret-position="-672">
          <caret line="32" column="13" selection-start-line="32" selection-start-column="13" selection-end-line="32" selection-end-column="13" />
        </state>
      </provider>
    </entry>
    <entry file="file://$PROJECT_DIR$/src/main/java/com/imooc/controller/BuyerProductController.java">
      <provider selected="true" editor-type-id="text-editor">
        <state relative-caret-position="606">
          <caret line="48" column="49" selection-start-line="48" selection-start-column="34" selection-end-line="48" selection-end-column="49" />
        </state>
      </provider>
    </entry>
    <entry file="file://$PROJECT_DIR$/src/main/java/com/imooc/controller/PayController.java">
      <provider selected="true" editor-type-id="text-editor">
        <state relative-caret-position="154">
          <caret line="22" column="13" selection-start-line="22" selection-start-column="13" selection-end-line="22" selection-end-column="13" />
        </state>
      </provider>
    </entry>
    <entry file="file://$PROJECT_DIR$/src/main/java/com/imooc/controller/SellerUserController.java">
      <provider selected="true" editor-type-id="text-editor">
        <state relative-caret-position="340">
          <caret line="68" column="24" selection-start-line="68" selection-start-column="18" selection-end-line="68" selection-end-column="24" />
        </state>
      </provider>
    </entry>
    <entry file="file://$PROJECT_DIR$/src/main/java/com/imooc/converter/OrderMaster2OrderDTOConverter.java">
      <provider selected="true" editor-type-id="text-editor">
        <state relative-caret-position="110">
          <caret line="13" column="13" selection-start-line="13" selection-start-column="13" selection-end-line="13" selection-end-column="13" />
        </state>
      </provider>
    </entry>
    <entry file="file://$PROJECT_DIR$/src/main/java/com/imooc/dataobject/OrderDetail.java">
      <provider selected="true" editor-type-id="text-editor">
        <state relative-caret-position="154">
          <caret line="15" column="13" selection-start-line="15" selection-start-column="13" selection-end-line="15" selection-end-column="13" />
        </state>
      </provider>
    </entry>
    <entry file="file://$PROJECT_DIR$/src/main/java/com/imooc/dataobject/ProductCategory.java">
      <provider selected="true" editor-type-id="text-editor">
        <state relative-caret-position="176">
          <caret line="18" column="13" selection-start-line="18" selection-start-column="13" selection-end-line="18" selection-end-column="13" />
        </state>
      </provider>
    </entry>
    <entry file="file://$PROJECT_DIR$/src/main/java/com/imooc/converter/OrderForm2OrderDTOConverter.java">
      <provider selected="true" editor-type-id="text-editor">
        <state relative-caret-position="132">
          <caret line="19" column="40" selection-start-line="19" selection-start-column="13" selection-end-line="19" selection-end-column="40" />
        </state>
      </provider>
    </entry>
    <entry file="file://$PROJECT_DIR$/src/main/java/com/imooc/dto/OrderDTO.java">
      <provider selected="true" editor-type-id="text-editor">
        <state relative-caret-position="176">
          <caret line="22" column="13" selection-start-line="22" selection-start-column="13" selection-end-line="22" selection-end-column="13" />
        </state>
      </provider>
    </entry>
    <entry file="file://$PROJECT_DIR$/src/main/java/com/imooc/dto/CartDTO.java">
      <provider selected="true" editor-type-id="text-editor">
        <state relative-caret-position="132">
          <caret line="10" column="13" selection-start-line="10" selection-start-column="13" selection-end-line="10" selection-end-column="13" />
        </state>
      </provider>
    </entry>
    <entry file="file://$PROJECT_DIR$/src/main/java/com/imooc/enums/CodeEnum.java">
      <provider selected="true" editor-type-id="text-editor">
        <state relative-caret-position="66">
          <caret line="6" column="17" selection-start-line="6" selection-start-column="17" selection-end-line="6" selection-end-column="17" />
        </state>
      </provider>
    </entry>
    <entry file="file://$PROJECT_DIR$/src/main/java/com/imooc/enums/OrderStatusEnum.java">
      <provider selected="true" editor-type-id="text-editor">
        <state relative-caret-position="132">
          <caret line="9" column="12" selection-start-line="9" selection-start-column="12" selection-end-line="9" selection-end-column="12" />
        </state>
      </provider>
    </entry>
    <entry file="file://$PROJECT_DIR$/src/main/java/com/imooc/enums/ProductStatusEnum.java">
      <provider selected="true" editor-type-id="text-editor">
        <state relative-caret-position="132">
          <caret line="10" column="12" selection-start-line="10" selection-start-column="12" selection-end-line="10" selection-end-column="12" />
        </state>
      </provider>
    </entry>
    <entry file="file://$PROJECT_DIR$/src/main/java/com/imooc/enums/ResultEnum.java">
      <provider selected="true" editor-type-id="text-editor">
        <state relative-caret-position="-324">
          <caret line="9" column="12" selection-start-line="9" selection-start-column="12" selection-end-line="9" selection-end-column="12" />
        </state>
      </provider>
    </entry>
    <entry file="file://$PROJECT_DIR$/src/main/java/com/imooc/exception/SellerAuthorizeException.java">
      <provider selected="true" editor-type-id="text-editor">
        <state relative-caret-position="66">
          <caret line="6" column="13" selection-start-line="6" selection-start-column="13" selection-end-line="6" selection-end-column="13" />
        </state>
      </provider>
    </entry>
    <entry file="file://$PROJECT_DIR$/src/main/java/com/imooc/exception/SellException.java">
      <provider selected="true" editor-type-id="text-editor">
        <state relative-caret-position="110">
          <caret line="8" column="13" selection-start-line="8" selection-start-column="13" selection-end-line="8" selection-end-column="13" />
        </state>
      </provider>
    </entry>
    <entry file="file://$PROJECT_DIR$/src/main/java/com/imooc/form/CategoryForm.java">
      <provider selected="true" editor-type-id="text-editor">
        <state relative-caret-position="132">
          <caret line="9" column="13" selection-start-line="9" selection-start-column="13" selection-end-line="9" selection-end-column="13" />
        </state>
      </provider>
    </entry>
    <entry file="file://$PROJECT_DIR$/src/main/java/com/imooc/form/OrderForm.java">
      <provider selected="true" editor-type-id="text-editor">
        <state relative-caret-position="132">
          <caret line="10" column="13" selection-start-line="10" selection-start-column="13" selection-end-line="10" selection-end-column="13" />
        </state>
      </provider>
    </entry>
    <entry file="file://$PROJECT_DIR$/src/main/java/com/imooc/form/ProductForm.java">
      <provider selected="true" editor-type-id="text-editor">
        <state relative-caret-position="132">
          <caret line="11" column="13" selection-start-line="11" selection-start-column="13" selection-end-line="11" selection-end-column="13" />
        </state>
      </provider>
    </entry>
    <entry file="file://$PROJECT_DIR$/src/main/java/com/imooc/handler/SellExceptionHandler.java">
      <provider selected="true" editor-type-id="text-editor">
        <state relative-caret-position="286">
          <caret line="21" column="54" selection-start-line="21" selection-start-column="30" selection-end-line="21" selection-end-column="54" />
        </state>
      </provider>
    </entry>
    <entry file="file://$PROJECT_DIR$/src/main/java/com/imooc/repository/OrderDetailRepository.java">
      <provider selected="true" editor-type-id="text-editor">
        <state relative-caret-position="154">
          <caret line="13" column="4" selection-start-line="13" selection-start-column="4" selection-end-line="13" selection-end-column="52" />
        </state>
      </provider>
    </entry>
    <entry file="file://$PROJECT_DIR$/src/main/java/com/imooc/repository/OrderMasterRepository.java">
      <provider selected="true" editor-type-id="text-editor">
        <state relative-caret-position="110">
          <caret line="11" column="17" selection-start-line="11" selection-start-column="17" selection-end-line="11" selection-end-column="17" />
        </state>
      </provider>
    </entry>
    <entry file="file://$PROJECT_DIR$/src/main/java/com/imooc/repository/ProductCategoryRepository.java">
      <provider selected="true" editor-type-id="text-editor">
        <state relative-caret-position="110">
          <caret line="11" column="17" selection-start-line="11" selection-start-column="17" selection-end-line="11" selection-end-column="17" />
        </state>
      </provider>
    </entry>
    <entry file="file://$PROJECT_DIR$/src/main/java/com/imooc/repository/SellerInfoRepository.java">
      <provider selected="true" editor-type-id="text-editor">
        <state relative-caret-position="110">
          <caret line="9" column="17" selection-start-line="9" selection-start-column="17" selection-end-line="9" selection-end-column="17" />
        </state>
      </provider>
    </entry>
    <entry file="file://$PROJECT_DIR$/src/main/java/com/imooc/repository/ProductInfoRepository.java">
      <provider selected="true" editor-type-id="text-editor">
        <state relative-caret-position="110">
          <caret line="11" column="17" selection-start-line="11" selection-start-column="17" selection-end-line="11" selection-end-column="17" />
        </state>
      </provider>
    </entry>
    <entry file="file://$PROJECT_DIR$/src/main/java/com/imooc/service/CategoryService.java">
      <provider selected="true" editor-type-id="text-editor">
        <state relative-caret-position="110">
          <caret line="11" column="17" selection-start-line="11" selection-start-column="17" selection-end-line="11" selection-end-column="17" />
        </state>
      </provider>
    </entry>
    <entry file="file://$PROJECT_DIR$/src/main/java/com/imooc/service/BuyerService.java">
      <provider selected="true" editor-type-id="text-editor">
        <state relative-caret-position="110">
          <caret line="9" column="17" selection-start-line="9" selection-start-column="17" selection-end-line="9" selection-end-column="17" />
        </state>
      </provider>
    </entry>
    <entry file="file://$PROJECT_DIR$/src/main/java/com/imooc/service/ProductService.java">
      <provider selected="true" editor-type-id="text-editor">
        <state relative-caret-position="110">
          <caret line="14" column="17" selection-start-line="14" selection-start-column="17" selection-end-line="14" selection-end-column="17" />
        </state>
      </provider>
    </entry>
    <entry file="file://$PROJECT_DIR$/src/main/java/com/imooc/service/impl/BuyerServiceImpl.java">
      <provider selected="true" editor-type-id="text-editor">
        <state relative-caret-position="154">
          <caret line="17" column="13" selection-start-line="17" selection-start-column="13" selection-end-line="17" selection-end-column="13" />
        </state>
      </provider>
    </entry>
    <entry file="file://$PROJECT_DIR$/src/main/java/com/imooc/service/impl/CategoryServiceImpl.java">
      <provider selected="true" editor-type-id="text-editor">
        <state relative-caret-position="132">
          <caret line="16" column="13" selection-start-line="16" selection-start-column="13" selection-end-line="16" selection-end-column="13" />
        </state>
      </provider>
    </entry>
    <entry file="file://$PROJECT_DIR$/src/main/java/com/imooc/service/impl/PayServiceImpl.java">
      <provider selected="true" editor-type-id="text-editor">
        <state relative-caret-position="154">
          <caret line="25" column="13" selection-start-line="25" selection-start-column="13" selection-end-line="25" selection-end-column="13" />
        </state>
      </provider>
    </entry>
    <entry file="file://$PROJECT_DIR$/src/main/java/com/imooc/service/impl/ProductServiceImpl.java">
      <provider selected="true" editor-type-id="text-editor">
        <state relative-caret-position="132">
          <caret line="22" column="13" selection-start-line="22" selection-start-column="13" selection-end-line="22" selection-end-column="13" />
        </state>
      </provider>
    </entry>
    <entry file="file://$PROJECT_DIR$/src/main/java/com/imooc/service/impl/SellerServiceImpl.java">
      <provider selected="true" editor-type-id="text-editor">
        <state relative-caret-position="132">
          <caret line="13" column="13" selection-start-line="13" selection-start-column="13" selection-end-line="13" selection-end-column="13" />
        </state>
      </provider>
    </entry>
    <entry file="file://$PROJECT_DIR$/src/main/java/com/imooc/utils/serializer/Date2LongSerializer.java">
      <provider selected="true" editor-type-id="text-editor">
        <state relative-caret-position="110">
          <caret line="14" column="13" selection-start-line="14" selection-start-column="13" selection-end-line="14" selection-end-column="13" />
        </state>
      </provider>
    </entry>
    <entry file="file://$PROJECT_DIR$/src/main/java/com/imooc/utils/CookieUtil.java">
      <provider selected="true" editor-type-id="text-editor">
        <state relative-caret-position="537">
          <caret line="52" column="7" lean-forward="true" selection-start-line="52" selection-start-column="7" selection-end-line="52" selection-end-column="7" />
        </state>
      </provider>
    </entry>
    <entry file="file://$PROJECT_DIR$/src/main/java/com/imooc/utils/EnumUtil.java">
      <provider selected="true" editor-type-id="text-editor">
        <state relative-caret-position="110">
          <caret line="8" column="13" selection-start-line="8" selection-start-column="13" selection-end-line="8" selection-end-column="13" />
        </state>
      </provider>
    </entry>
    <entry file="file://$PROJECT_DIR$/src/main/java/com/imooc/utils/JsonUtil.java">
      <provider selected="true" editor-type-id="text-editor">
        <state relative-caret-position="110">
          <caret line="9" column="13" selection-start-line="9" selection-start-column="13" selection-end-line="9" selection-end-column="13" />
        </state>
      </provider>
    </entry>
    <entry file="file://$PROJECT_DIR$/src/main/java/com/imooc/utils/KeyUtil.java">
      <provider selected="true" editor-type-id="text-editor">
        <state relative-caret-position="110">
          <caret line="8" column="13" selection-start-line="8" selection-start-column="13" selection-end-line="8" selection-end-column="13" />
        </state>
      </provider>
    </entry>
    <entry file="file://$PROJECT_DIR$/src/main/java/com/imooc/utils/MathUtil.java">
      <provider selected="true" editor-type-id="text-editor">
        <state relative-caret-position="66">
          <caret line="6" column="13" selection-start-line="6" selection-start-column="13" selection-end-line="6" selection-end-column="13" />
        </state>
      </provider>
    </entry>
    <entry file="file://$PROJECT_DIR$/src/main/java/com/imooc/utils/ResultVOUtil.java">
      <provider selected="true" editor-type-id="text-editor">
        <state relative-caret-position="110">
          <caret line="8" column="13" selection-start-line="8" selection-start-column="13" selection-end-line="8" selection-end-column="13" />
        </state>
      </provider>
    </entry>
  </component>
</project>