<project version="4">
  <component name="FileEditorManager">
    <leaf>
      <file pinned="false" current-in-tab="true">
        <entry file="file://$PROJECT_DIR$/src/main/java/servlets/FindAllUserServlet.java">
          <provider selected="true" editor-type-id="text-editor">
            <state relative-caret-position="-108">
              <caret line="19" column="13" selection-start-line="19" selection-start-column="13" selection-end-line="19" selection-end-column="13" />
            </state>
          </provider>
        </entry>
      </file>
    </leaf>
  </component>
  <component name="IdeDocumentHistory">
    <option name="CHANGED_PATHS">
      <list>
        <option value="$PROJECT_DIR$/src/main/java/utils/Dbutil.java" />
        <option value="$PROJECT_DIR$/src/main/java/utils/GetLinks.java" />
      </list>
    </option>
  </component>
  <component name="MavenProjectNavigator">
    <treeState>
      <expand>
        <path>
          <item name="" type="16c1761:MavenProjectsStructure$RootNode" />
          <item name="JSPLe" type="9519ce18:MavenProjectsStructure$ProjectNode" />
        </path>
        <path>
          <item name="" type="16c1761:MavenProjectsStructure$RootNode" />
          <item name="JSPLe" type="9519ce18:MavenProjectsStructure$ProjectNode" />
          <item name="Lifecycle" type="58874e2:MavenProjectsStructure$LifecycleNode" />
        </path>
      </expand>
      <select />
    </treeState>
  </component>
  <component name="ProjectFrameBounds" extendedState="6">
    <option name="x" value="1920" />
    <option name="width" value="1920" />
    <option name="height" value="1050" />
  </component>
  <component name="ProjectView">
    <navigator proportions="" version="1">
      <foldersAlwaysOnTop value="true" />
    </navigator>
    <panes>
      <pane id="Scope" />
      <pane id="ProjectPane">
        <subPane>
          <expand>
            <path>
              <item name="JSPLe" type="b2602c69:ProjectViewProjectNode" />
              <item name="JSPLe" type="462c0819:PsiDirectoryNode" />
            </path>
            <path>
              <item name="JSPLe" type="b2602c69:ProjectViewProjectNode" />
              <item name="JSPLe" type="462c0819:PsiDirectoryNode" />
              <item name="src" type="462c0819:PsiDirectoryNode" />
            </path>
            <path>
              <item name="JSPLe" type="b2602c69:ProjectViewProjectNode" />
              <item name="JSPLe" type="462c0819:PsiDirectoryNode" />
              <item name="src" type="462c0819:PsiDirectoryNode" />
              <item name="main" type="462c0819:PsiDirectoryNode" />
            </path>
            <path>
              <item name="JSPLe" type="b2602c69:ProjectViewProjectNode" />
              <item name="JSPLe" type="462c0819:PsiDirectoryNode" />
              <item name="src" type="462c0819:PsiDirectoryNode" />
              <item name="main" type="462c0819:PsiDirectoryNode" />
              <item name="java" type="462c0819:PsiDirectoryNode" />
            </path>
            <path>
              <item name="JSPLe" type="b2602c69:ProjectViewProjectNode" />
              <item name="JSPLe" type="462c0819:PsiDirectoryNode" />
              <item name="src" type="462c0819:PsiDirectoryNode" />
              <item name="main" type="462c0819:PsiDirectoryNode" />
              <item name="java" type="462c0819:PsiDirectoryNode" />
              <item name="dao" type="462c0819:PsiDirectoryNode" />
            </path>
            <path>
              <item name="JSPLe" type="b2602c69:ProjectViewProjectNode" />
              <item name="JSPLe" type="462c0819:PsiDirectoryNode" />
              <item name="src" type="462c0819:PsiDirectoryNode" />
              <item name="main" type="462c0819:PsiDirectoryNode" />
              <item name="java" type="462c0819:PsiDirectoryNode" />
              <item name="entity" type="462c0819:PsiDirectoryNode" />
            </path>
            <path>
              <item name="JSPLe" type="b2602c69:ProjectViewProjectNode" />
              <item name="JSPLe" type="462c0819:PsiDirectoryNode" />
              <item name="src" type="462c0819:PsiDirectoryNode" />
              <item name="main" type="462c0819:PsiDirectoryNode" />
              <item name="java" type="462c0819:PsiDirectoryNode" />
              <item name="fiters" type="462c0819:PsiDirectoryNode" />
            </path>
            <path>
              <item name="JSPLe" type="b2602c69:ProjectViewProjectNode" />
              <item name="JSPLe" type="462c0819:PsiDirectoryNode" />
              <item name="src" type="462c0819:PsiDirectoryNode" />
              <item name="main" type="462c0819:PsiDirectoryNode" />
              <item name="java" type="462c0819:PsiDirectoryNode" />
              <item name="servlets" type="462c0819:PsiDirectoryNode" />
            </path>
            <path>
              <item name="JSPLe" type="b2602c69:ProjectViewProjectNode" />
              <item name="JSPLe" type="462c0819:PsiDirectoryNode" />
              <item name="src" type="462c0819:PsiDirectoryNode" />
              <item name="main" type="462c0819:PsiDirectoryNode" />
              <item name="java" type="462c0819:PsiDirectoryNode" />
              <item name="utils" type="462c0819:PsiDirectoryNode" />
            </path>
            <path>
              <item name="JSPLe" type="b2602c69:ProjectViewProjectNode" />
              <item name="JSPLe" type="462c0819:PsiDirectoryNode" />
              <item name="web" type="462c0819:PsiDirectoryNode" />
            </path>
            <path>
              <item name="JSPLe" type="b2602c69:ProjectViewProjectNode" />
              <item name="JSPLe" type="462c0819:PsiDirectoryNode" />
              <item name="web" type="462c0819:PsiDirectoryNode" />
              <item name="WEB-INF" type="462c0819:PsiDirectoryNode" />
            </path>
          </expand>
          <select />
        </subPane>
      </pane>
      <pane id="PackagesPane" />
    </panes>
  </component>
  <component name="TimeTrackingManager">
    <option name="totallyTimeSpent" value="863000" />
  </component>
  <component name="ToolWindowManager">
    <frame x="1912" y="-8" width="1936" height="1066" extended-state="6" />
    <editor active="true" />
    <layout>
      <window_info id="Web" side_tool="true" />
      <window_info id="Favorites" side_tool="true" />
      <window_info active="true" content_ui="combo" id="Project" order="0" visible="true" weight="0.1774799" />
      <window_info id="Structure" order="1" side_tool="true" weight="0.25" />
      <window_info anchor="bottom" id="Services" />
      <window_info anchor="bottom" id="Problems" />
      <window_info anchor="bottom" id="Database Changes" />
      <window_info anchor="bottom" id="Version Control" />
      <window_info anchor="bottom" id="Messages" />
      <window_info anchor="bottom" id="Build" />
      <window_info anchor="bottom" id="Java Enterprise" />
      <window_info anchor="bottom" id="Terminal" />
      <window_info anchor="bottom" id="Event Log" side_tool="true" />
      <window_info anchor="bottom" id="Message" order="0" />
      <window_info anchor="bottom" id="Find" order="1" />
      <window_info anchor="bottom" id="Run" order="2" />
      <window_info anchor="bottom" id="Debug" order="3" weight="0.3993576" />
      <window_info anchor="bottom" id="Cvs" order="4" weight="0.25" />
      <window_info anchor="bottom" id="Inspection" order="5" weight="0.4" />
      <window_info anchor="bottom" id="TODO" order="6" />
      <window_info anchor="right" id="Ant" />
      <window_info anchor="right" id="Maven" visible="true" weight="0.18176943" />
      <window_info anchor="right" id="JSON Utils" />
      <window_info anchor="right" id="Key Promoter X" />
      <window_info anchor="right" id="Database" />
      <window_info anchor="right" id="Commander" internal_type="SLIDING" order="0" type="SLIDING" weight="0.4" />
      <window_info anchor="right" id="Ant Build" order="1" weight="0.25" />
      <window_info anchor="right" content_ui="combo" id="Hierarchy" order="2" weight="0.25" />
    </layout>
  </component>
  <component name="editorHistoryManager">
    <entry file="file://$PROJECT_DIR$/pom.xml">
      <provider selected="true" editor-type-id="text-editor">
        <state relative-caret-position="460">
          <caret line="26" column="24" selection-start-line="26" selection-start-column="24" selection-end-line="26" selection-end-column="24" />
        </state>
      </provider>
    </entry>
    <entry file="file://$PROJECT_DIR$/META-INF/MANIFEST.MF">
      <provider selected="true" editor-type-id="text-editor" />
    </entry>
    <entry file="file://$PROJECT_DIR$/web/WEB-INF/web.xml">
      <provider selected="true" editor-type-id="text-editor">
        <state relative-caret-position="-870" />
      </provider>
    </entry>
    <entry file="file://$PROJECT_DIR$/src/main/java/servlets/RegServlet.java">
      <provider selected="true" editor-type-id="text-editor">
        <state relative-caret-position="88">
          <caret line="14" column="13" selection-start-line="14" selection-start-column="13" selection-end-line="14" selection-end-column="13" />
        </state>
      </provider>
    </entry>
    <entry file="file://$PROJECT_DIR$/src/main/java/utils/Dbutil.java">
      <provider selected="true" editor-type-id="text-editor">
        <state relative-caret-position="339">
          <caret line="28" column="9" selection-start-line="28" selection-start-column="9" selection-end-line="28" selection-end-column="9" />
        </state>
      </provider>
    </entry>
    <entry file="file://$PROJECT_DIR$/src/main/java/utils/GetLinks.java">
      <provider selected="true" editor-type-id="text-editor">
        <state relative-caret-position="-122">
          <caret line="13" column="34" selection-start-line="13" selection-start-column="34" selection-end-line="13" selection-end-column="34" />
        </state>
      </provider>
    </entry>
    <entry file="file://$PROJECT_DIR$/src/main/java/fiters/URLFilter.java">
      <provider selected="true" editor-type-id="text-editor">
        <state relative-caret-position="88">
          <caret line="11" column="13" selection-start-line="11" selection-start-column="13" selection-end-line="11" selection-end-column="13" />
        </state>
      </provider>
    </entry>
    <entry file="file://$PROJECT_DIR$/src/main/java/servlets/FindAllUserServlet.java">
      <provider selected="true" editor-type-id="text-editor">
        <state relative-caret-position="-108">
          <caret line="19" column="13" selection-start-line="19" selection-start-column="13" selection-end-line="19" selection-end-column="13" />
        </state>
      </provider>
    </entry>
  </component>
</project>