<project version="4">
  <component name="FileEditorManager">
    <leaf>
      <file pinned="false" current-in-tab="false">
        <entry file="file://$PROJECT_DIR$/net-operate-sys-api/src/main/java/com/tanjiu/service/dashboard/ActivityDashBoardService.java">
          <provider selected="true" editor-type-id="text-editor">
            <state>
              <caret line="13" column="17" selection-start-line="13" selection-start-column="17" selection-end-line="13" selection-end-column="17" />
            </state>
          </provider>
        </entry>
      </file>
      <file pinned="false" current-in-tab="false">
        <entry file="file://$PROJECT_DIR$/net-operate-sys-api/src/main/java/com/tanjiu/service/dashboard/impl/ActivityDashBoardServiceImpl.java">
          <provider selected="true" editor-type-id="text-editor">
            <state>
              <caret line="33" column="32" selection-start-line="33" selection-start-column="32" selection-end-line="33" selection-end-column="32" />
            </state>
          </provider>
        </entry>
      </file>
      <file pinned="false" current-in-tab="false">
        <entry file="file://$PROJECT_DIR$/net-operate-sys-api/src/main/java/com/tanjiu/controller/dashboard/ActivityDashBoardController.java">
          <provider selected="true" editor-type-id="text-editor">
            <state>
              <caret line="145" column="27" selection-start-line="145" selection-start-column="19" selection-end-line="145" selection-end-column="27" />
            </state>
          </provider>
        </entry>
      </file>
      <file pinned="false" current-in-tab="false">
        <entry file="file://$PROJECT_DIR$/net-operate-sys-api/src/main/java/com/tanjiu/controller/dashboard/DashBoardController.java">
          <provider selected="true" editor-type-id="text-editor">
            <state>
              <caret line="184" column="39" selection-start-line="184" selection-start-column="39" selection-end-line="184" selection-end-column="39" />
            </state>
          </provider>
        </entry>
      </file>
      <file pinned="false" current-in-tab="false">
        <entry file="file://$PROJECT_DIR$/net-operate-sys-api/src/main/java/com/tanjiu/controller/activity/ActivityController.java">
          <provider selected="true" editor-type-id="text-editor">
            <state relative-caret-position="-8">
              <caret line="33" column="13" selection-start-line="33" selection-start-column="13" selection-end-line="33" selection-end-column="13" />
            </state>
          </provider>
        </entry>
      </file>
      <file pinned="false" current-in-tab="false">
        <entry file="file://$PROJECT_DIR$/net-operate-sys-api/src/main/java/com/tanjiu/config/localUtils/ComputeUtil.java">
          <provider selected="true" editor-type-id="text-editor">
            <state relative-caret-position="290">
              <caret line="54" column="9" selection-start-line="54" selection-start-column="9" selection-end-line="54" selection-end-column="9" />
            </state>
          </provider>
        </entry>
      </file>
      <file pinned="false" current-in-tab="true">
        <entry file="file://$PROJECT_DIR$/net-operate-sys-api/src/main/java/com/tanjiu/NetOperateSysApiApplication.java">
          <provider selected="true" editor-type-id="text-editor">
            <state relative-caret-position="168">
              <caret line="10" column="13" selection-start-line="10" selection-start-column="13" selection-end-line="10" selection-end-column="13" />
            </state>
          </provider>
        </entry>
      </file>
    </leaf>
  </component>
  <component name="FindInProjectRecents">
    <findStrings>
      <find>else</find>
      <find>paging</find>
      <find>ORDER BY</find>
      <find>DefaultValue</find>
      <find>forea</find>
    </findStrings>
    <replaceStrings>
      <replace />
    </replaceStrings>
  </component>
  <component name="IdeDocumentHistory">
    <option name="CHANGED_PATHS">
      <list>
        <option value="$PROJECT_DIR$/net-operate-sys-api/src/main/java/com/tanjiu/service/activity/ActivityService.java" />
        <option value="$PROJECT_DIR$/net-operate-sys-api/src/main/java/com/tanjiu/service/activity/impl/ActivityServiceImpl.java" />
        <option value="$PROJECT_DIR$/net-operate-sys-api/src/main/resources/mapper/activity/ActivityMapper.xml" />
        <option value="$PROJECT_DIR$/net-operate-sys-api/src/main/java/com/tanjiu/service/export/impl/ActivityExportServiceImpl.java" />
        <option value="$PROJECT_DIR$/net-operate-sys-api/src/main/resources/logback-spring.xml" />
        <option value="$PROJECT_DIR$/net-operate-sys-api/src/main/resources/application-test.yaml" />
        <option value="$PROJECT_DIR$/net-operate-sys-api/src/main/java/com/tanjiu/config/SwaggerConfig.java" />
        <option value="$PROJECT_DIR$/net-operate-sys-api/pom.xml" />
        <option value="$PROJECT_DIR$/net-operate-sys-api/src/main/java/com/tanjiu/dao/activity/ActivityMapper.java" />
        <option value="$PROJECT_DIR$/net-operate-sys-api/src/main/java/com/tanjiu/config/localUtils/ActivityUtil.java" />
        <option value="$PROJECT_DIR$/net-operate-sys-api/src/main/java/com/tanjiu/controller/actiovity/ActivityController.java" />
        <option value="$PROJECT_DIR$/net-operate-sys-api/src/main/java/com/tanjiu/controller/dashboard/ActivityDashBoardController.java" />
        <option value="$PROJECT_DIR$/net-operate-sys-api/src/main/java/com/tanjiu/config/localUtils/ComputeUtil.java" />
      </list>
    </option>
  </component>
  <component name="MavenProjectNavigator">
    <treeState>
      <expand />
      <select />
    </treeState>
  </component>
  <component name="ProjectFrameBounds" extendedState="6">
    <option name="x" value="-8" />
    <option name="y" value="-8" />
    <option name="width" value="1936" />
    <option name="height" value="1066" />
  </component>
  <component name="ProjectView">
    <navigator currentView="Scope" currentSubView="Scope 'Project Files'; set:Project Files; class com.intellij.psi.search.scope.ProjectFilesScope" proportions="" version="1">
      <foldersAlwaysOnTop value="true" />
    </navigator>
    <panes>
      <pane id="PackagesPane" />
      <pane id="ProjectPane">
        <subPane>
          <expand>
            <path>
              <item name="net-operate-sys-parent" type="b2602c69:ProjectViewProjectNode" />
              <item name="ncenter-servers" type="462c0819:PsiDirectoryNode" />
            </path>
            <path>
              <item name="net-operate-sys-parent" type="b2602c69:ProjectViewProjectNode" />
              <item name="ncenter-servers" type="462c0819:PsiDirectoryNode" />
              <item name="net-operate-sys-api" type="462c0819:PsiDirectoryNode" />
            </path>
            <path>
              <item name="net-operate-sys-parent" type="b2602c69:ProjectViewProjectNode" />
              <item name="ncenter-servers" type="462c0819:PsiDirectoryNode" />
              <item name="net-operate-sys-api" type="462c0819:PsiDirectoryNode" />
              <item name="src" type="462c0819:PsiDirectoryNode" />
            </path>
            <path>
              <item name="net-operate-sys-parent" type="b2602c69:ProjectViewProjectNode" />
              <item name="ncenter-servers" type="462c0819:PsiDirectoryNode" />
              <item name="net-operate-sys-api" type="462c0819:PsiDirectoryNode" />
              <item name="src" type="462c0819:PsiDirectoryNode" />
              <item name="main" type="462c0819:PsiDirectoryNode" />
            </path>
            <path>
              <item name="net-operate-sys-parent" type="b2602c69:ProjectViewProjectNode" />
              <item name="ncenter-servers" type="462c0819:PsiDirectoryNode" />
              <item name="net-operate-sys-api" type="462c0819:PsiDirectoryNode" />
              <item name="src" type="462c0819:PsiDirectoryNode" />
              <item name="main" type="462c0819:PsiDirectoryNode" />
              <item name="java" type="462c0819:PsiDirectoryNode" />
            </path>
            <path>
              <item name="net-operate-sys-parent" type="b2602c69:ProjectViewProjectNode" />
              <item name="ncenter-servers" type="462c0819:PsiDirectoryNode" />
              <item name="net-operate-sys-api" type="462c0819:PsiDirectoryNode" />
              <item name="src" type="462c0819:PsiDirectoryNode" />
              <item name="main" type="462c0819:PsiDirectoryNode" />
              <item name="java" type="462c0819:PsiDirectoryNode" />
              <item name="tanjiu" type="462c0819:PsiDirectoryNode" />
            </path>
            <path>
              <item name="net-operate-sys-parent" type="b2602c69:ProjectViewProjectNode" />
              <item name="ncenter-servers" type="462c0819:PsiDirectoryNode" />
              <item name="net-operate-sys-api" type="462c0819:PsiDirectoryNode" />
              <item name="src" type="462c0819:PsiDirectoryNode" />
              <item name="main" type="462c0819:PsiDirectoryNode" />
              <item name="java" type="462c0819:PsiDirectoryNode" />
              <item name="tanjiu" type="462c0819:PsiDirectoryNode" />
              <item name="controller" type="462c0819:PsiDirectoryNode" />
            </path>
            <path>
              <item name="net-operate-sys-parent" type="b2602c69:ProjectViewProjectNode" />
              <item name="ncenter-servers" type="462c0819:PsiDirectoryNode" />
              <item name="net-operate-sys-api" type="462c0819:PsiDirectoryNode" />
              <item name="src" type="462c0819:PsiDirectoryNode" />
              <item name="main" type="462c0819:PsiDirectoryNode" />
              <item name="java" type="462c0819:PsiDirectoryNode" />
              <item name="tanjiu" type="462c0819:PsiDirectoryNode" />
              <item name="dao" type="462c0819:PsiDirectoryNode" />
            </path>
            <path>
              <item name="net-operate-sys-parent" type="b2602c69:ProjectViewProjectNode" />
              <item name="ncenter-servers" type="462c0819:PsiDirectoryNode" />
              <item name="net-operate-sys-api" type="462c0819:PsiDirectoryNode" />
              <item name="src" type="462c0819:PsiDirectoryNode" />
              <item name="main" type="462c0819:PsiDirectoryNode" />
              <item name="java" type="462c0819:PsiDirectoryNode" />
              <item name="tanjiu" type="462c0819:PsiDirectoryNode" />
              <item name="service" type="462c0819:PsiDirectoryNode" />
            </path>
            <path>
              <item name="net-operate-sys-parent" type="b2602c69:ProjectViewProjectNode" />
              <item name="ncenter-servers" type="462c0819:PsiDirectoryNode" />
              <item name="net-operate-sys-api" type="462c0819:PsiDirectoryNode" />
              <item name="src" type="462c0819:PsiDirectoryNode" />
              <item name="main" type="462c0819:PsiDirectoryNode" />
              <item name="java" type="462c0819:PsiDirectoryNode" />
              <item name="tanjiu" type="462c0819:PsiDirectoryNode" />
              <item name="service" type="462c0819:PsiDirectoryNode" />
              <item name="export" type="462c0819:PsiDirectoryNode" />
            </path>
            <path>
              <item name="net-operate-sys-parent" type="b2602c69:ProjectViewProjectNode" />
              <item name="ncenter-servers" type="462c0819:PsiDirectoryNode" />
              <item name="net-operate-sys-api" type="462c0819:PsiDirectoryNode" />
              <item name="src" type="462c0819:PsiDirectoryNode" />
              <item name="main" type="462c0819:PsiDirectoryNode" />
              <item name="java" type="462c0819:PsiDirectoryNode" />
              <item name="tanjiu" type="462c0819:PsiDirectoryNode" />
              <item name="service" type="462c0819:PsiDirectoryNode" />
              <item name="export" type="462c0819:PsiDirectoryNode" />
              <item name="impl" type="462c0819:PsiDirectoryNode" />
            </path>
            <path>
              <item name="net-operate-sys-parent" type="b2602c69:ProjectViewProjectNode" />
              <item name="ncenter-servers" type="462c0819:PsiDirectoryNode" />
              <item name="net-operate-sys-api" type="462c0819:PsiDirectoryNode" />
              <item name="src" type="462c0819:PsiDirectoryNode" />
              <item name="main" type="462c0819:PsiDirectoryNode" />
              <item name="resources" type="462c0819:PsiDirectoryNode" />
            </path>
            <path>
              <item name="net-operate-sys-parent" type="b2602c69:ProjectViewProjectNode" />
              <item name="ncenter-servers" type="462c0819:PsiDirectoryNode" />
              <item name="net-operate-sys-api" type="462c0819:PsiDirectoryNode" />
              <item name="src" type="462c0819:PsiDirectoryNode" />
              <item name="main" type="462c0819:PsiDirectoryNode" />
              <item name="resources" type="462c0819:PsiDirectoryNode" />
              <item name="mapper" type="462c0819:PsiDirectoryNode" />
            </path>
            <path>
              <item name="net-operate-sys-parent" type="b2602c69:ProjectViewProjectNode" />
              <item name="ncenter-servers" type="462c0819:PsiDirectoryNode" />
              <item name="net-operate-sys-common" type="462c0819:PsiDirectoryNode" />
            </path>
            <path>
              <item name="net-operate-sys-parent" type="b2602c69:ProjectViewProjectNode" />
              <item name="ncenter-servers" type="462c0819:PsiDirectoryNode" />
              <item name="net-operate-sys-common" type="462c0819:PsiDirectoryNode" />
              <item name="src" type="462c0819:PsiDirectoryNode" />
            </path>
            <path>
              <item name="net-operate-sys-parent" type="b2602c69:ProjectViewProjectNode" />
              <item name="ncenter-servers" type="462c0819:PsiDirectoryNode" />
              <item name="net-operate-sys-common" type="462c0819:PsiDirectoryNode" />
              <item name="src" type="462c0819:PsiDirectoryNode" />
              <item name="main" type="462c0819:PsiDirectoryNode" />
            </path>
            <path>
              <item name="net-operate-sys-parent" type="b2602c69:ProjectViewProjectNode" />
              <item name="ncenter-servers" type="462c0819:PsiDirectoryNode" />
              <item name="net-operate-sys-common" type="462c0819:PsiDirectoryNode" />
              <item name="src" type="462c0819:PsiDirectoryNode" />
              <item name="main" type="462c0819:PsiDirectoryNode" />
              <item name="java" type="462c0819:PsiDirectoryNode" />
            </path>
            <path>
              <item name="net-operate-sys-parent" type="b2602c69:ProjectViewProjectNode" />
              <item name="ncenter-servers" type="462c0819:PsiDirectoryNode" />
              <item name="net-operate-sys-common" type="462c0819:PsiDirectoryNode" />
              <item name="src" type="462c0819:PsiDirectoryNode" />
              <item name="main" type="462c0819:PsiDirectoryNode" />
              <item name="java" type="462c0819:PsiDirectoryNode" />
              <item name="tanjiu" type="462c0819:PsiDirectoryNode" />
            </path>
            <path>
              <item name="net-operate-sys-parent" type="b2602c69:ProjectViewProjectNode" />
              <item name="ncenter-servers" type="462c0819:PsiDirectoryNode" />
              <item name="net-operate-sys-common" type="462c0819:PsiDirectoryNode" />
              <item name="src" type="462c0819:PsiDirectoryNode" />
              <item name="main" type="462c0819:PsiDirectoryNode" />
              <item name="java" type="462c0819:PsiDirectoryNode" />
              <item name="tanjiu" type="462c0819:PsiDirectoryNode" />
              <item name="page" type="462c0819:PsiDirectoryNode" />
            </path>
            <path>
              <item name="net-operate-sys-parent" type="b2602c69:ProjectViewProjectNode" />
              <item name="External Libraries" type="cb654da1:ExternalLibrariesNode" />
            </path>
            <path>
              <item name="net-operate-sys-parent" type="b2602c69:ProjectViewProjectNode" />
              <item name="External Libraries" type="cb654da1:ExternalLibrariesNode" />
              <item name="Maven: io.springfox:springfox-swagger2:2.9.2" type="70bed36:NamedLibraryElementNode" />
            </path>
            <path>
              <item name="net-operate-sys-parent" type="b2602c69:ProjectViewProjectNode" />
              <item name="External Libraries" type="cb654da1:ExternalLibrariesNode" />
              <item name="Maven: io.springfox:springfox-swagger2:2.9.2" type="70bed36:NamedLibraryElementNode" />
              <item name="springfox-swagger2-2.9.2.jar" type="462c0819:PsiDirectoryNode" />
            </path>
            <path>
              <item name="net-operate-sys-parent" type="b2602c69:ProjectViewProjectNode" />
              <item name="External Libraries" type="cb654da1:ExternalLibrariesNode" />
              <item name="Maven: io.springfox:springfox-swagger2:2.9.2" type="70bed36:NamedLibraryElementNode" />
              <item name="springfox-swagger2-2.9.2.jar" type="462c0819:PsiDirectoryNode" />
              <item name="swagger2" type="462c0819:PsiDirectoryNode" />
            </path>
            <path>
              <item name="net-operate-sys-parent" type="b2602c69:ProjectViewProjectNode" />
              <item name="External Libraries" type="cb654da1:ExternalLibrariesNode" />
              <item name="Maven: io.springfox:springfox-swagger2:2.9.2" type="70bed36:NamedLibraryElementNode" />
              <item name="springfox-swagger2-2.9.2.jar" type="462c0819:PsiDirectoryNode" />
              <item name="swagger2" type="462c0819:PsiDirectoryNode" />
              <item name="web" type="462c0819:PsiDirectoryNode" />
            </path>
          </expand>
          <select />
        </subPane>
      </pane>
      <pane id="Scope">
        <subPane subId="Scope 'Project Files'; set:Project Files; class com.intellij.psi.search.scope.ProjectFilesScope">
          <expand>
            <path>
              <item name="net-operate-sys-parent" type="3d21c010:ScopeViewTreeModel$ProjectNode" />
              <item name="net-operate-sys-api" type="2674bda8:ScopeViewTreeModel$GroupNode" />
            </path>
            <path>
              <item name="net-operate-sys-parent" type="3d21c010:ScopeViewTreeModel$ProjectNode" />
              <item name="net-operate-sys-api" type="2674bda8:ScopeViewTreeModel$GroupNode" />
              <item name="src" type="9f88c78c:ScopeViewTreeModel$FileNode" />
            </path>
            <path>
              <item name="net-operate-sys-parent" type="3d21c010:ScopeViewTreeModel$ProjectNode" />
              <item name="net-operate-sys-api" type="2674bda8:ScopeViewTreeModel$GroupNode" />
              <item name="src" type="9f88c78c:ScopeViewTreeModel$FileNode" />
              <item name="main" type="9f88c78c:ScopeViewTreeModel$FileNode" />
            </path>
            <path>
              <item name="net-operate-sys-parent" type="3d21c010:ScopeViewTreeModel$ProjectNode" />
              <item name="net-operate-sys-api" type="2674bda8:ScopeViewTreeModel$GroupNode" />
              <item name="src" type="9f88c78c:ScopeViewTreeModel$FileNode" />
              <item name="main" type="9f88c78c:ScopeViewTreeModel$FileNode" />
              <item name="java" type="9f88c78c:ScopeViewTreeModel$FileNode" />
            </path>
            <path>
              <item name="net-operate-sys-parent" type="3d21c010:ScopeViewTreeModel$ProjectNode" />
              <item name="net-operate-sys-api" type="2674bda8:ScopeViewTreeModel$GroupNode" />
              <item name="src" type="9f88c78c:ScopeViewTreeModel$FileNode" />
              <item name="main" type="9f88c78c:ScopeViewTreeModel$FileNode" />
              <item name="java" type="9f88c78c:ScopeViewTreeModel$FileNode" />
              <item name="com.tanjiu" type="9f88c78c:ScopeViewTreeModel$FileNode" />
            </path>
          </expand>
          <select />
        </subPane>
      </pane>
    </panes>
  </component>
  <component name="TimeTrackingManager">
    <option name="totallyTimeSpent" value="41804000" />
  </component>
  <component name="TodoView">
    <todo-panel id="selected-file">
      <is-autoscroll-to-source value="true" />
    </todo-panel>
    <todo-panel id="all">
      <are-packages-shown value="true" />
      <is-autoscroll-to-source value="true" />
    </todo-panel>
  </component>
  <component name="ToolWindowManager">
    <frame x="-8" y="-8" width="1936" height="1066" extended-state="6" />
    <layout>
      <window_info active="true" content_ui="combo" id="Project" order="0" visible="true" weight="0.20643431" />
      <window_info id="Structure" order="1" side_tool="true" weight="0.25" />
      <window_info id="Web" order="2" side_tool="true" />
      <window_info id="Favorites" order="3" side_tool="true" />
      <window_info anchor="bottom" id="Message" order="0" />
      <window_info anchor="bottom" id="Find" order="1" />
      <window_info anchor="bottom" id="Run" order="2" />
      <window_info anchor="bottom" id="Debug" order="3" sideWeight="0.49839056" weight="0.39055794" />
      <window_info anchor="bottom" id="Cvs" order="4" weight="0.25" />
      <window_info anchor="bottom" id="Inspection" order="5" weight="0.4" />
      <window_info anchor="bottom" id="TODO" order="6" sideWeight="0.49946353" weight="0.32939914" />
      <window_info anchor="bottom" id="Services" order="7" weight="0.32939914" />
      <window_info anchor="bottom" id="Database Changes" order="8" show_stripe_button="false" />
      <window_info anchor="bottom" id="Terminal" order="9" />
      <window_info anchor="bottom" id="Event Log" order="10" sideWeight="0.50160944" side_tool="true" weight="0.21888413" />
      <window_info anchor="bottom" id="Version Control" order="11" weight="0.52896994" />
      <window_info anchor="bottom" id="Build" order="12" weight="0.3004292" />
      <window_info anchor="bottom" id="Java Enterprise" order="13" />
      <window_info anchor="bottom" id="Spring" order="14" sideWeight="0.49892703" weight="0.32939914" />
      <window_info anchor="bottom" id="Messages" order="15" sideWeight="0.49946353" weight="0.32939914" />
      <window_info anchor="right" id="Commander" internal_type="SLIDING" order="0" type="SLIDING" weight="0.4" />
      <window_info anchor="right" id="Ant Build" order="1" weight="0.25" />
      <window_info anchor="right" content_ui="combo" id="Hierarchy" order="2" weight="0.25" />
      <window_info anchor="right" id="Maven" order="3" weight="0.19571045" />
      <window_info anchor="right" id="Database" order="4" weight="0.3297587" />
      <window_info anchor="right" id="Key Promoter X" order="5" />
      <window_info anchor="right" id="Ant" order="6" />
      <window_info anchor="right" id="JSON Utils" order="7" weight="0.15227883" />
      <window_info anchor="right" id="Bean Validation" order="8" />
    </layout>
  </component>
  <component name="editorHistoryManager">
    <entry file="file://$PROJECT_DIR$/net-operate-sys-api/src/main/java/com/tanjiu/config/SwaggerConfig.java">
      <provider selected="true" editor-type-id="text-editor">
        <state relative-caret-position="199">
          <caret line="37" column="77" selection-start-line="37" selection-start-column="77" selection-end-line="37" selection-end-column="77" />
        </state>
      </provider>
    </entry>
    <entry file="file://$PROJECT_DIR$/net-operate-sys-common/src/main/java/com/tanjiu/redis/RedisKey.java">
      <provider selected="true" editor-type-id="text-editor">
        <state relative-caret-position="26">
          <caret line="10" column="12" selection-start-line="10" selection-start-column="12" selection-end-line="10" selection-end-column="12" />
          <folding>
            <element signature="docComment;field#expire#0;class#RedisKey#0" expanded="true" />
          </folding>
        </state>
      </provider>
    </entry>
    <entry file="jar://D:/.m2/org/springframework/data/spring-data-redis/2.2.3.RELEASE/spring-data-redis-2.2.3.RELEASE.jar!/org/springframework/data/redis/serializer/RedisSerializer.class">
      <provider selected="true" editor-type-id="text-editor">
        <state relative-caret-position="189">
          <caret line="29" column="35" selection-start-line="29" selection-start-column="35" selection-end-line="29" selection-end-column="35" />
        </state>
      </provider>
    </entry>
    <entry file="jar://D:/.m2/org/springframework/data/spring-data-redis/2.2.3.RELEASE/spring-data-redis-2.2.3.RELEASE.jar!/org/springframework/data/redis/core/StringRedisTemplate.class">
      <provider selected="true" editor-type-id="text-editor">
        <state relative-caret-position="242">
          <caret line="17" selection-start-line="17" selection-end-line="17" />
        </state>
      </provider>
    </entry>
    <entry file="jar://D:/.m2/org/springframework/data/spring-data-redis/2.2.3.RELEASE/spring-data-redis-2.2.3.RELEASE.jar!/org/springframework/data/redis/core/RedisTemplate.class">
      <provider selected="true" editor-type-id="text-editor">
        <state relative-caret-position="355">
          <caret line="86" selection-start-line="86" selection-end-line="86" />
        </state>
      </provider>
    </entry>
    <entry file="file://$PROJECT_DIR$/net-operate-sys-api/pom.xml">
      <provider selected="true" editor-type-id="text-editor">
        <state relative-caret-position="534">
          <caret line="70" column="21" selection-start-line="55" selection-start-column="8" selection-end-line="70" selection-end-column="21" />
        </state>
      </provider>
    </entry>
    <entry file="file://$PROJECT_DIR$/net-operate-sys-common/pom.xml">
      <provider selected="true" editor-type-id="text-editor">
        <state relative-caret-position="546">
          <caret line="25" lean-forward="true" selection-start-line="25" selection-end-line="25" />
        </state>
      </provider>
    </entry>
    <entry file="file://$PROJECT_DIR$/net-operate-sys-api/src/main/java/com/tanjiu/config/localUtils/ActivityUtil.java">
      <provider selected="true" editor-type-id="text-editor">
        <state relative-caret-position="495">
          <caret line="29" column="37" selection-start-line="29" selection-start-column="29" selection-end-line="29" selection-end-column="37" />
          <folding>
            <element signature="imports" expanded="true" />
            <element signature="docComment;method#getPriceMoney#0;class#ActivityUtil#0" expanded="true" />
            <element signature="docComment;method#getMoney#0;class#ActivityUtil#0" expanded="true" />
          </folding>
        </state>
      </provider>
    </entry>
    <entry file="file://$PROJECT_DIR$/net-operate-sys-api/src/main/java/com/tanjiu/config/localUtils/LocalPeriod.java">
      <provider selected="true" editor-type-id="text-editor" />
    </entry>
    <entry file="file://$PROJECT_DIR$/net-operate-sys-api/src/main/java/com/tanjiu/config/localUtils/LocalDateUtil.java">
      <provider selected="true" editor-type-id="text-editor">
        <state relative-caret-position="532">
          <caret line="87" column="20" lean-forward="true" selection-start-line="87" selection-start-column="20" selection-end-line="87" selection-end-column="20" />
        </state>
      </provider>
    </entry>
    <entry file="file://$PROJECT_DIR$/net-operate-sys-api/src/main/resources/datasource.xml">
      <provider selected="true" editor-type-id="text-editor">
        <state relative-caret-position="296">
          <caret line="16" column="43" lean-forward="true" selection-start-line="16" selection-start-column="43" selection-end-line="16" selection-end-column="43" />
        </state>
      </provider>
    </entry>
    <entry file="file://$PROJECT_DIR$/net-operate-sys-common/src/main/java/com/tanjiu/redis/RedisService.java">
      <provider selected="true" editor-type-id="text-editor">
        <state relative-caret-position="58">
          <caret line="22" column="40" selection-start-line="22" selection-start-column="40" selection-end-line="22" selection-end-column="40" />
        </state>
      </provider>
    </entry>
    <entry file="file://$PROJECT_DIR$/net-operate-sys-api/src/main/java/com/tanjiu/config/interceptor/MvcInterceptorConfig.java">
      <provider selected="true" editor-type-id="text-editor">
        <state relative-caret-position="562">
          <caret line="45" column="71" lean-forward="true" selection-start-line="45" selection-start-column="71" selection-end-line="45" selection-end-column="71" />
        </state>
      </provider>
    </entry>
    <entry file="file://$PROJECT_DIR$/net-operate-sys-api/src/main/java/com/tanjiu/config/interceptor/ExposedFree.java">
      <provider selected="true" editor-type-id="text-editor">
        <state relative-caret-position="154">
          <caret line="15" column="22" selection-start-line="15" selection-start-column="22" selection-end-line="15" selection-end-column="22" />
        </state>
      </provider>
    </entry>
    <entry file="file://$PROJECT_DIR$/net-operate-sys-api/src/main/java/com/tanjiu/aspect/CacheAspect.java">
      <provider selected="true" editor-type-id="text-editor">
        <state relative-caret-position="594">
          <caret line="42" column="34" selection-start-line="42" selection-start-column="34" selection-end-line="42" selection-end-column="34" />
        </state>
      </provider>
    </entry>
    <entry file="file://$PROJECT_DIR$/net-operate-sys-api/src/main/java/com/tanjiu/aspect/ExecutionTimeAspect.java">
      <provider selected="true" editor-type-id="text-editor">
        <state relative-caret-position="176">
          <caret line="24" column="13" selection-start-line="24" selection-start-column="13" selection-end-line="24" selection-end-column="13" />
        </state>
      </provider>
    </entry>
    <entry file="file://$PROJECT_DIR$/net-operate-sys-api/src/main/java/com/tanjiu/aspect/RedisCache.java">
      <provider selected="true" editor-type-id="text-editor">
        <state relative-caret-position="198">
          <caret line="19" column="9" selection-start-line="19" selection-start-column="9" selection-end-line="19" selection-end-column="9" />
        </state>
      </provider>
    </entry>
    <entry file="file://$PROJECT_DIR$/net-operate-sys-api/src/main/java/com/tanjiu/aspect/SelectDataSource.java">
      <provider selected="true" editor-type-id="text-editor">
        <state relative-caret-position="176">
          <caret line="13" column="18" selection-start-line="13" selection-start-column="18" selection-end-line="13" selection-end-column="18" />
        </state>
      </provider>
    </entry>
    <entry file="file://$PROJECT_DIR$/net-operate-sys-api/src/main/java/com/tanjiu/aspect/DynamicDataSourceAspect.java">
      <provider selected="true" editor-type-id="text-editor">
        <state relative-caret-position="264">
          <caret line="30" column="53" selection-start-line="30" selection-start-column="32" selection-end-line="30" selection-end-column="53" />
        </state>
      </provider>
    </entry>
    <entry file="file://$PROJECT_DIR$/net-operate-sys-api/src/main/java/com/tanjiu/config/datasource/DataSourceConfig.java">
      <provider selected="true" editor-type-id="text-editor">
        <state relative-caret-position="198">
          <caret line="32" column="20" selection-start-line="32" selection-start-column="19" selection-end-line="32" selection-end-column="20" />
        </state>
      </provider>
    </entry>
    <entry file="file://$PROJECT_DIR$/net-operate-sys-api/src/main/java/com/tanjiu/config/datasource/DynamicDataSource.java">
      <provider selected="true" editor-type-id="text-editor">
        <state relative-caret-position="110">
          <caret line="13" column="13" selection-start-line="13" selection-start-column="13" selection-end-line="13" selection-end-column="13" />
        </state>
      </provider>
    </entry>
    <entry file="file://$PROJECT_DIR$/net-operate-sys-api/src/main/java/com/tanjiu/config/datasource/DynamicDataSourceContextHolder.java">
      <provider selected="true" editor-type-id="text-editor">
        <state relative-caret-position="58">
          <caret line="12" column="13" selection-start-line="12" selection-start-column="13" selection-end-line="12" selection-end-column="13" />
        </state>
      </provider>
    </entry>
    <entry file="file://$PROJECT_DIR$/net-operate-sys-api/src/main/java/com/tanjiu/config/interceptor/AuthorizationInterceptor.java">
      <provider selected="true" editor-type-id="text-editor">
        <state relative-caret-position="84">
          <caret line="54" column="41" selection-start-line="54" selection-start-column="41" selection-end-line="54" selection-end-column="41" />
        </state>
      </provider>
    </entry>
    <entry file="file://$PROJECT_DIR$/net-operate-sys-api/src/main/java/com/tanjiu/config/FJsonConfig.java">
      <provider selected="true" editor-type-id="text-editor">
        <state relative-caret-position="132">
          <caret line="21" column="13" selection-start-line="21" selection-start-column="13" selection-end-line="21" selection-end-column="13" />
        </state>
      </provider>
    </entry>
    <entry file="file://$PROJECT_DIR$/net-operate-sys-api/src/main/java/com/tanjiu/controller/area/AreaController.java">
      <provider selected="true" editor-type-id="text-editor">
        <state relative-caret-position="418">
          <caret line="37" column="38" selection-start-line="37" selection-start-column="38" selection-end-line="37" selection-end-column="38" />
        </state>
      </provider>
    </entry>
    <entry file="file://$PROJECT_DIR$/net-operate-sys-api/src/main/java/com/tanjiu/vo/dashboard/trend/AreaRanking.java">
      <provider selected="true" editor-type-id="text-editor">
        <state relative-caret-position="-96">
          <caret line="10" column="13" selection-start-line="10" selection-start-column="13" selection-end-line="10" selection-end-column="13" />
        </state>
      </provider>
    </entry>
    <entry file="file://$PROJECT_DIR$/net-operate-sys-api/src/main/java/com/tanjiu/dao/branch/AreaMapper.java">
      <provider selected="true" editor-type-id="text-editor">
        <state relative-caret-position="374">
          <caret line="24" column="15" lean-forward="true" selection-start-line="24" selection-start-column="15" selection-end-line="24" selection-end-column="15" />
        </state>
      </provider>
    </entry>
    <entry file="file://$PROJECT_DIR$/net-operate-sys-api/src/main/resources/mapper/branch/AreaMapper.xml">
      <provider selected="true" editor-type-id="text-editor">
        <state relative-caret-position="246">
          <caret line="119" column="49" lean-forward="true" selection-start-line="119" selection-start-column="49" selection-end-line="119" selection-end-column="49" />
        </state>
      </provider>
    </entry>
    <entry file="file://$PROJECT_DIR$/net-operate-sys-api/src/main/java/com/tanjiu/vo/area/AreaEntity.java">
      <provider selected="true" editor-type-id="text-editor">
        <state relative-caret-position="66">
          <caret line="8" column="13" selection-start-line="8" selection-start-column="13" selection-end-line="8" selection-end-column="13" />
        </state>
      </provider>
    </entry>
    <entry file="file://$PROJECT_DIR$/net-operate-sys-api/src/main/java/com/tanjiu/service/area/impl/AreaServiceImpl.java">
      <provider selected="true" editor-type-id="text-editor">
        <state relative-caret-position="110">
          <caret line="11" column="29" lean-forward="true" selection-start-line="11" selection-start-column="29" selection-end-line="11" selection-end-column="29" />
        </state>
      </provider>
    </entry>
    <entry file="file://$PROJECT_DIR$/net-operate-sys-api/src/main/java/com/tanjiu/service/area/AreaService.java">
      <provider selected="true" editor-type-id="text-editor">
        <state relative-caret-position="132">
          <caret line="8" column="21" selection-start-line="8" selection-start-column="21" selection-end-line="8" selection-end-column="21" />
        </state>
      </provider>
    </entry>
    <entry file="file://$PROJECT_DIR$/net-operate-sys-api/src/main/java/com/tanjiu/service/baidustat/BaiduStatService.java">
      <provider selected="true" editor-type-id="text-editor">
        <state relative-caret-position="220">
          <caret line="12" selection-start-line="12" selection-end-line="12" />
          <folding>
            <element signature="docComment;method#getUV#0;class#BaiduStatService#0" expanded="true" />
          </folding>
        </state>
      </provider>
    </entry>
    <entry file="file://$PROJECT_DIR$/net-operate-sys-api/src/main/java/com/tanjiu/service/baidustat/impl/BaiduStatServiceImpl.java">
      <provider selected="true" editor-type-id="text-editor">
        <state relative-caret-position="608">
          <caret line="74" column="42" selection-start-line="74" selection-start-column="36" selection-end-line="74" selection-end-column="42" />
        </state>
      </provider>
    </entry>
    <entry file="file://$PROJECT_DIR$/net-operate-sys-api/src/main/java/com/tanjiu/service/bond/impl/BondServiceImpl.java">
      <provider selected="true" editor-type-id="text-editor">
        <state relative-caret-position="528">
          <caret line="38" column="45" selection-start-line="38" selection-start-column="45" selection-end-line="38" selection-end-column="45" />
        </state>
      </provider>
    </entry>
    <entry file="file://$PROJECT_DIR$/net-operate-sys-api/src/main/java/com/tanjiu/dao/bond/BondTransactionMapper.java">
      <provider selected="true" editor-type-id="text-editor">
        <state relative-caret-position="286">
          <caret line="24" column="12" selection-start-line="24" selection-start-column="12" selection-end-line="24" selection-end-column="12" />
        </state>
      </provider>
    </entry>
    <entry file="file://$PROJECT_DIR$/net-operate-sys-api/src/main/resources/mapper/bond/BondTransactionMapper.xml">
      <provider selected="true" editor-type-id="text-editor">
        <state relative-caret-position="-400">
          <caret line="64" column="4" selection-start-line="64" selection-start-column="4" selection-end-line="64" selection-end-column="4" />
        </state>
      </provider>
    </entry>
    <entry file="file://$PROJECT_DIR$/net-operate-sys-api/src/main/resources/mapper/branch/BranchAgreementMapper.xml">
      <provider selected="true" editor-type-id="text-editor">
        <state relative-caret-position="342">
          <caret line="41" column="14" lean-forward="true" selection-start-line="41" selection-start-column="14" selection-end-line="41" selection-end-column="14" />
        </state>
      </provider>
    </entry>
    <entry file="file://$PROJECT_DIR$/net-operate-sys-api/src/main/resources/mapper/branch/BranchProductAgreementMapper.xml">
      <provider selected="true" editor-type-id="text-editor">
        <state relative-caret-position="-280" />
      </provider>
    </entry>
    <entry file="file://$PROJECT_DIR$/net-operate-sys-api/src/main/resources/application-test.yaml">
      <provider selected="true" editor-type-id="text-editor">
        <state relative-caret-position="496">
          <caret line="29" column="12" selection-start-line="29" selection-start-column="2" selection-end-line="29" selection-end-column="12" />
        </state>
      </provider>
    </entry>
    <entry file="file://$PROJECT_DIR$/net-operate-sys-api/src/main/resources/application-pro.yaml">
      <provider selected="true" editor-type-id="text-editor">
        <state relative-caret-position="-224" />
      </provider>
    </entry>
    <entry file="file://$PROJECT_DIR$/net-operate-sys-api/src/main/resources/application-dev.yaml">
      <provider selected="true" editor-type-id="text-editor">
        <state relative-caret-position="-52">
          <caret line="13" column="17" selection-start-line="13" selection-start-column="17" selection-end-line="13" selection-end-column="17" />
        </state>
      </provider>
    </entry>
    <entry file="file://$PROJECT_DIR$/net-operate-sys-api/src/main/resources/logback-spring.xml">
      <provider selected="true" editor-type-id="text-editor">
        <state relative-caret-position="215">
          <caret line="75" column="38" selection-start-line="75" selection-start-column="38" selection-end-line="75" selection-end-column="38" />
        </state>
      </provider>
    </entry>
    <entry file="file://$PROJECT_DIR$/net-operate-sys-api/src/main/resources/mapper/activity/ActivityMapper.xml">
      <provider selected="true" editor-type-id="text-editor">
        <state relative-caret-position="3938">
          <caret line="179" column="16" selection-start-line="179" selection-start-column="16" selection-end-line="179" selection-end-column="16" />
        </state>
      </provider>
    </entry>
    <entry file="file://$PROJECT_DIR$/net-operate-sys-api/src/main/resources/mapper/activity/ActivityWeinxinOrderMapper.xml">
      <provider selected="true" editor-type-id="text-editor" />
    </entry>
    <entry file="file://$PROJECT_DIR$/net-operate-sys-api/src/main/java/com/tanjiu/service/dashboard/ActivityDashBoardService.java">
      <provider selected="true" editor-type-id="text-editor">
        <state>
          <caret line="13" column="17" selection-start-line="13" selection-start-column="17" selection-end-line="13" selection-end-column="17" />
        </state>
      </provider>
    </entry>
    <entry file="file://$PROJECT_DIR$/net-operate-sys-api/src/main/java/com/tanjiu/service/dashboard/impl/ActivityDashBoardServiceImpl.java">
      <provider selected="true" editor-type-id="text-editor">
        <state>
          <caret line="33" column="32" selection-start-line="33" selection-start-column="32" selection-end-line="33" selection-end-column="32" />
        </state>
      </provider>
    </entry>
    <entry file="file://$PROJECT_DIR$/net-operate-sys-api/src/main/java/com/tanjiu/controller/dashboard/ActivityDashBoardController.java">
      <provider selected="true" editor-type-id="text-editor">
        <state>
          <caret line="145" column="27" selection-start-line="145" selection-start-column="19" selection-end-line="145" selection-end-column="27" />
        </state>
      </provider>
    </entry>
    <entry file="file://$PROJECT_DIR$/net-operate-sys-api/src/main/java/com/tanjiu/controller/dashboard/DashBoardController.java">
      <provider selected="true" editor-type-id="text-editor">
        <state>
          <caret line="184" column="39" selection-start-line="184" selection-start-column="39" selection-end-line="184" selection-end-column="39" />
        </state>
      </provider>
    </entry>
    <entry file="file://$PROJECT_DIR$/net-operate-sys-api/src/main/java/com/tanjiu/controller/activity/ActivityController.java">
      <provider selected="true" editor-type-id="text-editor">
        <state relative-caret-position="-8">
          <caret line="33" column="13" selection-start-line="33" selection-start-column="13" selection-end-line="33" selection-end-column="13" />
        </state>
      </provider>
    </entry>
    <entry file="file://$PROJECT_DIR$/net-operate-sys-api/src/main/java/com/tanjiu/config/localUtils/ComputeUtil.java">
      <provider selected="true" editor-type-id="text-editor">
        <state relative-caret-position="290">
          <caret line="54" column="9" selection-start-line="54" selection-start-column="9" selection-end-line="54" selection-end-column="9" />
        </state>
      </provider>
    </entry>
    <entry file="file://$PROJECT_DIR$/net-operate-sys-api/src/main/java/com/tanjiu/NetOperateSysApiApplication.java">
      <provider selected="true" editor-type-id="text-editor">
        <state relative-caret-position="168">
          <caret line="10" column="13" selection-start-line="10" selection-start-column="13" selection-end-line="10" selection-end-column="13" />
        </state>
      </provider>
    </entry>
  </component>
</project>