<project version="4">
  <component name="FileEditorManager">
    <leaf>
      <file pinned="false" current-in-tab="true">
        <entry file="file://$PROJECT_DIR$/clue-manage-sys-api/src/main/java/com/tanjiu/controller/clue/ClueController.java">
          <provider selected="true" editor-type-id="text-editor">
            <state relative-caret-position="53">
              <caret line="53" selection-start-line="53" selection-end-line="53" />
              <folding>
                <element signature="imports" expanded="true" />
              </folding>
            </state>
          </provider>
        </entry>
      </file>
    </leaf>
  </component>
  <component name="FindInProjectRecents">
    <findStrings>
      <find>foreach</find>
      <find>import com.tanjiu.util.DateUtil;</find>
      <find>import com.tanjiu.exception.BusinessException;</find>
      <find>ClueController</find>
    </findStrings>
    <replaceStrings>
      <replace />
    </replaceStrings>
  </component>
  <component name="IdeDocumentHistory">
    <option name="CHANGED_PATHS">
      <list>
        <option value="$PROJECT_DIR$/clue-manage-sys-api/src/main/java/com/tanjiu/service/ClueFollowInfoService.java" />
        <option value="$PROJECT_DIR$/clue-manage-sys-api/src/main/java/com/tanjiu/service/clue/ClueFollowInfoServiceImpl.java" />
        <option value="$PROJECT_DIR$/clue-manage-sys-api/src/main/java/com/tanjiu/dao/clue/TClueFollowInfoMapper.java" />
        <option value="$PROJECT_DIR$/clue-manage-sys-api/src/main/resources/mapper/clue/TClueFollowInfoMapper.xml" />
        <option value="$PROJECT_DIR$/clue-manage-sys-api/src/main/java/com/tanjiu/service/export/ExportBaseService.java" />
        <option value="$PROJECT_DIR$/clue-manage-sys-api/src/main/java/com/tanjiu/vo/clue/TClue.java" />
        <option value="$PROJECT_DIR$/clue-manage-sys-api/src/main/java/com/tanjiu/vo/clue/TClueExport.java" />
        <option value="$PROJECT_DIR$/clue-manage-sys-api/src/main/java/com/tanjiu/dao/clue/TClueMapper.java" />
        <option value="$PROJECT_DIR$/clue-manage-sys-api/src/main/resources/mapper/clue/TClueMapper.xml" />
        <option value="$PROJECT_DIR$/commons/src/main/java/com/tanjiu/commons/localUtils/ComputeUtil.java" />
        <option value="$PROJECT_DIR$/pom.xml" />
        <option value="$PROJECT_DIR$/commons/pom.xml" />
        <option value="$PROJECT_DIR$/commons/src/main/java/com/tanjiu/commons/redis/RedisService.java" />
        <option value="$PROJECT_DIR$/commons/src/main/java/com/tanjiu/commons/http/HttpSender.java" />
        <option value="$PROJECT_DIR$/clue-manage-sys-api/src/main/java/com/tanjiu/aspect/CacheAspect.java" />
        <option value="$PROJECT_DIR$/clue-manage-sys-api/src/main/resources/application-test.yaml" />
        <option value="$PROJECT_DIR$/clue-manage-sys-api/src/main/java/com/tanjiu/service/ClueService.java" />
        <option value="$PROJECT_DIR$/clue-manage-sys-api/src/main/java/com/tanjiu/service/export/ClueExportServiceImpl.java" />
        <option value="$PROJECT_DIR$/clue-manage-sys-api/src/main/java/com/tanjiu/service/clue/ClueServiceImpl.java" />
        <option value="$PROJECT_DIR$/clue-manage-sys-api/src/main/java/com/tanjiu/controller/SuperController.java" />
        <option value="$PROJECT_DIR$/clue-manage-sys-api/src/main/java/com/tanjiu/vo/Period.java" />
        <option value="$PROJECT_DIR$/clue-manage-sys-api/src/main/java/com/tanjiu/controller/clue/ClueController.java" />
        <option value="$PROJECT_DIR$/clue-manage-sys-api/src/main/java/com/tanjiu/config/interceptor/AuthorizationInterceptor.java" />
        <option value="$PROJECT_DIR$/commons/src/main/java/com/tanjiu/commons/voutils/Period.java" />
        <option value="$PROJECT_DIR$/clue-manage-sys-api/src/main/java/com/tanjiu/vo/clue/ro/ClueRo.java" />
        <option value="$PROJECT_DIR$/clue-manage-sys-api/src/main/java/com/tanjiu/vo/clue/ro/ClueFollowerRo.java" />
        <option value="$PROJECT_DIR$/clue-manage-sys-api/src/main/java/com/tanjiu/vo/clue/ro/ClueFollowInfoRo.java" />
        <option value="$PROJECT_DIR$/clue-manage-sys-api/src/main/java/com/tanjiu/controller/export/ExportController.java" />
        <option value="$PROJECT_DIR$/clue-manage-sys-api/src/main/java/com/tanjiu/vo/export/ExportHeader.java" />
        <option value="$PROJECT_DIR$/clue-manage-sys-api/src/main/java/com/tanjiu/vo/export/PointListHeader.java" />
        <option value="$PROJECT_DIR$/clue-manage-sys-api/src/main/java/com/tanjiu/vo/clue/ClueStatus.java" />
      </list>
    </option>
  </component>
  <component name="MavenProjectNavigator">
    <treeState>
      <expand />
      <select />
    </treeState>
  </component>
  <component name="ProjectFrameBounds">
    <option name="width" value="1920" />
    <option name="height" value="1050" />
  </component>
  <component name="ProjectView">
    <navigator proportions="" version="1">
      <foldersAlwaysOnTop value="true" />
    </navigator>
    <panes>
      <pane id="ProjectPane">
        <subPane>
          <expand>
            <path>
              <item name="clue-manage-sys-parent" type="b2602c69:ProjectViewProjectNode" />
              <item name="clue-manage" type="462c0819:PsiDirectoryNode" />
            </path>
            <path>
              <item name="clue-manage-sys-parent" type="b2602c69:ProjectViewProjectNode" />
              <item name="clue-manage" type="462c0819:PsiDirectoryNode" />
              <item name="clue-manage-sys-api" type="462c0819:PsiDirectoryNode" />
            </path>
            <path>
              <item name="clue-manage-sys-parent" type="b2602c69:ProjectViewProjectNode" />
              <item name="clue-manage" type="462c0819:PsiDirectoryNode" />
              <item name="clue-manage-sys-api" type="462c0819:PsiDirectoryNode" />
              <item name="src" type="462c0819:PsiDirectoryNode" />
            </path>
            <path>
              <item name="clue-manage-sys-parent" type="b2602c69:ProjectViewProjectNode" />
              <item name="clue-manage" type="462c0819:PsiDirectoryNode" />
              <item name="clue-manage-sys-api" type="462c0819:PsiDirectoryNode" />
              <item name="src" type="462c0819:PsiDirectoryNode" />
              <item name="main" type="462c0819:PsiDirectoryNode" />
            </path>
            <path>
              <item name="clue-manage-sys-parent" type="b2602c69:ProjectViewProjectNode" />
              <item name="clue-manage" type="462c0819:PsiDirectoryNode" />
              <item name="clue-manage-sys-api" type="462c0819:PsiDirectoryNode" />
              <item name="src" type="462c0819:PsiDirectoryNode" />
              <item name="main" type="462c0819:PsiDirectoryNode" />
              <item name="java" type="462c0819:PsiDirectoryNode" />
            </path>
            <path>
              <item name="clue-manage-sys-parent" type="b2602c69:ProjectViewProjectNode" />
              <item name="clue-manage" type="462c0819:PsiDirectoryNode" />
              <item name="clue-manage-sys-api" type="462c0819:PsiDirectoryNode" />
              <item name="src" type="462c0819:PsiDirectoryNode" />
              <item name="main" type="462c0819:PsiDirectoryNode" />
              <item name="java" type="462c0819:PsiDirectoryNode" />
              <item name="tanjiu" type="462c0819:PsiDirectoryNode" />
            </path>
            <path>
              <item name="clue-manage-sys-parent" type="b2602c69:ProjectViewProjectNode" />
              <item name="clue-manage" type="462c0819:PsiDirectoryNode" />
              <item name="clue-manage-sys-api" type="462c0819:PsiDirectoryNode" />
              <item name="src" type="462c0819:PsiDirectoryNode" />
              <item name="main" type="462c0819:PsiDirectoryNode" />
              <item name="java" type="462c0819:PsiDirectoryNode" />
              <item name="tanjiu" type="462c0819:PsiDirectoryNode" />
              <item name="config" type="462c0819:PsiDirectoryNode" />
            </path>
            <path>
              <item name="clue-manage-sys-parent" type="b2602c69:ProjectViewProjectNode" />
              <item name="clue-manage" type="462c0819:PsiDirectoryNode" />
              <item name="clue-manage-sys-api" type="462c0819:PsiDirectoryNode" />
              <item name="src" type="462c0819:PsiDirectoryNode" />
              <item name="main" type="462c0819:PsiDirectoryNode" />
              <item name="java" type="462c0819:PsiDirectoryNode" />
              <item name="tanjiu" type="462c0819:PsiDirectoryNode" />
              <item name="config" type="462c0819:PsiDirectoryNode" />
              <item name="interceptor" type="462c0819:PsiDirectoryNode" />
            </path>
            <path>
              <item name="clue-manage-sys-parent" type="b2602c69:ProjectViewProjectNode" />
              <item name="clue-manage" type="462c0819:PsiDirectoryNode" />
              <item name="clue-manage-sys-api" type="462c0819:PsiDirectoryNode" />
              <item name="src" type="462c0819:PsiDirectoryNode" />
              <item name="main" type="462c0819:PsiDirectoryNode" />
              <item name="java" type="462c0819:PsiDirectoryNode" />
              <item name="tanjiu" type="462c0819:PsiDirectoryNode" />
              <item name="controller" type="462c0819:PsiDirectoryNode" />
            </path>
            <path>
              <item name="clue-manage-sys-parent" type="b2602c69:ProjectViewProjectNode" />
              <item name="clue-manage" type="462c0819:PsiDirectoryNode" />
              <item name="clue-manage-sys-api" type="462c0819:PsiDirectoryNode" />
              <item name="src" type="462c0819:PsiDirectoryNode" />
              <item name="main" type="462c0819:PsiDirectoryNode" />
              <item name="java" type="462c0819:PsiDirectoryNode" />
              <item name="tanjiu" type="462c0819:PsiDirectoryNode" />
              <item name="controller" type="462c0819:PsiDirectoryNode" />
              <item name="clue" type="462c0819:PsiDirectoryNode" />
            </path>
            <path>
              <item name="clue-manage-sys-parent" type="b2602c69:ProjectViewProjectNode" />
              <item name="clue-manage" type="462c0819:PsiDirectoryNode" />
              <item name="commons" type="462c0819:PsiDirectoryNode" />
            </path>
            <path>
              <item name="clue-manage-sys-parent" type="b2602c69:ProjectViewProjectNode" />
              <item name="clue-manage" type="462c0819:PsiDirectoryNode" />
              <item name="commons" type="462c0819:PsiDirectoryNode" />
              <item name="src" type="462c0819:PsiDirectoryNode" />
            </path>
            <path>
              <item name="clue-manage-sys-parent" type="b2602c69:ProjectViewProjectNode" />
              <item name="clue-manage" type="462c0819:PsiDirectoryNode" />
              <item name="commons" type="462c0819:PsiDirectoryNode" />
              <item name="src" type="462c0819:PsiDirectoryNode" />
              <item name="main" type="462c0819:PsiDirectoryNode" />
            </path>
            <path>
              <item name="clue-manage-sys-parent" type="b2602c69:ProjectViewProjectNode" />
              <item name="clue-manage" type="462c0819:PsiDirectoryNode" />
              <item name="commons" type="462c0819:PsiDirectoryNode" />
              <item name="src" type="462c0819:PsiDirectoryNode" />
              <item name="main" type="462c0819:PsiDirectoryNode" />
              <item name="java" type="462c0819:PsiDirectoryNode" />
            </path>
            <path>
              <item name="clue-manage-sys-parent" type="b2602c69:ProjectViewProjectNode" />
              <item name="clue-manage" type="462c0819:PsiDirectoryNode" />
              <item name="commons" type="462c0819:PsiDirectoryNode" />
              <item name="src" type="462c0819:PsiDirectoryNode" />
              <item name="main" type="462c0819:PsiDirectoryNode" />
              <item name="java" type="462c0819:PsiDirectoryNode" />
              <item name="commons" type="462c0819:PsiDirectoryNode" />
            </path>
            <path>
              <item name="clue-manage-sys-parent" type="b2602c69:ProjectViewProjectNode" />
              <item name="External Libraries" type="cb654da1:ExternalLibrariesNode" />
            </path>
          </expand>
          <select />
        </subPane>
      </pane>
      <pane id="PackagesPane" />
      <pane id="Scope" />
    </panes>
  </component>
  <component name="TimeTrackingManager">
    <option name="totallyTimeSpent" value="25272000" />
  </component>
  <component name="TodoView">
    <todo-panel id="selected-file">
      <is-autoscroll-to-source value="true" />
    </todo-panel>
    <todo-panel id="all">
      <are-packages-shown value="true" />
      <is-autoscroll-to-source value="true" />
    </todo-panel>
  </component>
  <component name="ToolWindowManager">
    <frame x="0" y="0" width="1920" height="1050" extended-state="0" />
    <layout>
      <window_info content_ui="combo" id="Project" order="0" visible="true" weight="0.26421225" />
      <window_info id="Structure" order="1" side_tool="true" weight="0.25" />
      <window_info id="Web" order="2" side_tool="true" />
      <window_info id="Favorites" order="3" side_tool="true" />
      <window_info anchor="bottom" id="Message" order="0" />
      <window_info anchor="bottom" id="Find" order="1" />
      <window_info anchor="bottom" id="Run" order="2" weight="0.2099567" />
      <window_info anchor="bottom" id="Debug" order="3" sideWeight="0.49946353" weight="0.41450217" />
      <window_info anchor="bottom" id="Cvs" order="4" weight="0.25" />
      <window_info anchor="bottom" id="Inspection" order="5" weight="0.4" />
      <window_info anchor="bottom" id="TODO" order="6" weight="0.32939914" />
      <window_info anchor="bottom" id="Services" order="7" />
      <window_info anchor="bottom" id="Version Control" order="8" weight="0.4967811" />
      <window_info anchor="bottom" id="Problems" order="9" />
      <window_info anchor="bottom" id="Spring" order="10" />
      <window_info anchor="bottom" id="Database Changes" order="11" />
      <window_info anchor="bottom" id="Terminal" order="12" />
      <window_info anchor="bottom" id="Event Log" order="13" sideWeight="0.5005365" side_tool="true" weight="0.54291844" />
      <window_info anchor="bottom" id="Build" order="14" />
      <window_info anchor="bottom" id="Java Enterprise" order="15" />
      <window_info anchor="bottom" id="Messages" order="16" weight="0.32900432" />
      <window_info anchor="right" id="Commander" internal_type="SLIDING" order="0" type="SLIDING" weight="0.4" />
      <window_info anchor="right" id="Ant Build" order="1" weight="0.25" />
      <window_info anchor="right" content_ui="combo" id="Hierarchy" order="2" weight="0.25" />
      <window_info active="true" anchor="right" id="Maven" order="3" visible="true" weight="0.33188954" />
      <window_info anchor="right" id="Database" order="4" />
      <window_info anchor="right" id="Ant" order="5" />
      <window_info anchor="right" id="Key Promoter X" order="6" />
      <window_info anchor="right" id="Bean Validation" order="7" />
      <window_info anchor="right" id="JSON Utils" order="8" />
    </layout>
  </component>
  <component name="editorHistoryManager">
    <entry file="file://$PROJECT_DIR$/commons/src/main/java/com/tanjiu/commons/redis/RedisKey.java">
      <provider selected="true" editor-type-id="text-editor">
        <state relative-caret-position="110">
          <caret line="10" column="12" selection-start-line="10" selection-start-column="12" selection-end-line="10" selection-end-column="12" />
        </state>
      </provider>
    </entry>
    <entry file="file://$PROJECT_DIR$/commons/src/main/java/com/tanjiu/commons/http/HttpSender.java">
      <provider selected="true" editor-type-id="text-editor">
        <state relative-caret-position="198">
          <caret line="27" lean-forward="true" selection-start-line="27" selection-end-line="27" />
        </state>
      </provider>
    </entry>
    <entry file="file://$PROJECT_DIR$/clue-manage-sys-common/src/main/java/com/tanjiu/file/OssCredentials.java">
      <provider selected="true" editor-type-id="text-editor">
        <state relative-caret-position="132">
          <caret line="13" column="13" selection-start-line="13" selection-start-column="13" selection-end-line="13" selection-end-column="13" />
        </state>
      </provider>
    </entry>
    <entry file="file://$PROJECT_DIR$/commons/src/main/java/com/tanjiu/commons/voutils/BusinessException.java">
      <provider selected="true" editor-type-id="text-editor">
        <state relative-caret-position="110">
          <caret line="10" column="13" selection-start-line="10" selection-start-column="13" selection-end-line="10" selection-end-column="13" />
        </state>
      </provider>
    </entry>
    <entry file="file://$PROJECT_DIR$/commons/src/main/java/com/tanjiu/commons/voutils/DateUtil.java">
      <provider selected="true" editor-type-id="text-editor">
        <state relative-caret-position="110">
          <caret line="12" column="13" selection-start-line="12" selection-start-column="13" selection-end-line="12" selection-end-column="13" />
        </state>
      </provider>
    </entry>
    <entry file="file://$PROJECT_DIR$/commons/src/main/java/com/tanjiu/commons/voutils/Paging.java">
      <provider selected="true" editor-type-id="text-editor">
        <state relative-caret-position="132">
          <caret line="12" column="13" selection-start-line="12" selection-start-column="13" selection-end-line="12" selection-end-column="13" />
        </state>
      </provider>
    </entry>
    <entry file="file://$PROJECT_DIR$/clue-manage-sys-api/src/main/java/com/tanjiu/aspect/CacheAspect.java">
      <provider selected="true" editor-type-id="text-editor">
        <state relative-caret-position="488">
          <caret line="47" lean-forward="true" selection-start-line="47" selection-end-line="47" />
          <folding>
            <element signature="imports" expanded="true" />
          </folding>
        </state>
      </provider>
    </entry>
    <entry file="file://$PROJECT_DIR$/clue-manage-sys-api/src/main/java/com/tanjiu/aspect/DynamicDataSourceAspect.java">
      <provider selected="true" editor-type-id="text-editor">
        <state relative-caret-position="176">
          <caret line="24" column="13" selection-start-line="24" selection-start-column="13" selection-end-line="24" selection-end-column="13" />
        </state>
      </provider>
    </entry>
    <entry file="file://$PROJECT_DIR$/clue-manage-sys-api/src/main/java/com/tanjiu/aspect/ExecutionTimeAspect.java">
      <provider selected="true" editor-type-id="text-editor">
        <state relative-caret-position="176">
          <caret line="24" column="13" selection-start-line="24" selection-start-column="13" selection-end-line="24" selection-end-column="13" />
        </state>
      </provider>
    </entry>
    <entry file="file://$PROJECT_DIR$/clue-manage-sys-api/src/main/java/com/tanjiu/aspect/RedisCache.java">
      <provider selected="true" editor-type-id="text-editor">
        <state relative-caret-position="154">
          <caret line="17" column="18" selection-start-line="17" selection-start-column="18" selection-end-line="17" selection-end-column="18" />
        </state>
      </provider>
    </entry>
    <entry file="file://$PROJECT_DIR$/clue-manage-sys-api/src/main/java/com/tanjiu/aspect/SelectDataSource.java">
      <provider selected="true" editor-type-id="text-editor">
        <state relative-caret-position="176">
          <caret line="13" column="18" selection-start-line="13" selection-start-column="18" selection-end-line="13" selection-end-column="18" />
        </state>
      </provider>
    </entry>
    <entry file="file://$PROJECT_DIR$/clue-manage-sys-api/src/main/java/com/tanjiu/aspect/SuperAspect.java">
      <provider selected="true" editor-type-id="text-editor">
        <state relative-caret-position="110">
          <caret line="12" column="13" selection-start-line="12" selection-start-column="13" selection-end-line="12" selection-end-column="13" />
        </state>
      </provider>
    </entry>
    <entry file="file://$PROJECT_DIR$/clue-manage-sys-api/src/main/java/com/tanjiu/config/interceptor/ExposedFree.java">
      <provider selected="true" editor-type-id="text-editor">
        <state relative-caret-position="154">
          <caret line="15" column="18" selection-start-line="15" selection-start-column="18" selection-end-line="15" selection-end-column="18" />
        </state>
      </provider>
    </entry>
    <entry file="file://$PROJECT_DIR$/clue-manage-sys-api/src/main/java/com/tanjiu/config/CustomExceptionHandler.java">
      <provider selected="true" editor-type-id="text-editor">
        <state relative-caret-position="132">
          <caret line="19" column="13" selection-start-line="19" selection-start-column="13" selection-end-line="19" selection-end-column="13" />
        </state>
      </provider>
    </entry>
    <entry file="file://$PROJECT_DIR$/clue-manage-sys-api/src/main/java/com/tanjiu/config/FJsonConfig.java">
      <provider selected="true" editor-type-id="text-editor">
        <state relative-caret-position="132">
          <caret line="21" column="13" selection-start-line="21" selection-start-column="13" selection-end-line="21" selection-end-column="13" />
        </state>
      </provider>
    </entry>
    <entry file="file://$PROJECT_DIR$/commons/pom.xml">
      <provider selected="true" editor-type-id="text-editor">
        <state relative-caret-position="598">
          <caret line="31" column="21" selection-start-line="31" selection-start-column="21" selection-end-line="31" selection-end-column="21" />
        </state>
      </provider>
    </entry>
    <entry file="file://$PROJECT_DIR$/commons/src/main/resources/application-aliyun.yml">
      <provider selected="true" editor-type-id="text-editor" />
    </entry>
    <entry file="file://$PROJECT_DIR$/clue-manage-sys-api/src/main/resources/application.yaml">
      <provider selected="true" editor-type-id="text-editor">
        <state relative-caret-position="242">
          <caret line="11" column="27" selection-start-line="11" selection-start-column="27" selection-end-line="11" selection-end-column="27" />
        </state>
      </provider>
    </entry>
    <entry file="file://$PROJECT_DIR$/clue-manage-sys-api/src/main/resources/datasource.xml">
      <provider selected="true" editor-type-id="text-editor">
        <state relative-caret-position="602">
          <caret line="101" column="45" lean-forward="true" selection-start-line="101" selection-start-column="45" selection-end-line="101" selection-end-column="66" />
        </state>
      </provider>
    </entry>
    <entry file="file://$PROJECT_DIR$/clue-manage-sys-api/src/main/resources/logback-spring.xml">
      <provider selected="true" editor-type-id="text-editor" />
    </entry>
    <entry file="file://$PROJECT_DIR$/clue-manage-sys-api/src/main/resources/application-cors.yml">
      <provider selected="true" editor-type-id="text-editor" />
    </entry>
    <entry file="file://$PROJECT_DIR$/clue-manage-sys-api/src/main/resources/application-aliyun.yml">
      <provider selected="true" editor-type-id="text-editor" />
    </entry>
    <entry file="file://$PROJECT_DIR$/clue-manage-sys-api/src/main/resources/application-swagger.yml">
      <provider selected="true" editor-type-id="text-editor" />
    </entry>
    <entry file="file://$PROJECT_DIR$/clue-manage-sys-api/src/main/resources/application-test.yaml">
      <provider selected="true" editor-type-id="text-editor">
        <state relative-caret-position="418">
          <caret line="30" column="14" selection-start-line="30" selection-start-column="14" selection-end-line="30" selection-end-column="14" />
        </state>
      </provider>
    </entry>
    <entry file="file://$PROJECT_DIR$/clue-manage-sys-api/src/main/java/com/tanjiu/service/ClueService.java">
      <provider selected="true" editor-type-id="text-editor">
        <state relative-caret-position="198">
          <caret line="14" column="3" lean-forward="true" selection-start-line="14" selection-start-column="3" selection-end-line="14" selection-end-column="3" />
          <folding>
            <element signature="imports" expanded="true" />
          </folding>
        </state>
      </provider>
    </entry>
    <entry file="file://$PROJECT_DIR$/commons/src/main/java/com/tanjiu/commons/util/DateUtil.java">
      <provider selected="true" editor-type-id="text-editor">
        <state relative-caret-position="110">
          <caret line="12" column="13" selection-start-line="12" selection-start-column="13" selection-end-line="12" selection-end-column="13" />
        </state>
      </provider>
    </entry>
    <entry file="file://$PROJECT_DIR$/clue-manage-sys-api/src/main/resources/application-pro.yaml">
      <provider selected="true" editor-type-id="text-editor">
        <state relative-caret-position="396">
          <caret line="18" column="20" lean-forward="true" selection-start-line="18" selection-start-column="20" selection-end-line="18" selection-end-column="20" />
        </state>
      </provider>
    </entry>
    <entry file="file://$PROJECT_DIR$/clue-manage-sys-api/src/main/java/com/tanjiu/dao/clue/TClueFollowerMapper.java">
      <provider selected="true" editor-type-id="text-editor">
        <state relative-caret-position="132">
          <caret line="7" column="17" selection-start-line="7" selection-start-column="17" selection-end-line="7" selection-end-column="17" />
        </state>
      </provider>
    </entry>
    <entry file="file://$PROJECT_DIR$/clue-manage-sys-api/src/main/java/com/tanjiu/service/clue/ClueFollowerServiceImpl.java">
      <provider selected="true" editor-type-id="text-editor">
        <state relative-caret-position="132">
          <caret line="23" column="13" selection-start-line="23" selection-start-column="13" selection-end-line="23" selection-end-column="13" />
        </state>
      </provider>
    </entry>
    <entry file="file://$PROJECT_DIR$/clue-manage-sys-api/src/main/java/com/tanjiu/service/clue/ClueOperateServiceImpl.java">
      <provider selected="true" editor-type-id="text-editor">
        <state relative-caret-position="132">
          <caret line="19" column="13" selection-start-line="19" selection-start-column="13" selection-end-line="19" selection-end-column="13" />
        </state>
      </provider>
    </entry>
    <entry file="file://$PROJECT_DIR$/clue-manage-sys-api/src/main/java/com/tanjiu/service/clue/ClueServiceImpl.java">
      <provider selected="true" editor-type-id="text-editor">
        <state relative-caret-position="198">
          <caret line="34" selection-start-line="34" selection-end-line="34" />
          <folding>
            <element signature="imports" expanded="true" />
          </folding>
        </state>
      </provider>
    </entry>
    <entry file="file://$PROJECT_DIR$/clue-manage-sys-api/src/main/java/com/tanjiu/service/clue/ClueFollowInfoServiceImpl.java">
      <provider selected="true" editor-type-id="text-editor">
        <state relative-caret-position="132">
          <caret line="23" column="13" selection-start-line="23" selection-start-column="13" selection-end-line="23" selection-end-column="13" />
        </state>
      </provider>
    </entry>
    <entry file="file://$PROJECT_DIR$/clue-manage-sys-api/src/main/java/com/tanjiu/service/export/ClueExportServiceImpl.java">
      <provider selected="true" editor-type-id="text-editor">
        <state relative-caret-position="242">
          <caret line="68" column="13" lean-forward="true" selection-start-line="68" selection-start-column="13" selection-end-line="68" selection-end-column="13" />
          <folding>
            <element signature="imports" expanded="true" />
          </folding>
        </state>
      </provider>
    </entry>
    <entry file="file://$PROJECT_DIR$/clue-manage-sys-api/src/main/java/com/tanjiu/service/export/ExportBaseService.java">
      <provider selected="true" editor-type-id="text-editor">
        <state relative-caret-position="110">
          <caret line="18" column="13" selection-start-line="18" selection-start-column="13" selection-end-line="18" selection-end-column="13" />
        </state>
      </provider>
    </entry>
    <entry file="file://$PROJECT_DIR$/clue-manage-sys-api/src/main/java/com/tanjiu/service/ClueFollowerService.java">
      <provider selected="true" editor-type-id="text-editor">
        <state relative-caret-position="110">
          <caret line="9" column="17" selection-start-line="9" selection-start-column="17" selection-end-line="9" selection-end-column="17" />
        </state>
      </provider>
    </entry>
    <entry file="file://$PROJECT_DIR$/clue-manage-sys-api/src/main/java/com/tanjiu/service/ClueFollowInfoService.java">
      <provider selected="true" editor-type-id="text-editor">
        <state relative-caret-position="110">
          <caret line="11" column="17" selection-start-line="11" selection-start-column="17" selection-end-line="11" selection-end-column="17" />
        </state>
      </provider>
    </entry>
    <entry file="file://$PROJECT_DIR$/clue-manage-sys-api/src/main/java/com/tanjiu/service/ClueOperateService.java">
      <provider selected="true" editor-type-id="text-editor">
        <state relative-caret-position="110">
          <caret line="11" column="17" selection-start-line="11" selection-start-column="17" selection-end-line="11" selection-end-column="17" />
        </state>
      </provider>
    </entry>
    <entry file="file://$PROJECT_DIR$/clue-manage-sys-api/src/main/java/com/tanjiu/ClueManageSysApiApplication.java">
      <provider selected="true" editor-type-id="text-editor">
        <state relative-caret-position="154">
          <caret line="10" column="13" selection-start-line="10" selection-start-column="13" selection-end-line="10" selection-end-column="13" />
        </state>
      </provider>
    </entry>
    <entry file="file://$PROJECT_DIR$/clue-manage-sys-api/src/main/java/com/tanjiu/controller/SuperController.java">
      <provider selected="true" editor-type-id="text-editor">
        <state relative-caret-position="198">
          <caret line="15" column="22" selection-start-line="15" selection-start-column="22" selection-end-line="15" selection-end-column="22" />
        </state>
      </provider>
    </entry>
    <entry file="file://$PROJECT_DIR$/clue-manage-sys-api/src/main/java/com/tanjiu/config/interceptor/AuthorizationInterceptor.java">
      <provider selected="true" editor-type-id="text-editor">
        <state relative-caret-position="43">
          <caret line="30" column="13" selection-start-line="30" selection-start-column="13" selection-end-line="30" selection-end-column="13" />
          <folding>
            <element signature="imports" expanded="true" />
          </folding>
        </state>
      </provider>
    </entry>
    <entry file="file://$PROJECT_DIR$/commons/src/main/java/com/tanjiu/commons/voutils/Period.java">
      <provider selected="true" editor-type-id="text-editor">
        <state relative-caret-position="168">
          <caret line="17" column="1" lean-forward="true" selection-start-line="17" selection-start-column="1" selection-end-line="17" selection-end-column="1" />
          <folding>
            <element signature="imports" expanded="true" />
          </folding>
        </state>
      </provider>
    </entry>
    <entry file="file://$PROJECT_DIR$/clue-manage-sys-api/src/main/java/com/tanjiu/vo/clue/ro/ClueRo.java">
      <provider selected="true" editor-type-id="text-editor">
        <state relative-caret-position="100">
          <caret line="22" column="35" lean-forward="true" selection-start-line="22" selection-start-column="35" selection-end-line="22" selection-end-column="35" />
          <folding>
            <element signature="imports" expanded="true" />
          </folding>
        </state>
      </provider>
    </entry>
    <entry file="file://$PROJECT_DIR$/clue-manage-sys-api/src/main/java/com/tanjiu/vo/clue/ro/ClueFollowerRo.java">
      <provider selected="true" editor-type-id="text-editor">
        <state relative-caret-position="88">
          <caret line="4" column="40" lean-forward="true" selection-start-line="4" selection-start-column="40" selection-end-line="4" selection-end-column="40" />
        </state>
      </provider>
    </entry>
    <entry file="file://$PROJECT_DIR$/clue-manage-sys-api/src/main/java/com/tanjiu/vo/clue/ro/ClueFollowInfoRo.java">
      <provider selected="true" editor-type-id="text-editor">
        <state relative-caret-position="198">
          <caret line="15" column="13" selection-start-line="15" selection-start-column="13" selection-end-line="15" selection-end-column="13" />
          <folding>
            <element signature="imports" expanded="true" />
          </folding>
        </state>
      </provider>
    </entry>
    <entry file="file://$PROJECT_DIR$/clue-manage-sys-api/src/main/java/com/tanjiu/controller/export/ExportController.java">
      <provider selected="true" editor-type-id="text-editor">
        <state relative-caret-position="386">
          <caret line="35" column="21" lean-forward="true" selection-start-line="35" selection-start-column="21" selection-end-line="35" selection-end-column="21" />
          <folding>
            <element signature="imports" expanded="true" />
          </folding>
        </state>
      </provider>
    </entry>
    <entry file="file://$PROJECT_DIR$/clue-manage-sys-api/src/main/java/com/tanjiu/vo/export/ExportRow.java">
      <provider selected="true" editor-type-id="text-editor">
        <state relative-caret-position="110">
          <caret line="11" column="13" selection-start-line="11" selection-start-column="13" selection-end-line="11" selection-end-column="13" />
        </state>
      </provider>
    </entry>
    <entry file="file://$PROJECT_DIR$/clue-manage-sys-api/src/main/java/com/tanjiu/vo/export/ExportHeader.java">
      <provider selected="true" editor-type-id="text-editor">
        <state relative-caret-position="66">
          <caret line="3" column="7" lean-forward="true" selection-start-line="3" selection-start-column="7" selection-end-line="3" selection-end-column="7" />
          <folding>
            <element signature="imports" expanded="true" />
          </folding>
        </state>
      </provider>
    </entry>
    <entry file="file://$PROJECT_DIR$/clue-manage-sys-api/src/main/java/com/tanjiu/vo/export/PointListHeader.java">
      <provider selected="true" editor-type-id="text-editor">
        <state relative-caret-position="132">
          <caret line="14" column="13" selection-start-line="14" selection-start-column="13" selection-end-line="14" selection-end-column="13" />
        </state>
      </provider>
    </entry>
    <entry file="file://$PROJECT_DIR$/clue-manage-sys-api/src/main/java/com/tanjiu/vo/clue/ClueStatus.java">
      <provider selected="true" editor-type-id="text-editor">
        <state relative-caret-position="88">
          <caret line="10" column="12" selection-start-line="10" selection-start-column="12" selection-end-line="10" selection-end-column="12" />
        </state>
      </provider>
    </entry>
    <entry file="file://$PROJECT_DIR$/clue-manage-sys-api/src/main/java/com/tanjiu/config/interceptor/MvcInterceptorConfig.java">
      <provider selected="true" editor-type-id="text-editor">
        <state relative-caret-position="48">
          <caret line="19" column="13" selection-start-line="19" selection-start-column="13" selection-end-line="19" selection-end-column="13" />
        </state>
      </provider>
    </entry>
    <entry file="file://$PROJECT_DIR$/clue-manage-sys-api/src/main/java/com/tanjiu/controller/clue/ClueController.java">
      <provider selected="true" editor-type-id="text-editor">
        <state relative-caret-position="53">
          <caret line="53" selection-start-line="53" selection-end-line="53" />
          <folding>
            <element signature="imports" expanded="true" />
          </folding>
        </state>
      </provider>
    </entry>
  </component>
  <component name="masterDetails">
    <states>
      <state key="ArtifactsStructureConfigurable.UI">
        <settings>
          <artifact-editor />
          <splitter-proportions>
            <option name="proportions">
              <list>
                <option value="0.2" />
              </list>
            </option>
          </splitter-proportions>
        </settings>
      </state>
      <state key="FacetStructureConfigurable.UI">
        <settings>
          <splitter-proportions>
            <option name="proportions">
              <list>
                <option value="0.2" />
              </list>
            </option>
          </splitter-proportions>
        </settings>
      </state>
      <state key="GlobalLibrariesConfigurable.UI">
        <settings>
          <splitter-proportions>
            <option name="proportions">
              <list>
                <option value="0.2" />
              </list>
            </option>
          </splitter-proportions>
        </settings>
      </state>
      <state key="JdkListConfigurable.UI">
        <settings>
          <splitter-proportions>
            <option name="proportions">
              <list>
                <option value="0.2" />
              </list>
            </option>
          </splitter-proportions>
        </settings>
      </state>
      <state key="ModuleStructureConfigurable.UI">
        <settings>
          <last-edited>clue-manage-sys-entity</last-edited>
          <splitter-proportions>
            <option name="proportions">
              <list>
                <option value="0.2" />
                <option value="0.6" />
              </list>
            </option>
          </splitter-proportions>
        </settings>
      </state>
      <state key="ProjectLibrariesConfigurable.UI">
        <settings>
          <splitter-proportions>
            <option name="proportions">
              <list>
                <option value="0.2" />
              </list>
            </option>
          </splitter-proportions>
        </settings>
      </state>
    </states>
  </component>
</project>