<project version="4">
  <component name="FileEditorManager">
    <leaf>
      <file pinned="false" current-in-tab="true">
        <entry file="file://$PROJECT_DIR$/msg-center-api/src/main/java/com/tanjiu/MsgCenterApiApplication.java">
          <provider selected="true" editor-type-id="text-editor">
            <state relative-caret-position="396">
              <caret line="31" column="88" selection-start-line="31" selection-start-column="88" selection-end-line="31" selection-end-column="88" />
            </state>
          </provider>
        </entry>
      </file>
    </leaf>
  </component>
  <component name="IdeDocumentHistory">
    <option name="CHANGED_PATHS">
      <list>
        <option value="$PROJECT_DIR$/msg-center-api/src/main/resources/application-test.yaml" />
        <option value="$PROJECT_DIR$/msg-center-api/src/main/java/com/tanjiu/MsgCenterApiApplication.java" />
      </list>
    </option>
  </component>
  <component name="MavenProjectNavigator">
    <treeState>
      <expand />
      <select />
    </treeState>
  </component>
  <component name="ProjectFrameBounds" extendedState="6">
    <option name="width" value="1920" />
    <option name="height" value="1050" />
  </component>
  <component name="ProjectView">
    <navigator currentView="Scope" currentSubView="Scope 'Project Files'; set:Project Files; class com.intellij.psi.search.scope.ProjectFilesScope" proportions="" version="1">
      <foldersAlwaysOnTop value="true" />
    </navigator>
    <panes>
      <pane id="PackagesPane" />
      <pane id="Scope">
        <subPane subId="Scope 'Project Files'; set:Project Files; class com.intellij.psi.search.scope.ProjectFilesScope">
          <expand>
            <path>
              <item name="msg-center-parent" type="3d21c010:ScopeViewTreeModel$ProjectNode" />
              <item name="msg-center-api" type="2674bda8:ScopeViewTreeModel$GroupNode" />
            </path>
            <path>
              <item name="msg-center-parent" type="3d21c010:ScopeViewTreeModel$ProjectNode" />
              <item name="msg-center-api" type="2674bda8:ScopeViewTreeModel$GroupNode" />
              <item name="src/main" type="9f88c78c:ScopeViewTreeModel$FileNode" />
            </path>
            <path>
              <item name="msg-center-parent" type="3d21c010:ScopeViewTreeModel$ProjectNode" />
              <item name="msg-center-api" type="2674bda8:ScopeViewTreeModel$GroupNode" />
              <item name="src/main" type="9f88c78c:ScopeViewTreeModel$FileNode" />
              <item name="java" type="9f88c78c:ScopeViewTreeModel$FileNode" />
            </path>
            <path>
              <item name="msg-center-parent" type="3d21c010:ScopeViewTreeModel$ProjectNode" />
              <item name="msg-center-api" type="2674bda8:ScopeViewTreeModel$GroupNode" />
              <item name="src/main" type="9f88c78c:ScopeViewTreeModel$FileNode" />
              <item name="java" type="9f88c78c:ScopeViewTreeModel$FileNode" />
              <item name="com.tanjiu" type="9f88c78c:ScopeViewTreeModel$FileNode" />
            </path>
            <path>
              <item name="msg-center-parent" type="3d21c010:ScopeViewTreeModel$ProjectNode" />
              <item name="msg-center-api" type="2674bda8:ScopeViewTreeModel$GroupNode" />
              <item name="src/main" type="9f88c78c:ScopeViewTreeModel$FileNode" />
              <item name="resources" type="9f88c78c:ScopeViewTreeModel$FileNode" />
            </path>
          </expand>
          <select />
        </subPane>
      </pane>
      <pane id="ProjectPane">
        <subPane>
          <expand>
            <path>
              <item name="msg-center-parent" type="b2602c69:ProjectViewProjectNode" />
              <item name="msg-center" type="462c0819:PsiDirectoryNode" />
            </path>
          </expand>
          <select />
        </subPane>
      </pane>
    </panes>
  </component>
  <component name="TimeTrackingManager">
    <option name="totallyTimeSpent" value="1308000" />
  </component>
  <component name="ToolWindowManager">
    <frame x="-8" y="-8" width="1936" height="1066" extended-state="6" />
    <layout>
      <window_info content_ui="combo" id="Project" order="0" visible="true" weight="0.22800429" />
      <window_info id="Structure" order="1" side_tool="true" weight="0.25" />
      <window_info id="Web" order="2" side_tool="true" />
      <window_info id="Favorites" order="3" side_tool="true" />
      <window_info anchor="bottom" id="Messages" />
      <window_info anchor="bottom" id="Message" order="0" />
      <window_info anchor="bottom" id="Find" order="1" />
      <window_info anchor="bottom" id="Run" order="2" />
      <window_info anchor="bottom" id="Debug" order="3" sideWeight="0.49946353" weight="0.34549356" />
      <window_info anchor="bottom" id="Cvs" order="4" weight="0.25" />
      <window_info anchor="bottom" id="Inspection" order="5" weight="0.4" />
      <window_info anchor="bottom" id="TODO" order="6" />
      <window_info anchor="bottom" id="Services" order="7" />
      <window_info active="true" anchor="bottom" id="Version Control" order="8" sideWeight="0.49946353" visible="true" weight="0.4667382" />
      <window_info anchor="bottom" id="Problems" order="9" />
      <window_info anchor="bottom" id="Spring" order="10" />
      <window_info anchor="bottom" id="Database Changes" order="11" />
      <window_info anchor="bottom" id="Terminal" order="12" weight="0.32939914" />
      <window_info anchor="bottom" id="Event Log" order="13" sideWeight="0.5005365" side_tool="true" weight="0.4667382" />
      <window_info anchor="bottom" id="Build" order="14" />
      <window_info anchor="bottom" id="Java Enterprise" order="15" />
      <window_info anchor="right" id="Commander" internal_type="SLIDING" order="0" type="SLIDING" weight="0.4" />
      <window_info anchor="right" id="Ant Build" order="1" weight="0.25" />
      <window_info anchor="right" content_ui="combo" id="Hierarchy" order="2" weight="0.25" />
      <window_info anchor="right" id="Maven" order="3" weight="0.14270386" />
      <window_info anchor="right" id="Database" order="4" />
      <window_info anchor="right" id="Ant" order="5" />
      <window_info anchor="right" id="Key Promoter X" order="6" />
      <window_info anchor="right" id="Bean Validation" order="7" />
      <window_info anchor="right" id="JSON Utils" order="8" />
    </layout>
  </component>
  <component name="editorHistoryManager">
    <entry file="file://$PROJECT_DIR$/pom.xml">
      <provider selected="true" editor-type-id="text-editor" />
    </entry>
    <entry file="file://$PROJECT_DIR$/msg-center-api/src/main/java/com/tanjiu/controller/message/MsgCommonController.java">
      <provider selected="true" editor-type-id="text-editor">
        <state relative-caret-position="158">
          <caret line="87" column="9" selection-start-line="87" selection-start-column="9" selection-end-line="87" selection-end-column="9" />
        </state>
      </provider>
    </entry>
    <entry file="file://$PROJECT_DIR$/msg-center-api/src/main/resources/datasource.xml">
      <provider selected="true" editor-type-id="text-editor" />
    </entry>
    <entry file="file://$PROJECT_DIR$/msg-center-api/src/main/resources/logback-spring.xml">
      <provider selected="true" editor-type-id="text-editor">
        <state relative-caret-position="-140" />
      </provider>
    </entry>
    <entry file="file://$PROJECT_DIR$/msg-center-api/src/main/resources/application-test.yaml">
      <provider selected="true" editor-type-id="text-editor">
        <state relative-caret-position="-216">
          <caret line="30" column="17" selection-start-line="30" selection-start-column="11" selection-end-line="30" selection-end-column="17" />
        </state>
      </provider>
    </entry>
    <entry file="jar://D:/.m2/org/springframework/kafka/spring-kafka/2.3.4.RELEASE/spring-kafka-2.3.4.RELEASE.jar!/org/springframework/kafka/core/ConsumerFactory.class">
      <provider selected="true" editor-type-id="text-editor">
        <state relative-caret-position="110">
          <caret line="6" column="24" selection-start-line="6" selection-start-column="24" selection-end-line="6" selection-end-column="24" />
        </state>
      </provider>
    </entry>
    <entry file="file://$PROJECT_DIR$/msg-center-api/src/main/java/com/tanjiu/MsgCenterApiApplication.java">
      <provider selected="true" editor-type-id="text-editor">
        <state relative-caret-position="396">
          <caret line="31" column="88" selection-start-line="31" selection-start-column="88" selection-end-line="31" selection-end-column="88" />
        </state>
      </provider>
    </entry>
  </component>
</project>