<project version="4">
  <component name="FileEditorManager">
    <leaf>
      <file pinned="false" current-in-tab="true">
        <entry file="file://$PROJECT_DIR$/services-admin/pom.xml">
          <provider selected="true" editor-type-id="text-editor">
            <state relative-caret-position="-34">
              <caret line="29" column="34" selection-start-line="29" selection-start-column="34" selection-end-line="29" selection-end-column="34" />
            </state>
          </provider>
        </entry>
      </file>
    </leaf>
  </component>
  <component name="FindInProjectRecents">
    <findStrings>
      <find>DataSourceAuto</find>
    </findStrings>
    <replaceStrings>
      <replace />
    </replaceStrings>
  </component>
  <component name="IdeDocumentHistory">
    <option name="CHANGED_PATHS">
      <list>
        <option value="$PROJECT_DIR$/swaggerconfig/pom.xml" />
        <option value="$PROJECT_DIR$/services-consumer/src/main/resources/bootstrap.yml" />
        <option value="$PROJECT_DIR$/services-producer/src/main/resources/bootstrap.yml" />
        <option value="$PROJECT_DIR$/services-consumer/src/main/java/pri/ConsumerApplication.java" />
        <option value="$PROJECT_DIR$/services-consumer/src/main/java/pri/controller/ProducerController.java" />
        <option value="$PROJECT_DIR$/services-producer/src/main/java/pri/controller/ConsumerController.java" />
        <option value="$PROJECT_DIR$/services-consumer/pom.xml" />
        <option value="$PROJECT_DIR$/services-producer/src/main/java/pri/controller/ProducerController.java" />
        <option value="$PROJECT_DIR$/services-producer/pom.xml" />
        <option value="$PROJECT_DIR$/services-producer/src/main/resources/application-dev.yml" />
        <option value="$PROJECT_DIR$/services-consumer/src/main/resources/application-dev.yml" />
        <option value="$PROJECT_DIR$/services-consumer/src/main/java/pri/controller/ConsumerController.java" />
        <option value="$PROJECT_DIR$/services-producer/src/main/java/pri/controller/MyRule.java" />
        <option value="$PROJECT_DIR$/services-producer/src/main/java/pri/ProducerApplication.java" />
        <option value="$PROJECT_DIR$/dynamic-dataSource/pom.xml" />
        <option value="$PROJECT_DIR$/dynamic-dataSource/src/main/java/config/DynamicDataSource.java" />
        <option value="$PROJECT_DIR$/dynamic-dataSource/src/main/java/annotion/PickDataSource.java" />
        <option value="$PROJECT_DIR$/dynamic-dataSource/src/main/java/annotion/DataSourceAspect.java" />
        <option value="$PROJECT_DIR$/dynamic-dataSource/src/main/resources/application.yml" />
        <option value="$PROJECT_DIR$/dynamic-dataSource/src/main/java/DynanicApplication.java" />
        <option value="$PROJECT_DIR$/services-admin/src/main/java/AdminApplication.java" />
        <option value="$PROJECT_DIR$/dynamic-dataSource/src/main/java/pri/zxx/DynanicApplication.java" />
        <option value="$PROJECT_DIR$/services-admin/src/main/java/pri/zxx/AdminApplication.java" />
        <option value="$PROJECT_DIR$/pom.xml" />
        <option value="$PROJECT_DIR$/services-producer/src/main/resources/application.yml" />
        <option value="$PROJECT_DIR$/services-consumer/src/main/resources/application.yml" />
        <option value="$PROJECT_DIR$/services-admin/pom.xml" />
        <option value="$PROJECT_DIR$/services-admin/src/main/java/pri/zxx/servicesadmin/ServicesAdminApplication.java" />
      </list>
    </option>
  </component>
  <component name="MavenProjectNavigator">
    <treeState>
      <expand>
        <path>
          <item name="" type="16c1761:MavenProjectsStructure$RootNode" />
          <item name="services-admin" type="9519ce18:MavenProjectsStructure$ProjectNode" />
        </path>
      </expand>
      <select />
    </treeState>
  </component>
  <component name="ProjectFrameBounds" extendedState="6">
    <option name="width" value="1920" />
    <option name="height" value="1050" />
  </component>
  <component name="ProjectView">
    <navigator proportions="" version="1">
      <foldersAlwaysOnTop value="true" />
    </navigator>
    <panes>
      <pane id="Scope">
        <subPane subId="Scope 'Project Files'; set:Project Files; class com.intellij.psi.search.scope.ProjectFilesScope">
          <expand>
            <path>
              <item name="components-learn" type="3d21c010:ScopeViewTreeModel$ProjectNode" />
              <item name="components-learn and modules" type="2674bda8:ScopeViewTreeModel$GroupNode" />
            </path>
          </expand>
          <select />
        </subPane>
      </pane>
      <pane id="ProjectPane">
        <subPane>
          <expand>
            <path>
              <item name="components-learn" type="b2602c69:ProjectViewProjectNode" />
              <item name="components-learn" type="462c0819:PsiDirectoryNode" />
            </path>
            <path>
              <item name="components-learn" type="b2602c69:ProjectViewProjectNode" />
              <item name="components-learn" type="462c0819:PsiDirectoryNode" />
              <item name="services-admin" type="462c0819:PsiDirectoryNode" />
            </path>
            <path>
              <item name="components-learn" type="b2602c69:ProjectViewProjectNode" />
              <item name="components-learn" type="462c0819:PsiDirectoryNode" />
              <item name="services-admin" type="462c0819:PsiDirectoryNode" />
              <item name="src" type="462c0819:PsiDirectoryNode" />
            </path>
            <path>
              <item name="components-learn" type="b2602c69:ProjectViewProjectNode" />
              <item name="components-learn" type="462c0819:PsiDirectoryNode" />
              <item name="services-admin" type="462c0819:PsiDirectoryNode" />
              <item name="src" type="462c0819:PsiDirectoryNode" />
              <item name="main" type="462c0819:PsiDirectoryNode" />
            </path>
            <path>
              <item name="components-learn" type="b2602c69:ProjectViewProjectNode" />
              <item name="components-learn" type="462c0819:PsiDirectoryNode" />
              <item name="services-admin" type="462c0819:PsiDirectoryNode" />
              <item name="src" type="462c0819:PsiDirectoryNode" />
              <item name="main" type="462c0819:PsiDirectoryNode" />
              <item name="java" type="462c0819:PsiDirectoryNode" />
            </path>
            <path>
              <item name="components-learn" type="b2602c69:ProjectViewProjectNode" />
              <item name="components-learn" type="462c0819:PsiDirectoryNode" />
              <item name="services-admin" type="462c0819:PsiDirectoryNode" />
              <item name="src" type="462c0819:PsiDirectoryNode" />
              <item name="main" type="462c0819:PsiDirectoryNode" />
              <item name="java" type="462c0819:PsiDirectoryNode" />
              <item name="servicesadmin" type="462c0819:PsiDirectoryNode" />
            </path>
            <path>
              <item name="components-learn" type="b2602c69:ProjectViewProjectNode" />
              <item name="components-learn" type="462c0819:PsiDirectoryNode" />
              <item name="services-admin" type="462c0819:PsiDirectoryNode" />
              <item name="src" type="462c0819:PsiDirectoryNode" />
              <item name="main" type="462c0819:PsiDirectoryNode" />
              <item name="resources" type="462c0819:PsiDirectoryNode" />
            </path>
            <path>
              <item name="components-learn" type="b2602c69:ProjectViewProjectNode" />
              <item name="components-learn" type="462c0819:PsiDirectoryNode" />
              <item name="services-admin" type="462c0819:PsiDirectoryNode" />
              <item name="src" type="462c0819:PsiDirectoryNode" />
              <item name="test" type="462c0819:PsiDirectoryNode" />
            </path>
            <path>
              <item name="components-learn" type="b2602c69:ProjectViewProjectNode" />
              <item name="components-learn" type="462c0819:PsiDirectoryNode" />
              <item name="services-producer" type="462c0819:PsiDirectoryNode" />
            </path>
            <path>
              <item name="components-learn" type="b2602c69:ProjectViewProjectNode" />
              <item name="components-learn" type="462c0819:PsiDirectoryNode" />
              <item name="services-producer" type="462c0819:PsiDirectoryNode" />
              <item name="src" type="462c0819:PsiDirectoryNode" />
            </path>
            <path>
              <item name="components-learn" type="b2602c69:ProjectViewProjectNode" />
              <item name="components-learn" type="462c0819:PsiDirectoryNode" />
              <item name="services-producer" type="462c0819:PsiDirectoryNode" />
              <item name="src" type="462c0819:PsiDirectoryNode" />
              <item name="main" type="462c0819:PsiDirectoryNode" />
            </path>
            <path>
              <item name="components-learn" type="b2602c69:ProjectViewProjectNode" />
              <item name="components-learn" type="462c0819:PsiDirectoryNode" />
              <item name="services-producer" type="462c0819:PsiDirectoryNode" />
              <item name="src" type="462c0819:PsiDirectoryNode" />
              <item name="main" type="462c0819:PsiDirectoryNode" />
              <item name="java" type="462c0819:PsiDirectoryNode" />
            </path>
            <path>
              <item name="components-learn" type="b2602c69:ProjectViewProjectNode" />
              <item name="components-learn" type="462c0819:PsiDirectoryNode" />
              <item name="services-producer" type="462c0819:PsiDirectoryNode" />
              <item name="src" type="462c0819:PsiDirectoryNode" />
              <item name="main" type="462c0819:PsiDirectoryNode" />
              <item name="java" type="462c0819:PsiDirectoryNode" />
              <item name="pri" type="462c0819:PsiDirectoryNode" />
            </path>
            <path>
              <item name="components-learn" type="b2602c69:ProjectViewProjectNode" />
              <item name="components-learn" type="462c0819:PsiDirectoryNode" />
              <item name="services-producer" type="462c0819:PsiDirectoryNode" />
              <item name="src" type="462c0819:PsiDirectoryNode" />
              <item name="main" type="462c0819:PsiDirectoryNode" />
              <item name="resources" type="462c0819:PsiDirectoryNode" />
            </path>
          </expand>
          <select />
        </subPane>
      </pane>
      <pane id="PackagesPane" />
    </panes>
  </component>
  <component name="TimeTrackingManager">
    <option name="totallyTimeSpent" value="17614000" />
  </component>
  <component name="TodoView">
    <todo-panel id="selected-file">
      <is-autoscroll-to-source value="true" />
    </todo-panel>
    <todo-panel id="all">
      <are-packages-shown value="true" />
      <is-autoscroll-to-source value="true" />
    </todo-panel>
  </component>
  <component name="ToolWindowManager">
    <frame x="-8" y="-8" width="1936" height="1066" extended-state="6" />
    <layout>
      <window_info active="true" content_ui="combo" id="Project" order="0" sideWeight="0.49909255" visible="true" weight="0.23980686" />
      <window_info id="Structure" order="1" sideWeight="0.5009074" side_tool="true" weight="0.2532189" />
      <window_info id="Web" order="2" side_tool="true" />
      <window_info id="Favorites" order="3" side_tool="true" />
      <window_info anchor="bottom" id="Message" order="0" />
      <window_info anchor="bottom" id="Find" order="1" weight="0.32939914" />
      <window_info anchor="bottom" id="Run" order="2" weight="0.40879828" />
      <window_info anchor="bottom" id="Debug" order="3" weight="0.39377683" />
      <window_info anchor="bottom" id="Cvs" order="4" weight="0.25" />
      <window_info anchor="bottom" id="Inspection" order="5" weight="0.4" />
      <window_info anchor="bottom" id="TODO" order="6" weight="0.32939914" />
      <window_info anchor="bottom" id="Services" order="7" visible="true" weight="0.36051503" />
      <window_info anchor="bottom" id="Version Control" order="8" weight="0.32939914" />
      <window_info anchor="bottom" id="Problems" order="9" weight="0.32939914" />
      <window_info anchor="bottom" id="Spring" order="10" weight="0.32939914" />
      <window_info anchor="bottom" id="Database Changes" order="11" />
      <window_info anchor="bottom" id="Terminal" order="12" weight="0.32939914" />
      <window_info anchor="bottom" id="Event Log" order="13" side_tool="true" weight="0.32939914" />
      <window_info anchor="bottom" id="Build" order="14" weight="0.19742489" />
      <window_info anchor="bottom" id="Java Enterprise" order="15" weight="0.32939914" />
      <window_info anchor="bottom" id="Messages" order="16" weight="0.32939914" />
      <window_info anchor="right" id="Commander" internal_type="SLIDING" order="0" type="SLIDING" weight="0.4" />
      <window_info anchor="right" id="Ant Build" order="1" weight="0.25" />
      <window_info anchor="right" content_ui="combo" id="Hierarchy" order="2" weight="0.25" />
      <window_info anchor="right" id="Maven" order="3" visible="true" weight="0.14699571" />
      <window_info anchor="right" id="Database" order="4" weight="0.21995708" />
      <window_info anchor="right" id="Ant" order="5" weight="0.3299356" />
      <window_info anchor="right" id="Key Promoter X" order="6" />
      <window_info anchor="right" id="Bean Validation" order="7" />
      <window_info anchor="right" id="JSON Utils" order="8" />
    </layout>
  </component>
  <component name="antWorkspaceConfiguration">
    <option name="IS_AUTOSCROLL_TO_SOURCE" value="false" />
    <option name="FILTER_TARGETS" value="false" />
    <buildFile url="file://$PROJECT_DIR$/services-admin/pom.xml">
      <expanded value="true" />
    </buildFile>
  </component>
  <component name="editorHistoryManager">
    <entry file="file://$PROJECT_DIR$/swaggerconfig/src/main/java/com/yunce/cloud/swagger/config/DocumentationConfig.java">
      <provider selected="true" editor-type-id="text-editor">
        <state relative-caret-position="154">
          <caret line="16" column="13" selection-start-line="16" selection-start-column="13" selection-end-line="16" selection-end-column="13" />
        </state>
      </provider>
    </entry>
    <entry file="jar://D:/.m2/org/springframework/boot/spring-boot-autoconfigure/2.2.2.RELEASE/spring-boot-autoconfigure-2.2.2.RELEASE.jar!/org/springframework/boot/autoconfigure/jdbc/DataSourceAutoConfiguration.class">
      <provider selected="true" editor-type-id="text-editor">
        <state relative-caret-position="198">
          <caret line="10" column="40" selection-start-line="10" selection-start-column="13" selection-end-line="10" selection-end-column="40" />
        </state>
      </provider>
    </entry>
    <entry file="file://$PROJECT_DIR$/bicap-ms-service-data-anlysis-v2.log" />
    <entry file="jar://D:/.m2/org/springframework/cloud/spring-cloud-netflix-ribbon/2.2.0.RELEASE/spring-cloud-netflix-ribbon-2.2.0.RELEASE.jar!/org/springframework/cloud/netflix/ribbon/RibbonClientConfiguration.class">
      <provider selected="true" editor-type-id="text-editor">
        <state relative-caret-position="189">
          <caret line="42" column="322" selection-start-line="42" selection-start-column="322" selection-end-line="42" selection-end-column="322" />
        </state>
      </provider>
    </entry>
    <entry file="file://$PROJECT_DIR$/learn-consumer.log">
      <provider selected="true" editor-type-id="text-editor" />
    </entry>
    <entry file="file://$PROJECT_DIR$/services-consumer/src/main/java/pri/controller/ConsumerController.java">
      <provider selected="true" editor-type-id="text-editor">
        <state relative-caret-position="396">
          <caret line="23" column="22" selection-start-line="23" selection-start-column="22" selection-end-line="23" selection-end-column="22" />
          <folding>
            <element signature="imports" expanded="true" />
          </folding>
        </state>
      </provider>
    </entry>
    <entry file="file://$PROJECT_DIR$/services-consumer/src/main/resources/bootstrap-de.yml">
      <provider selected="true" editor-type-id="text-editor">
        <state relative-caret-position="44">
          <caret line="2" column="10" selection-start-line="2" selection-start-column="10" selection-end-line="2" selection-end-column="24" />
        </state>
      </provider>
    </entry>
    <entry file="jar://D:/.m2/com/netflix/ribbon/ribbon-loadbalancer/2.3.0/ribbon-loadbalancer-2.3.0.jar!/com/netflix/loadbalancer/IPingStrategy.class">
      <provider selected="true" editor-type-id="text-editor">
        <state relative-caret-position="110">
          <caret line="6" column="17" selection-start-line="6" selection-start-column="17" selection-end-line="6" selection-end-column="17" />
        </state>
      </provider>
    </entry>
    <entry file="jar://D:/.m2/com/netflix/ribbon/ribbon-loadbalancer/2.3.0/ribbon-loadbalancer-2.3.0.jar!/com/netflix/loadbalancer/IPing.class">
      <provider selected="true" editor-type-id="text-editor">
        <state relative-caret-position="110">
          <caret line="6" column="17" selection-start-line="6" selection-start-column="17" selection-end-line="6" selection-end-column="17" />
        </state>
      </provider>
    </entry>
    <entry file="jar://D:/.m2/com/netflix/ribbon/ribbon-loadbalancer/2.3.0/ribbon-loadbalancer-2.3.0.jar!/com/netflix/loadbalancer/ILoadBalancer.class">
      <provider selected="true" editor-type-id="text-editor">
        <state relative-caret-position="110">
          <caret line="6" column="17" selection-start-line="6" selection-start-column="17" selection-end-line="6" selection-end-column="17" />
        </state>
      </provider>
    </entry>
    <entry file="jar://D:/.m2/com/netflix/ribbon/ribbon-loadbalancer/2.3.0/ribbon-loadbalancer-2.3.0.jar!/com/netflix/loadbalancer/DynamicServerListLoadBalancer.class">
      <provider selected="true" editor-type-id="text-editor">
        <state relative-caret-position="286">
          <caret line="14" column="38" lean-forward="true" selection-start-line="14" selection-start-column="38" selection-end-line="14" selection-end-column="38" />
        </state>
      </provider>
    </entry>
    <entry file="file://$PROJECT_DIR$/services-producer/src/main/java/pri/controller/MyRule.java" />
    <entry file="jar://D:/.m2/com/netflix/ribbon/ribbon-loadbalancer/2.3.0/ribbon-loadbalancer-2.3.0.jar!/com/netflix/loadbalancer/WeightedResponseTimeRule.class">
      <provider selected="true" editor-type-id="text-editor">
        <state relative-caret-position="82">
          <caret line="6" column="85" selection-start-line="6" selection-start-column="71" selection-end-line="6" selection-end-column="85" />
        </state>
      </provider>
    </entry>
    <entry file="jar://D:/.m2/com/netflix/ribbon/ribbon-loadbalancer/2.3.0/ribbon-loadbalancer-2.3.0.jar!/com/netflix/loadbalancer/RoundRobinRule.class">
      <provider selected="true" editor-type-id="text-editor">
        <state relative-caret-position="110">
          <caret line="6" column="13" selection-start-line="6" selection-start-column="13" selection-end-line="6" selection-end-column="13" />
        </state>
      </provider>
    </entry>
    <entry file="jar://D:/.m2/com/netflix/ribbon/ribbon-loadbalancer/2.3.0/ribbon-loadbalancer-2.3.0.jar!/com/netflix/loadbalancer/RetryRule.class">
      <provider selected="true" editor-type-id="text-editor">
        <state relative-caret-position="110">
          <caret line="6" column="69" selection-start-line="6" selection-start-column="69" selection-end-line="6" selection-end-column="69" />
        </state>
      </provider>
    </entry>
    <entry file="jar://D:/.m2/com/netflix/ribbon/ribbon-loadbalancer/2.3.0/ribbon-loadbalancer-2.3.0.jar!/com/netflix/loadbalancer/AbstractServerList.class">
      <provider selected="true" editor-type-id="text-editor">
        <state relative-caret-position="154">
          <caret line="8" lean-forward="true" selection-start-line="8" selection-end-line="8" />
        </state>
      </provider>
    </entry>
    <entry file="jar://D:/.m2/com/netflix/ribbon/ribbon-loadbalancer/2.3.0/ribbon-loadbalancer-2.3.0.jar!/com/netflix/loadbalancer/AvailabilityFilteringRule.class">
      <provider selected="true" editor-type-id="text-editor">
        <state relative-caret-position="176">
          <caret line="9" column="34" lean-forward="true" selection-start-line="9" selection-start-column="34" selection-end-line="9" selection-end-column="34" />
        </state>
      </provider>
    </entry>
    <entry file="jar://D:/.m2/com/netflix/ribbon/ribbon-loadbalancer/2.3.0/ribbon-loadbalancer-2.3.0.jar!/com/netflix/loadbalancer/BestAvailableRule.class">
      <provider selected="true" editor-type-id="text-editor">
        <state relative-caret-position="220">
          <caret line="11" column="79" selection-start-line="11" selection-start-column="79" selection-end-line="11" selection-end-column="79" />
        </state>
      </provider>
    </entry>
    <entry file="jar://D:/.m2/com/netflix/ribbon/ribbon-loadbalancer/2.3.0/ribbon-loadbalancer-2.3.0.jar!/com/netflix/loadbalancer/ClientConfigEnabledRoundRobinRule.class">
      <provider selected="true" editor-type-id="text-editor">
        <state relative-caret-position="264">
          <caret line="13" column="87" selection-start-line="13" selection-start-column="87" selection-end-line="13" selection-end-column="87" />
        </state>
      </provider>
    </entry>
    <entry file="jar://D:/.m2/com/netflix/ribbon/ribbon-loadbalancer/2.3.0/ribbon-loadbalancer-2.3.0.jar!/com/netflix/loadbalancer/IRule.class">
      <provider selected="true" editor-type-id="text-editor">
        <state relative-caret-position="132">
          <caret line="7" column="36" selection-start-line="7" selection-start-column="36" selection-end-line="7" selection-end-column="36" />
        </state>
      </provider>
    </entry>
    <entry file="jar://D:/.m2/com/alibaba/cloud/spring-cloud-starter-alibaba-nacos-discovery/2.2.1.RELEASE/spring-cloud-starter-alibaba-nacos-discovery-2.2.1.RELEASE.jar!/com/alibaba/cloud/nacos/ribbon/NacosRule.class">
      <provider selected="true" editor-type-id="text-editor">
        <state relative-caret-position="110">
          <caret line="6" column="74" lean-forward="true" selection-start-line="6" selection-start-column="74" selection-end-line="6" selection-end-column="74" />
        </state>
      </provider>
    </entry>
    <entry file="jar://D:/.m2/com/netflix/ribbon/ribbon-loadbalancer/2.3.0/ribbon-loadbalancer-2.3.0.jar!/com/netflix/loadbalancer/AbstractLoadBalancerRule.class">
      <provider selected="true" editor-type-id="text-editor">
        <state relative-caret-position="110">
          <caret line="6" column="22" selection-start-line="6" selection-start-column="22" selection-end-line="6" selection-end-column="22" />
        </state>
      </provider>
    </entry>
    <entry file="jar://D:/.m2/com/netflix/ribbon/ribbon-loadbalancer/2.3.0/ribbon-loadbalancer-2.3.0.jar!/com/netflix/loadbalancer/RandomRule.class">
      <provider selected="true" editor-type-id="text-editor">
        <state relative-caret-position="176">
          <caret line="9" column="73" selection-start-line="9" selection-start-column="73" selection-end-line="9" selection-end-column="73" />
        </state>
      </provider>
    </entry>
    <entry file="jar://D:/.m2/com/netflix/ribbon/ribbon-loadbalancer/2.3.0/ribbon-loadbalancer-2.3.0.jar!/com/netflix/loadbalancer/ZoneStats.class">
      <provider selected="true" editor-type-id="text-editor">
        <state relative-caret-position="110">
          <caret line="6" column="13" selection-start-line="6" selection-start-column="13" selection-end-line="6" selection-end-column="13" />
        </state>
      </provider>
    </entry>
    <entry file="jar://D:/.m2/com/netflix/ribbon/ribbon-loadbalancer/2.3.0/ribbon-loadbalancer-2.3.0.jar!/com/netflix/loadbalancer/ZoneAvoidanceRule.class">
      <provider selected="true" editor-type-id="text-editor">
        <state relative-caret-position="110">
          <caret line="6" column="13" selection-start-line="6" selection-start-column="13" selection-end-line="6" selection-end-column="13" />
        </state>
      </provider>
    </entry>
    <entry file="jar://D:/.m2/com/netflix/ribbon/ribbon-loadbalancer/2.3.0/ribbon-loadbalancer-2.3.0.jar!/com/netflix/loadbalancer/ZoneAffinityPredicate.class">
      <provider selected="true" editor-type-id="text-editor">
        <state relative-caret-position="110">
          <caret line="6" column="13" selection-start-line="6" selection-start-column="13" selection-end-line="6" selection-end-column="13" />
        </state>
      </provider>
    </entry>
    <entry file="jar://D:/.m2/com/netflix/ribbon/ribbon-loadbalancer/2.3.0/ribbon-loadbalancer-2.3.0.jar!/com/netflix/loadbalancer/ServerStatusChangeListener.class">
      <provider selected="true" editor-type-id="text-editor">
        <state relative-caret-position="110">
          <caret line="6" column="17" selection-start-line="6" selection-start-column="17" selection-end-line="6" selection-end-column="17" />
        </state>
      </provider>
    </entry>
    <entry file="file://$PROJECT_DIR$/services-consumer/src/main/java/pri/ConsumerApplication.java">
      <provider selected="true" editor-type-id="text-editor">
        <state relative-caret-position="264">
          <caret line="16" column="63" selection-start-line="16" selection-start-column="63" selection-end-line="16" selection-end-column="63" />
          <folding>
            <element signature="imports" expanded="true" />
          </folding>
        </state>
      </provider>
    </entry>
    <entry file="file://$PROJECT_DIR$/services-producer/src/main/java/pri/controller/ProducerController.java">
      <provider selected="true" editor-type-id="text-editor">
        <state relative-caret-position="242">
          <caret line="21" selection-start-line="21" selection-end-line="21" />
          <folding>
            <element signature="docComment;method#producerOneMsg#0;class#ProducerController#0" expanded="true" />
          </folding>
        </state>
      </provider>
    </entry>
    <entry file="file://$PROJECT_DIR$/services-producer/src/main/resources/bootstrap-de.yml">
      <provider selected="true" editor-type-id="text-editor">
        <state relative-caret-position="308">
          <caret line="14" lean-forward="true" selection-start-line="14" selection-end-line="14" />
        </state>
      </provider>
    </entry>
    <entry file="jar://D:/.m2/org/springframework/boot/spring-boot-autoconfigure/2.2.2.RELEASE/spring-boot-autoconfigure-2.2.2.RELEASE.jar!/org/springframework/boot/autoconfigure/SpringBootApplication.class">
      <provider selected="true" editor-type-id="text-editor">
        <state relative-caret-position="462">
          <caret line="36" column="18" selection-start-line="36" selection-start-column="18" selection-end-line="36" selection-end-column="18" />
        </state>
      </provider>
    </entry>
    <entry file="file://$APPLICATION_CONFIG_DIR$/consoles/db/5e79a2de-6b37-46ae-8e94-b20fc5c60fcd/console.sql">
      <provider selected="true" editor-type-id="text-editor" />
    </entry>
    <entry file="file://$PROJECT_DIR$/dynamic-dataSource/pom.xml">
      <provider selected="true" editor-type-id="text-editor">
        <state relative-caret-position="341">
          <caret line="17" column="20" lean-forward="true" selection-start-line="17" selection-start-column="20" selection-end-line="17" selection-end-column="20" />
        </state>
      </provider>
    </entry>
    <entry file="file://$PROJECT_DIR$/dynamic-dataSource/src/main/java/pri/zxx/config/DynamicDataSource.java">
      <provider selected="true" editor-type-id="text-editor">
        <state relative-caret-position="110">
          <caret line="9" lean-forward="true" selection-start-line="9" selection-end-line="9" />
        </state>
      </provider>
    </entry>
    <entry file="file://$PROJECT_DIR$/dynamic-dataSource/src/main/java/pri/zxx/annotion/PickDataSource.java">
      <provider selected="true" editor-type-id="text-editor">
        <state relative-caret-position="220">
          <caret line="14" column="30" selection-start-line="14" selection-start-column="30" selection-end-line="14" selection-end-column="30" />
        </state>
      </provider>
    </entry>
    <entry file="file://$PROJECT_DIR$/dynamic-dataSource/src/main/java/pri/zxx/annotion/DataSourceAspect.java">
      <provider selected="true" editor-type-id="text-editor">
        <state relative-caret-position="352">
          <caret line="20" lean-forward="true" selection-start-line="20" selection-end-line="20" />
          <folding>
            <element signature="imports" expanded="true" />
          </folding>
        </state>
      </provider>
    </entry>
    <entry file="file://$PROJECT_DIR$/dynamic-dataSource/src/main/resources/application.yml">
      <provider selected="true" editor-type-id="text-editor">
        <state relative-caret-position="352">
          <caret line="16" column="14" selection-start-line="16" selection-start-column="14" selection-end-line="16" selection-end-column="14" />
        </state>
      </provider>
    </entry>
    <entry file="file://$PROJECT_DIR$/dynamic-dataSource/src/main/java/pri/zxx/DynanicApplication.java">
      <provider selected="true" editor-type-id="text-editor">
        <state relative-caret-position="308">
          <caret line="14" column="13" selection-start-line="14" selection-start-column="13" selection-end-line="14" selection-end-column="13" />
          <folding>
            <element signature="imports" expanded="true" />
            <element signature="docComment;class#DynanicApplication#0" expanded="true" />
          </folding>
        </state>
      </provider>
    </entry>
    <entry file="file://$PROJECT_DIR$/services-admin/src/main/java/pri/zxx/AdminApplication.java" />
    <entry file="file://$PROJECT_DIR$/services-admin/HELP.md" />
    <entry file="file://$PROJECT_DIR$/services-admin/src/main/resources/application.properties" />
    <entry file="file://$PROJECT_DIR$/learn-producer.log">
      <provider selected="true" editor-type-id="text-editor">
        <state relative-caret-position="396">
          <caret line="18" column="13" lean-forward="true" selection-start-line="18" selection-start-column="13" selection-end-line="18" selection-end-column="13" />
        </state>
      </provider>
    </entry>
    <entry file="file://$PROJECT_DIR$/services-consumer/pom.xml">
      <provider selected="true" editor-type-id="text-editor">
        <state relative-caret-position="330">
          <caret line="15" column="17" lean-forward="true" selection-start-line="15" selection-start-column="17" selection-end-line="15" selection-end-column="17" />
        </state>
      </provider>
    </entry>
    <entry file="file://$PROJECT_DIR$/services-consumer/src/main/resources/application.yml">
      <provider selected="true" editor-type-id="text-editor">
        <state relative-caret-position="220">
          <caret line="10" column="13" selection-start-line="10" selection-start-column="13" selection-end-line="10" selection-end-column="13" />
        </state>
      </provider>
    </entry>
    <entry file="file://$PROJECT_DIR$/pom.xml">
      <provider selected="true" editor-type-id="text-editor">
        <state relative-caret-position="365">
          <caret line="97" column="38" selection-start-line="97" selection-start-column="25" selection-end-line="97" selection-end-column="38" />
        </state>
      </provider>
    </entry>
    <entry file="file://$PROJECT_DIR$/services-producer/pom.xml">
      <provider selected="true" editor-type-id="text-editor">
        <state relative-caret-position="682">
          <caret line="31" column="12" lean-forward="true" selection-start-line="23" selection-start-column="3" selection-end-line="31" selection-end-column="12" />
        </state>
      </provider>
    </entry>
    <entry file="file://$PROJECT_DIR$/services-producer/src/main/resources/application.yml">
      <provider selected="true" editor-type-id="text-editor">
        <state relative-caret-position="220">
          <caret line="10" column="13" selection-start-line="10" selection-start-column="13" selection-end-line="10" selection-end-column="13" />
        </state>
      </provider>
    </entry>
    <entry file="file://$PROJECT_DIR$/services-producer/src/main/java/pri/ProducerApplication.java">
      <provider selected="true" editor-type-id="text-editor">
        <state relative-caret-position="308">
          <caret line="22" column="5" lean-forward="true" selection-start-line="22" selection-start-column="5" selection-end-line="22" selection-end-column="5" />
          <folding>
            <element signature="docComment;class#ProducerApplication#0" expanded="true" />
          </folding>
        </state>
      </provider>
    </entry>
    <entry file="file://$PROJECT_DIR$/services-admin/src/main/resources/application.yml">
      <provider selected="true" editor-type-id="text-editor">
        <state relative-caret-position="220">
          <caret line="10" column="13" lean-forward="true" selection-start-line="10" selection-start-column="13" selection-end-line="10" selection-end-column="13" />
        </state>
      </provider>
    </entry>
    <entry file="file://$PROJECT_DIR$/services-admin/src/main/java/pri/zxx/servicesadmin/ServicesAdminApplication.java">
      <provider selected="true" editor-type-id="text-editor">
        <state relative-caret-position="198">
          <caret line="11" column="26" selection-start-line="11" selection-start-column="26" selection-end-line="11" selection-end-column="26" />
        </state>
      </provider>
    </entry>
    <entry file="file://$PROJECT_DIR$/services-admin/pom.xml">
      <provider selected="true" editor-type-id="text-editor">
        <state relative-caret-position="-34">
          <caret line="29" column="34" selection-start-line="29" selection-start-column="34" selection-end-line="29" selection-end-column="34" />
        </state>
      </provider>
    </entry>
  </component>
  <component name="masterDetails">
    <states>
      <state key="ArtifactsStructureConfigurable.UI">
        <settings>
          <artifact-editor />
          <splitter-proportions>
            <option name="proportions">
              <list>
                <option value="0.2" />
              </list>
            </option>
          </splitter-proportions>
        </settings>
      </state>
      <state key="FacetStructureConfigurable.UI">
        <settings>
          <splitter-proportions>
            <option name="proportions">
              <list>
                <option value="0.2" />
              </list>
            </option>
          </splitter-proportions>
        </settings>
      </state>
      <state key="GlobalLibrariesConfigurable.UI">
        <settings>
          <splitter-proportions>
            <option name="proportions">
              <list>
                <option value="0.2" />
              </list>
            </option>
          </splitter-proportions>
        </settings>
      </state>
      <state key="JdkListConfigurable.UI">
        <settings>
          <splitter-proportions>
            <option name="proportions">
              <list>
                <option value="0.2" />
              </list>
            </option>
          </splitter-proportions>
        </settings>
      </state>
      <state key="ModuleStructureConfigurable.UI">
        <settings>
          <last-edited>services-admin</last-edited>
          <splitter-proportions>
            <option name="proportions">
              <list>
                <option value="0.2" />
                <option value="0.6" />
              </list>
            </option>
          </splitter-proportions>
        </settings>
      </state>
      <state key="ProjectLibrariesConfigurable.UI">
        <settings>
          <splitter-proportions>
            <option name="proportions">
              <list>
                <option value="0.2" />
              </list>
            </option>
          </splitter-proportions>
        </settings>
      </state>
    </states>
  </component>
</project>