<project version="4">
  <component name="FileEditorManager">
    <leaf>
      <file pinned="false" current-in-tab="false">
        <entry file="file://$PROJECT_DIR$/msg-center-api/src/main/java/com/tanjiu/service/messageproducer/DingdingProducer.java">
          <provider selected="true" editor-type-id="text-editor">
            <state relative-caret-position="110">
              <caret line="8" column="9" selection-start-line="8" selection-start-column="9" selection-end-line="8" selection-end-column="9" />
            </state>
          </provider>
        </entry>
      </file>
      <file pinned="false" current-in-tab="false">
        <entry file="file://$PROJECT_DIR$/msg-center-api/src/main/java/com/tanjiu/service/messageproducer/impl/DingdingMessageImpl.java">
          <provider selected="true" editor-type-id="text-editor">
            <state relative-caret-position="374">
              <caret line="37" column="106" selection-start-line="37" selection-start-column="6" selection-end-line="37" selection-end-column="106" />
            </state>
          </provider>
        </entry>
      </file>
      <file pinned="false" current-in-tab="false">
        <entry file="file://$PROJECT_DIR$/msg-center-api/src/main/resources/application-test.yaml">
          <provider selected="true" editor-type-id="text-editor">
            <state relative-caret-position="467">
              <caret line="65" column="31" selection-start-line="65" selection-start-column="31" selection-end-line="65" selection-end-column="31" />
            </state>
          </provider>
        </entry>
      </file>
      <file pinned="false" current-in-tab="false">
        <entry file="file://$PROJECT_DIR$/msg-center-api/src/main/java/com/tanjiu/MsgCenterApiApplication.java">
          <provider selected="true" editor-type-id="text-editor">
            <state relative-caret-position="176">
              <caret line="20" column="22" selection-start-line="20" selection-start-column="8" selection-end-line="20" selection-end-column="22" />
            </state>
          </provider>
        </entry>
      </file>
      <file pinned="false" current-in-tab="false">
        <entry file="file://$PROJECT_DIR$/msg-center-api/src/main/resources/application-dev.yaml">
          <provider selected="true" editor-type-id="text-editor" />
        </entry>
      </file>
      <file pinned="false" current-in-tab="false">
        <entry file="file://$PROJECT_DIR$/msg-center-api/src/main/resources/application-pro.yaml">
          <provider selected="true" editor-type-id="text-editor">
            <state relative-caret-position="-767" />
          </provider>
        </entry>
      </file>
      <file pinned="false" current-in-tab="true">
        <entry file="file://$PROJECT_DIR$/msg-center-api/src/main/resources/datasource.xml">
          <provider selected="true" editor-type-id="text-editor">
            <state relative-caret-position="440">
              <caret line="20" column="70" selection-start-line="20" selection-start-column="66" selection-end-line="20" selection-end-column="70" />
            </state>
          </provider>
        </entry>
      </file>
    </leaf>
  </component>
  <component name="IdeDocumentHistory">
    <option name="CHANGED_PATHS">
      <list>
        <option value="$PROJECT_DIR$/msg-center-api/src/main/java/com/tanjiu/MsgCenterApiApplication.java" />
      </list>
    </option>
  </component>
  <component name="MavenProjectNavigator">
    <treeState>
      <expand />
      <select />
    </treeState>
  </component>
  <component name="ProjectFrameBounds" extendedState="6">
    <option name="width" value="1920" />
    <option name="height" value="1050" />
  </component>
  <component name="ProjectView">
    <navigator proportions="" version="1">
      <foldersAlwaysOnTop value="true" />
    </navigator>
    <panes>
      <pane id="ProjectPane">
        <subPane>
          <expand>
            <path>
              <item name="msg-center" type="b2602c69:ProjectViewProjectNode" />
              <item name="msg-center" type="462c0819:PsiDirectoryNode" />
            </path>
            <path>
              <item name="msg-center" type="b2602c69:ProjectViewProjectNode" />
              <item name="msg-center" type="462c0819:PsiDirectoryNode" />
              <item name="msg-center-api" type="462c0819:PsiDirectoryNode" />
            </path>
            <path>
              <item name="msg-center" type="b2602c69:ProjectViewProjectNode" />
              <item name="msg-center" type="462c0819:PsiDirectoryNode" />
              <item name="msg-center-api" type="462c0819:PsiDirectoryNode" />
              <item name="src" type="462c0819:PsiDirectoryNode" />
            </path>
            <path>
              <item name="msg-center" type="b2602c69:ProjectViewProjectNode" />
              <item name="msg-center" type="462c0819:PsiDirectoryNode" />
              <item name="msg-center-api" type="462c0819:PsiDirectoryNode" />
              <item name="src" type="462c0819:PsiDirectoryNode" />
              <item name="main" type="462c0819:PsiDirectoryNode" />
            </path>
            <path>
              <item name="msg-center" type="b2602c69:ProjectViewProjectNode" />
              <item name="msg-center" type="462c0819:PsiDirectoryNode" />
              <item name="msg-center-api" type="462c0819:PsiDirectoryNode" />
              <item name="src" type="462c0819:PsiDirectoryNode" />
              <item name="main" type="462c0819:PsiDirectoryNode" />
              <item name="java" type="462c0819:PsiDirectoryNode" />
            </path>
            <path>
              <item name="msg-center" type="b2602c69:ProjectViewProjectNode" />
              <item name="msg-center" type="462c0819:PsiDirectoryNode" />
              <item name="msg-center-api" type="462c0819:PsiDirectoryNode" />
              <item name="src" type="462c0819:PsiDirectoryNode" />
              <item name="main" type="462c0819:PsiDirectoryNode" />
              <item name="java" type="462c0819:PsiDirectoryNode" />
              <item name="com" type="462c0819:PsiDirectoryNode" />
            </path>
            <path>
              <item name="msg-center" type="b2602c69:ProjectViewProjectNode" />
              <item name="msg-center" type="462c0819:PsiDirectoryNode" />
              <item name="msg-center-api" type="462c0819:PsiDirectoryNode" />
              <item name="src" type="462c0819:PsiDirectoryNode" />
              <item name="main" type="462c0819:PsiDirectoryNode" />
              <item name="java" type="462c0819:PsiDirectoryNode" />
              <item name="com" type="462c0819:PsiDirectoryNode" />
              <item name="tanjiu" type="462c0819:PsiDirectoryNode" />
            </path>
            <path>
              <item name="msg-center" type="b2602c69:ProjectViewProjectNode" />
              <item name="msg-center" type="462c0819:PsiDirectoryNode" />
              <item name="msg-center-api" type="462c0819:PsiDirectoryNode" />
              <item name="src" type="462c0819:PsiDirectoryNode" />
              <item name="main" type="462c0819:PsiDirectoryNode" />
              <item name="resources" type="462c0819:PsiDirectoryNode" />
            </path>
          </expand>
          <select />
        </subPane>
      </pane>
      <pane id="PackagesPane" />
      <pane id="Scope" />
    </panes>
  </component>
  <component name="TimeTrackingManager">
    <option name="totallyTimeSpent" value="1593000" />
  </component>
  <component name="ToolWindowManager">
    <frame x="-8" y="-8" width="1936" height="1066" extended-state="6" />
    <layout>
      <window_info active="true" content_ui="combo" id="Project" order="0" visible="true" weight="0.2605898" />
      <window_info id="Structure" order="1" side_tool="true" weight="0.25" />
      <window_info id="Web" order="2" side_tool="true" />
      <window_info id="Favorites" order="3" side_tool="true" />
      <window_info anchor="bottom" id="Message" order="0" />
      <window_info anchor="bottom" id="Find" order="1" />
      <window_info anchor="bottom" id="Run" order="2" />
      <window_info anchor="bottom" id="Debug" order="3" weight="0.4" />
      <window_info anchor="bottom" id="Cvs" order="4" weight="0.25" />
      <window_info anchor="bottom" id="Inspection" order="5" weight="0.4" />
      <window_info anchor="bottom" id="TODO" order="6" />
      <window_info anchor="bottom" id="Services" order="7" />
      <window_info anchor="bottom" id="Version Control" order="8" />
      <window_info anchor="bottom" id="Spring" order="9" />
      <window_info anchor="bottom" id="Database Changes" order="10" />
      <window_info anchor="bottom" id="Event Log" order="11" sideWeight="0.5002681" side_tool="true" weight="0.32939914" />
      <window_info anchor="bottom" id="Java Enterprise" order="12" />
      <window_info anchor="bottom" id="Build" order="13" sideWeight="0.4997319" visible="true" weight="0.29291844" />
      <window_info anchor="bottom" id="Terminal" order="14" />
      <window_info anchor="right" id="Commander" internal_type="SLIDING" order="0" type="SLIDING" weight="0.4" />
      <window_info anchor="right" id="Ant Build" order="1" weight="0.25" />
      <window_info anchor="right" content_ui="combo" id="Hierarchy" order="2" weight="0.25" />
      <window_info anchor="right" id="Maven" order="3" weight="0.18981233" />
      <window_info anchor="right" id="Database" order="4" weight="0.3297587" />
      <window_info anchor="right" id="Key Promoter X" order="5" />
      <window_info anchor="right" id="Ant" order="6" />
      <window_info anchor="right" id="Bean Validation" order="7" />
      <window_info anchor="right" id="JSON Utils" order="8" />
      <window_info anchor="right" id="leetcode" order="9" side_tool="true" />
    </layout>
  </component>
  <component name="editorHistoryManager">
    <entry file="file://$PROJECT_DIR$/Dockerfile">
      <provider selected="true" editor-type-id="text-editor" />
    </entry>
    <entry file="file://$PROJECT_DIR$/pom.xml">
      <provider selected="true" editor-type-id="text-editor">
        <state relative-caret-position="-448" />
      </provider>
    </entry>
    <entry file="file://$PROJECT_DIR$/msg-center-api/pom.xml">
      <provider selected="true" editor-type-id="text-editor">
        <state relative-caret-position="420">
          <caret line="35" column="21" selection-start-line="28" selection-start-column="7" selection-end-line="35" selection-end-column="21" />
        </state>
      </provider>
    </entry>
    <entry file="file://$PROJECT_DIR$/msg-center-api/src/main/java/com/tanjiu/controller/SuperController.java">
      <provider selected="true" editor-type-id="text-editor">
        <state relative-caret-position="144">
          <caret line="12" column="13" selection-start-line="12" selection-start-column="13" selection-end-line="12" selection-end-column="13" />
        </state>
      </provider>
    </entry>
    <entry file="file://$PROJECT_DIR$/msg-center-api/src/main/java/com/tanjiu/controller/user/AuthController.java">
      <provider selected="true" editor-type-id="text-editor">
        <state relative-caret-position="268">
          <caret line="32" column="42" lean-forward="true" selection-start-line="32" selection-start-column="42" selection-end-line="32" selection-end-column="42" />
        </state>
      </provider>
    </entry>
    <entry file="file://$PROJECT_DIR$/msg-center-api/src/main/java/com/tanjiu/service/auth/impl/AuthServiceImpl.java">
      <provider selected="true" editor-type-id="text-editor">
        <state relative-caret-position="396">
          <caret line="39" column="23" selection-start-line="39" selection-start-column="17" selection-end-line="39" selection-end-column="23" />
        </state>
      </provider>
    </entry>
    <entry file="file://$PROJECT_DIR$/msg-center-api/src/main/java/com/tanjiu/service/auth/AuthService.java">
      <provider selected="true" editor-type-id="text-editor">
        <state relative-caret-position="168">
          <caret line="14" column="26" selection-start-line="14" selection-start-column="11" selection-end-line="14" selection-end-column="26" />
        </state>
      </provider>
    </entry>
    <entry file="file://$PROJECT_DIR$/msg-center-api/src/main/java/com/tanjiu/dao/PlaceHolderMapper.java">
      <provider selected="true" editor-type-id="text-editor">
        <state relative-caret-position="72">
          <caret line="8" column="17" selection-start-line="8" selection-start-column="17" selection-end-line="8" selection-end-column="17" />
        </state>
      </provider>
    </entry>
    <entry file="file://$PROJECT_DIR$/msg-center-api/src/main/java/com/tanjiu/dao/MsgPushInfoMapper.java">
      <provider selected="true" editor-type-id="text-editor">
        <state relative-caret-position="144">
          <caret line="11" column="17" selection-start-line="11" selection-start-column="17" selection-end-line="11" selection-end-column="17" />
        </state>
      </provider>
    </entry>
    <entry file="file://$PROJECT_DIR$/msg-center-api/src/main/java/com/tanjiu/dao/MessageTemplateMapper.java">
      <provider selected="true" editor-type-id="text-editor">
        <state relative-caret-position="110">
          <caret line="6" column="17" selection-start-line="6" selection-start-column="17" selection-end-line="6" selection-end-column="17" />
        </state>
      </provider>
    </entry>
    <entry file="file://$PROJECT_DIR$/msg-center-api/src/main/resources/application.yaml">
      <provider selected="true" editor-type-id="text-editor">
        <state relative-caret-position="-281" />
      </provider>
    </entry>
    <entry file="file://$PROJECT_DIR$/msg-center-api/src/main/java/com/tanjiu/dao/MessageMapper.java">
      <provider selected="true" editor-type-id="text-editor">
        <state>
          <folding>
            <element signature="e#0#381#0" expanded="true" />
          </folding>
        </state>
      </provider>
    </entry>
    <entry file="file://$PROJECT_DIR$/msg-center-api/src/main/java/com/tanjiu/controller/message/MsgProducerController.java">
      <provider selected="true" editor-type-id="text-editor">
        <state relative-caret-position="1078">
          <caret line="69" column="32" selection-start-line="69" selection-start-column="32" selection-end-line="69" selection-end-column="32" />
        </state>
      </provider>
    </entry>
    <entry file="file://$PROJECT_DIR$/msg-center-api/src/main/java/com/tanjiu/controller/message/MsgCommonController.java">
      <provider selected="true" editor-type-id="text-editor">
        <state relative-caret-position="176">
          <caret line="39" column="13" selection-start-line="39" selection-start-column="13" selection-end-line="39" selection-end-column="13" />
        </state>
      </provider>
    </entry>
    <entry file="file://$PROJECT_DIR$/msg-center-api/src/main/java/com/tanjiu/service/messageproducer/DingdingProducer.java">
      <provider selected="true" editor-type-id="text-editor">
        <state relative-caret-position="110">
          <caret line="8" column="9" selection-start-line="8" selection-start-column="9" selection-end-line="8" selection-end-column="9" />
        </state>
      </provider>
    </entry>
    <entry file="file://$PROJECT_DIR$/msg-center-api/src/main/java/com/tanjiu/service/messageproducer/impl/DingdingMessageImpl.java">
      <provider selected="true" editor-type-id="text-editor">
        <state relative-caret-position="374">
          <caret line="37" column="106" selection-start-line="37" selection-start-column="6" selection-end-line="37" selection-end-column="106" />
        </state>
      </provider>
    </entry>
    <entry file="file://$PROJECT_DIR$/msg-center-api/src/main/java/com/tanjiu/MsgCenterApiApplication.java">
      <provider selected="true" editor-type-id="text-editor">
        <state relative-caret-position="176">
          <caret line="20" column="22" selection-start-line="20" selection-start-column="8" selection-end-line="20" selection-end-column="22" />
        </state>
      </provider>
    </entry>
    <entry file="file://$PROJECT_DIR$/msg-center-api/src/main/resources/application-test.yaml">
      <provider selected="true" editor-type-id="text-editor">
        <state relative-caret-position="467">
          <caret line="65" column="31" selection-start-line="65" selection-start-column="31" selection-end-line="65" selection-end-column="31" />
        </state>
      </provider>
    </entry>
    <entry file="file://$PROJECT_DIR$/msg-center-api/src/main/resources/application-dev.yaml">
      <provider selected="true" editor-type-id="text-editor" />
    </entry>
    <entry file="file://$PROJECT_DIR$/msg-center-api/src/main/resources/application-pro.yaml">
      <provider selected="true" editor-type-id="text-editor">
        <state relative-caret-position="-767" />
      </provider>
    </entry>
    <entry file="file://$PROJECT_DIR$/msg-center-api/src/main/resources/datasource.xml">
      <provider selected="true" editor-type-id="text-editor">
        <state relative-caret-position="440">
          <caret line="20" column="70" selection-start-line="20" selection-start-column="66" selection-end-line="20" selection-end-column="70" />
        </state>
      </provider>
    </entry>
  </component>
</project>