<project version="4">
  <component name="FileEditorManager">
    <leaf>
      <file pinned="false" current-in-tab="true">
        <entry file="file://$PROJECT_DIR$/spring-cloud-ribbon/spring-cloud-ribbon-consumer/src/main/java/io/ymq/example/ribbon/consumer/RibbonConsumerApplication.java">
          <provider selected="true" editor-type-id="text-editor">
            <state relative-caret-position="396">
              <caret line="23" selection-start-line="23" selection-end-line="23" />
            </state>
          </provider>
        </entry>
      </file>
    </leaf>
  </component>
  <component name="ProjectFrameBounds" extendedState="6">
    <option name="width" value="1920" />
    <option name="height" value="1050" />
  </component>
  <component name="ProjectView">
    <navigator proportions="" version="1">
      <foldersAlwaysOnTop value="true" />
    </navigator>
    <panes>
      <pane id="ProjectPane">
        <subPane>
          <expand>
            <path>
              <item name="SpringCloudExamples" type="b2602c69:ProjectViewProjectNode" />
              <item name="SpringCloudExamples" type="462c0819:PsiDirectoryNode" />
            </path>
            <path>
              <item name="SpringCloudExamples" type="b2602c69:ProjectViewProjectNode" />
              <item name="SpringCloudExamples" type="462c0819:PsiDirectoryNode" />
              <item name="spring-cloud-ribbon" type="462c0819:PsiDirectoryNode" />
            </path>
            <path>
              <item name="SpringCloudExamples" type="b2602c69:ProjectViewProjectNode" />
              <item name="SpringCloudExamples" type="462c0819:PsiDirectoryNode" />
              <item name="spring-cloud-ribbon" type="462c0819:PsiDirectoryNode" />
              <item name="spring-cloud-ribbon-consumer" type="462c0819:PsiDirectoryNode" />
            </path>
            <path>
              <item name="SpringCloudExamples" type="b2602c69:ProjectViewProjectNode" />
              <item name="SpringCloudExamples" type="462c0819:PsiDirectoryNode" />
              <item name="spring-cloud-ribbon" type="462c0819:PsiDirectoryNode" />
              <item name="spring-cloud-ribbon-consumer" type="462c0819:PsiDirectoryNode" />
              <item name="src" type="462c0819:PsiDirectoryNode" />
            </path>
            <path>
              <item name="SpringCloudExamples" type="b2602c69:ProjectViewProjectNode" />
              <item name="SpringCloudExamples" type="462c0819:PsiDirectoryNode" />
              <item name="spring-cloud-ribbon" type="462c0819:PsiDirectoryNode" />
              <item name="spring-cloud-ribbon-consumer" type="462c0819:PsiDirectoryNode" />
              <item name="src" type="462c0819:PsiDirectoryNode" />
              <item name="main" type="462c0819:PsiDirectoryNode" />
            </path>
            <path>
              <item name="SpringCloudExamples" type="b2602c69:ProjectViewProjectNode" />
              <item name="SpringCloudExamples" type="462c0819:PsiDirectoryNode" />
              <item name="spring-cloud-ribbon" type="462c0819:PsiDirectoryNode" />
              <item name="spring-cloud-ribbon-consumer" type="462c0819:PsiDirectoryNode" />
              <item name="src" type="462c0819:PsiDirectoryNode" />
              <item name="main" type="462c0819:PsiDirectoryNode" />
              <item name="java" type="462c0819:PsiDirectoryNode" />
            </path>
            <path>
              <item name="SpringCloudExamples" type="b2602c69:ProjectViewProjectNode" />
              <item name="SpringCloudExamples" type="462c0819:PsiDirectoryNode" />
              <item name="spring-cloud-ribbon" type="462c0819:PsiDirectoryNode" />
              <item name="spring-cloud-ribbon-consumer" type="462c0819:PsiDirectoryNode" />
              <item name="src" type="462c0819:PsiDirectoryNode" />
              <item name="main" type="462c0819:PsiDirectoryNode" />
              <item name="java" type="462c0819:PsiDirectoryNode" />
              <item name="io" type="462c0819:PsiDirectoryNode" />
            </path>
            <path>
              <item name="SpringCloudExamples" type="b2602c69:ProjectViewProjectNode" />
              <item name="SpringCloudExamples" type="462c0819:PsiDirectoryNode" />
              <item name="spring-cloud-ribbon" type="462c0819:PsiDirectoryNode" />
              <item name="spring-cloud-ribbon-consumer" type="462c0819:PsiDirectoryNode" />
              <item name="src" type="462c0819:PsiDirectoryNode" />
              <item name="main" type="462c0819:PsiDirectoryNode" />
              <item name="java" type="462c0819:PsiDirectoryNode" />
              <item name="io" type="462c0819:PsiDirectoryNode" />
              <item name="ymq" type="462c0819:PsiDirectoryNode" />
            </path>
            <path>
              <item name="SpringCloudExamples" type="b2602c69:ProjectViewProjectNode" />
              <item name="SpringCloudExamples" type="462c0819:PsiDirectoryNode" />
              <item name="spring-cloud-ribbon" type="462c0819:PsiDirectoryNode" />
              <item name="spring-cloud-ribbon-consumer" type="462c0819:PsiDirectoryNode" />
              <item name="src" type="462c0819:PsiDirectoryNode" />
              <item name="main" type="462c0819:PsiDirectoryNode" />
              <item name="java" type="462c0819:PsiDirectoryNode" />
              <item name="io" type="462c0819:PsiDirectoryNode" />
              <item name="ymq" type="462c0819:PsiDirectoryNode" />
              <item name="example" type="462c0819:PsiDirectoryNode" />
            </path>
            <path>
              <item name="SpringCloudExamples" type="b2602c69:ProjectViewProjectNode" />
              <item name="SpringCloudExamples" type="462c0819:PsiDirectoryNode" />
              <item name="spring-cloud-ribbon" type="462c0819:PsiDirectoryNode" />
              <item name="spring-cloud-ribbon-consumer" type="462c0819:PsiDirectoryNode" />
              <item name="src" type="462c0819:PsiDirectoryNode" />
              <item name="main" type="462c0819:PsiDirectoryNode" />
              <item name="java" type="462c0819:PsiDirectoryNode" />
              <item name="io" type="462c0819:PsiDirectoryNode" />
              <item name="ymq" type="462c0819:PsiDirectoryNode" />
              <item name="example" type="462c0819:PsiDirectoryNode" />
              <item name="ribbon" type="462c0819:PsiDirectoryNode" />
            </path>
            <path>
              <item name="SpringCloudExamples" type="b2602c69:ProjectViewProjectNode" />
              <item name="SpringCloudExamples" type="462c0819:PsiDirectoryNode" />
              <item name="spring-cloud-ribbon" type="462c0819:PsiDirectoryNode" />
              <item name="spring-cloud-ribbon-consumer" type="462c0819:PsiDirectoryNode" />
              <item name="src" type="462c0819:PsiDirectoryNode" />
              <item name="main" type="462c0819:PsiDirectoryNode" />
              <item name="java" type="462c0819:PsiDirectoryNode" />
              <item name="io" type="462c0819:PsiDirectoryNode" />
              <item name="ymq" type="462c0819:PsiDirectoryNode" />
              <item name="example" type="462c0819:PsiDirectoryNode" />
              <item name="ribbon" type="462c0819:PsiDirectoryNode" />
              <item name="consumer" type="462c0819:PsiDirectoryNode" />
            </path>
          </expand>
          <select />
        </subPane>
      </pane>
      <pane id="Scope" />
      <pane id="PackagesPane" />
    </panes>
  </component>
  <component name="TimeTrackingManager">
    <option name="totallyTimeSpent" value="71000" />
  </component>
  <component name="ToolWindowManager">
    <frame x="-8" y="-8" width="1936" height="1066" extended-state="6" />
    <layout>
      <window_info active="true" content_ui="combo" id="Project" order="0" visible="true" weight="0.2530831" />
      <window_info id="Structure" order="1" side_tool="true" weight="0.25" />
      <window_info id="Favorites" order="2" side_tool="true" />
      <window_info anchor="bottom" id="Message" order="0" />
      <window_info anchor="bottom" id="Find" order="1" />
      <window_info anchor="bottom" id="Run" order="2" />
      <window_info anchor="bottom" id="Debug" order="3" weight="0.4" />
      <window_info anchor="bottom" id="Cvs" order="4" weight="0.25" />
      <window_info anchor="bottom" id="Inspection" order="5" weight="0.4" />
      <window_info anchor="bottom" id="TODO" order="6" />
      <window_info anchor="bottom" id="Services" order="7" />
      <window_info anchor="bottom" id="Problems" order="8" />
      <window_info anchor="bottom" id="Database Changes" order="9" />
      <window_info anchor="bottom" id="Terminal" order="10" />
      <window_info anchor="bottom" id="Event Log" order="11" side_tool="true" />
      <window_info anchor="bottom" id="Version Control" order="12" />
      <window_info anchor="bottom" id="Build" order="13" />
      <window_info anchor="right" id="Commander" internal_type="SLIDING" order="0" type="SLIDING" weight="0.4" />
      <window_info anchor="right" id="Ant Build" order="1" weight="0.25" />
      <window_info anchor="right" content_ui="combo" id="Hierarchy" order="2" weight="0.25" />
      <window_info anchor="right" id="Ant" order="3" />
      <window_info anchor="right" id="Key Promoter X" order="4" />
      <window_info anchor="right" id="JSON Utils" order="5" />
      <window_info anchor="right" id="Database" order="6" />
    </layout>
  </component>
  <component name="editorHistoryManager">
    <entry file="file://$PROJECT_DIR$/spring-cloud-ribbon/spring-cloud-ribbon-consumer/pom.xml">
      <provider selected="true" editor-type-id="text-editor">
        <state relative-caret-position="486">
          <caret line="31" column="51" selection-start-line="31" selection-start-column="45" selection-end-line="31" selection-end-column="51" />
        </state>
      </provider>
    </entry>
    <entry file="file://$PROJECT_DIR$/spring-cloud-ribbon/spring-cloud-ribbon-consumer/src/main/resources/application.yml">
      <provider selected="true" editor-type-id="text-editor" />
    </entry>
    <entry file="file://$PROJECT_DIR$/spring-cloud-ribbon/spring-cloud-ribbon-consumer/src/main/java/io/ymq/example/ribbon/consumer/ConsumerController.java">
      <provider selected="true" editor-type-id="text-editor">
        <state relative-caret-position="374">
          <caret line="25" lean-forward="true" selection-start-line="25" selection-end-line="25" />
        </state>
      </provider>
    </entry>
    <entry file="file://$PROJECT_DIR$/spring-cloud-ribbon/spring-cloud-ribbon-consumer/src/main/java/io/ymq/example/ribbon/consumer/RibbonConsumerApplication.java">
      <provider selected="true" editor-type-id="text-editor">
        <state relative-caret-position="396">
          <caret line="23" selection-start-line="23" selection-end-line="23" />
        </state>
      </provider>
    </entry>
  </component>
</project>