<project version="4">
  <component name="FileEditorManager">
    <leaf>
      <file pinned="false" current-in-tab="true">
        <entry file="file://$APPLICATION_CONFIG_DIR$/idea64.exe.vmoptions">
          <provider selected="true" editor-type-id="text-editor">
            <state relative-caret-position="418">
              <caret line="19" column="63" selection-end-line="19" selection-end-column="63" />
            </state>
          </provider>
        </entry>
      </file>
    </leaf>
  </component>
  <component name="FindInProjectRecents">
    <findStrings>
      <find>LOG</find>
    </findStrings>
    <replaceStrings>
      <replace>log</replace>
    </replaceStrings>
  </component>
  <component name="IdeDocumentHistory">
    <option name="CHANGED_PATHS">
      <list>
        <option value="$APPLICATION_CONFIG_DIR$/idea64.exe.vmoptions" />
        <option value="$PROJECT_DIR$/pom.xml" />
        <option value="$PROJECT_DIR$/src/main/java/com/vx/demo/demo/vo/wx/Data.java" />
        <option value="$PROJECT_DIR$/src/main/java/com/vx/demo/demo/controller/wx/VxController.java" />
        <option value="$PROJECT_DIR$/src/main/java/com/vx/demo/demo/controller/VxController.java" />
        <option value="$PROJECT_DIR$/src/main/java/com/vx/demo/demo/service/wx/WvPushService.java" />
        <option value="$PROJECT_DIR$/src/main/java/com/vx/demo/demo/controller/WxController.java" />
        <option value="$PROJECT_DIR$/src/main/java/com/vx/demo/demo/service/wx/WxPushService.java" />
        <option value="$PROJECT_DIR$/src/main/java/com/vx/demo/demo/config/DingConfig.java" />
        <option value="$PROJECT_DIR$/src/main/java/com/vx/demo/demo/service/dingding/DingDingService.java" />
        <option value="$PROJECT_DIR$/src/main/java/com/vx/demo/demo/controller/ApiController.java" />
      </list>
    </option>
  </component>
  <component name="MavenProjectNavigator">
    <treeState>
      <expand>
        <path>
          <item name="" type="16c1761:MavenProjectsStructure$RootNode" />
          <item name="demo" type="9519ce18:MavenProjectsStructure$ProjectNode" />
        </path>
      </expand>
      <select />
    </treeState>
  </component>
  <component name="ProjectFrameBounds" extendedState="6">
    <option name="width" value="1920" />
    <option name="height" value="1050" />
  </component>
  <component name="ProjectView">
    <navigator currentView="Scope" currentSubView="Scope 'Project Files'; set:Project Files; class com.intellij.psi.search.scope.ProjectFilesScope" proportions="" version="1">
      <foldersAlwaysOnTop value="true" />
    </navigator>
    <panes>
      <pane id="PackagesPane" />
      <pane id="ProjectPane">
        <subPane>
          <expand>
            <path>
              <item name="demo" type="b2602c69:ProjectViewProjectNode" />
              <item name="demo" type="462c0819:PsiDirectoryNode" />
            </path>
          </expand>
          <select />
        </subPane>
      </pane>
      <pane id="Scope">
        <subPane subId="Scope 'Project Files'; set:Project Files; class com.intellij.psi.search.scope.ProjectFilesScope">
          <expand>
            <path>
              <item name="demo" type="3d21c010:ScopeViewTreeModel$ProjectNode" />
              <item name="demo" type="2674bda8:ScopeViewTreeModel$GroupNode" />
            </path>
            <path>
              <item name="demo" type="3d21c010:ScopeViewTreeModel$ProjectNode" />
              <item name="demo" type="2674bda8:ScopeViewTreeModel$GroupNode" />
              <item name="src" type="9f88c78c:ScopeViewTreeModel$FileNode" />
            </path>
            <path>
              <item name="demo" type="3d21c010:ScopeViewTreeModel$ProjectNode" />
              <item name="demo" type="2674bda8:ScopeViewTreeModel$GroupNode" />
              <item name="src" type="9f88c78c:ScopeViewTreeModel$FileNode" />
              <item name="main" type="9f88c78c:ScopeViewTreeModel$FileNode" />
            </path>
            <path>
              <item name="demo" type="3d21c010:ScopeViewTreeModel$ProjectNode" />
              <item name="demo" type="2674bda8:ScopeViewTreeModel$GroupNode" />
              <item name="src" type="9f88c78c:ScopeViewTreeModel$FileNode" />
              <item name="main" type="9f88c78c:ScopeViewTreeModel$FileNode" />
              <item name="java" type="9f88c78c:ScopeViewTreeModel$FileNode" />
            </path>
            <path>
              <item name="demo" type="3d21c010:ScopeViewTreeModel$ProjectNode" />
              <item name="demo" type="2674bda8:ScopeViewTreeModel$GroupNode" />
              <item name="src" type="9f88c78c:ScopeViewTreeModel$FileNode" />
              <item name="main" type="9f88c78c:ScopeViewTreeModel$FileNode" />
              <item name="java" type="9f88c78c:ScopeViewTreeModel$FileNode" />
              <item name="com.vx.demo.demo" type="9f88c78c:ScopeViewTreeModel$FileNode" />
            </path>
            <path>
              <item name="demo" type="3d21c010:ScopeViewTreeModel$ProjectNode" />
              <item name="demo" type="2674bda8:ScopeViewTreeModel$GroupNode" />
              <item name="src" type="9f88c78c:ScopeViewTreeModel$FileNode" />
              <item name="main" type="9f88c78c:ScopeViewTreeModel$FileNode" />
              <item name="java" type="9f88c78c:ScopeViewTreeModel$FileNode" />
              <item name="com.vx.demo.demo" type="9f88c78c:ScopeViewTreeModel$FileNode" />
              <item name="vo" type="9f88c78c:ScopeViewTreeModel$FileNode" />
            </path>
            <path>
              <item name="demo" type="3d21c010:ScopeViewTreeModel$ProjectNode" />
              <item name="demo" type="2674bda8:ScopeViewTreeModel$GroupNode" />
              <item name="src" type="9f88c78c:ScopeViewTreeModel$FileNode" />
              <item name="main" type="9f88c78c:ScopeViewTreeModel$FileNode" />
              <item name="java" type="9f88c78c:ScopeViewTreeModel$FileNode" />
              <item name="com.vx.demo.demo" type="9f88c78c:ScopeViewTreeModel$FileNode" />
              <item name="vo" type="9f88c78c:ScopeViewTreeModel$FileNode" />
              <item name="dingding" type="9f88c78c:ScopeViewTreeModel$FileNode" />
            </path>
          </expand>
          <select />
        </subPane>
      </pane>
    </panes>
  </component>
  <component name="TimeTrackingManager">
    <option name="totallyTimeSpent" value="6084000" />
  </component>
  <component name="ToolWindowManager">
    <frame x="-8" y="-8" width="1936" height="1066" extended-state="6" />
    <layout>
      <window_info active="true" content_ui="combo" id="Project" order="0" visible="true" weight="0.21459228" />
      <window_info id="Structure" order="1" side_tool="true" weight="0.25" />
      <window_info id="Web" order="2" side_tool="true" />
      <window_info id="Favorites" order="3" side_tool="true" />
      <window_info anchor="bottom" id="Message" order="0" />
      <window_info anchor="bottom" id="Find" order="1" />
      <window_info anchor="bottom" id="Run" order="2" weight="0.38543898" />
      <window_info anchor="bottom" id="Debug" order="3" weight="0.2360515" />
      <window_info anchor="bottom" id="Cvs" order="4" weight="0.25" />
      <window_info anchor="bottom" id="Inspection" order="5" weight="0.4" />
      <window_info anchor="bottom" id="TODO" order="6" />
      <window_info anchor="bottom" id="Services" order="7" />
      <window_info anchor="bottom" id="Version Control" order="8" />
      <window_info anchor="bottom" id="Problems" order="9" />
      <window_info anchor="bottom" id="Spring" order="10" weight="0.32976446" />
      <window_info anchor="bottom" id="Database Changes" order="11" />
      <window_info anchor="bottom" id="Terminal" order="12" weight="0.32976446" />
      <window_info anchor="bottom" id="Event Log" order="13" side_tool="true" weight="0.32976446" />
      <window_info anchor="bottom" id="Build" order="14" weight="0.32976446" />
      <window_info anchor="bottom" id="Java Enterprise" order="15" />
      <window_info anchor="bottom" id="Messages" order="16" weight="0.32976446" />
      <window_info anchor="right" id="Commander" internal_type="SLIDING" order="0" type="SLIDING" weight="0.4" />
      <window_info anchor="right" id="Ant Build" order="1" weight="0.25" />
      <window_info anchor="right" content_ui="combo" id="Hierarchy" order="2" weight="0.25" />
      <window_info anchor="right" id="Maven" order="3" weight="0.17918456" />
      <window_info anchor="right" id="Database" order="4" />
      <window_info anchor="right" id="Ant" order="5" />
      <window_info anchor="right" id="Key Promoter X" order="6" />
      <window_info anchor="right" id="Bean Validation" order="7" />
      <window_info anchor="right" id="JSON Utils" order="8" />
    </layout>
  </component>
  <component name="editorHistoryManager">
    <entry file="file://$PROJECT_DIR$/src/main/resources/application.yml">
      <provider selected="true" editor-type-id="text-editor">
        <state relative-caret-position="154">
          <caret line="7" column="14" lean-forward="true" selection-start-line="7" selection-start-column="14" selection-end-line="7" selection-end-column="14" />
        </state>
      </provider>
    </entry>
    <entry file="file://$PROJECT_DIR$/pom.xml">
      <provider selected="true" editor-type-id="text-editor">
        <state relative-caret-position="306">
          <caret line="47" column="8" selection-start-line="47" selection-start-column="8" selection-end-line="47" selection-end-column="8" />
        </state>
      </provider>
    </entry>
    <entry file="file://$PROJECT_DIR$/src/main/java/com/vx/demo/demo/service/WvPushService.java" />
    <entry file="file://$PROJECT_DIR$/src/main/java/com/vx/demo/demo/vo/Content.java" />
    <entry file="file://$PROJECT_DIR$/src/main/java/com/vx/demo/demo/vo/wx/Data.java">
      <provider selected="true" editor-type-id="text-editor">
        <state relative-caret-position="88">
          <caret line="6" column="13" selection-start-line="6" selection-start-column="13" selection-end-line="6" selection-end-column="13" />
        </state>
      </provider>
    </entry>
    <entry file="file://$PROJECT_DIR$/src/main/java/com/vx/demo/demo/vo/wx/TemplateMessage.java">
      <provider selected="true" editor-type-id="text-editor">
        <state relative-caret-position="66">
          <caret line="5" column="13" selection-start-line="5" selection-start-column="13" selection-end-line="5" selection-end-column="13" />
        </state>
      </provider>
    </entry>
    <entry file="file://$PROJECT_DIR$/src/main/java/com/vx/demo/demo/vo/wx/TemplateVo.java">
      <provider selected="true" editor-type-id="text-editor">
        <state relative-caret-position="110">
          <caret line="9" column="13" selection-start-line="9" selection-start-column="13" selection-end-line="9" selection-end-column="13" />
        </state>
      </provider>
    </entry>
    <entry file="file://$PROJECT_DIR$/src/main/java/com/vx/demo/demo/vo/wx/Content.java">
      <provider selected="true" editor-type-id="text-editor">
        <state relative-caret-position="440">
          <caret line="22" column="8" selection-start-line="22" selection-start-column="8" selection-end-line="22" selection-end-column="8" />
        </state>
      </provider>
    </entry>
    <entry file="file://$PROJECT_DIR$/src/main/java/com/vx/demo/demo/controller/wx/VxController.java" />
    <entry file="file://$PROJECT_DIR$/src/main/java/com/vx/demo/demo/DemoApplication.java">
      <provider selected="true" editor-type-id="text-editor">
        <state relative-caret-position="110">
          <caret line="7" column="13" selection-start-line="7" selection-start-column="13" selection-end-line="7" selection-end-column="13" />
        </state>
      </provider>
    </entry>
    <entry file="file://$PROJECT_DIR$/src/main/java/com/vx/demo/demo/utils/HttpRequestUtil.java">
      <provider selected="true" editor-type-id="text-editor">
        <state relative-caret-position="110">
          <caret line="22" column="28" selection-start-line="22" selection-start-column="13" selection-end-line="22" selection-end-column="28" />
        </state>
      </provider>
    </entry>
    <entry file="file://$PROJECT_DIR$/src/main/java/com/vx/demo/demo/service/wx/WxPushService.java">
      <provider selected="true" editor-type-id="text-editor">
        <state relative-caret-position="460">
          <caret line="85" selection-start-line="85" selection-end-line="85" />
        </state>
      </provider>
    </entry>
    <entry file="file://$PROJECT_DIR$/src/main/java/com/vx/demo/demo/config/DingConfig.java">
      <provider selected="true" editor-type-id="text-editor">
        <state relative-caret-position="221">
          <caret line="20" column="38" selection-start-line="20" selection-start-column="38" selection-end-line="20" selection-end-column="38" />
          <folding>
            <element signature="docComment;field#dingAppkey#0;class#DingConfig#0" expanded="true" />
            <element signature="docComment;field#dingAppSecret#0;class#DingConfig#0" expanded="true" />
            <element signature="docComment;field#dingAgentId#0;class#DingConfig#0" expanded="true" />
            <element signature="docComment;field#dingGetAccessTokenUrl#0;class#DingConfig#0" expanded="true" />
            <element signature="docComment;field#dingGetUserByMoblieUrl#0;class#DingConfig#0" expanded="true" />
            <element signature="docComment;field#dingMsgPushToUser#0;class#DingConfig#0" expanded="true" />
          </folding>
        </state>
      </provider>
    </entry>
    <entry file="file://$PROJECT_DIR$/src/main/java/com/vx/demo/demo/service/dingding/DingDingService.java">
      <provider selected="true" editor-type-id="text-editor">
        <state relative-caret-position="314">
          <caret line="61" column="46" selection-start-line="61" selection-start-column="46" selection-end-line="61" selection-end-column="46" />
          <folding>
            <element signature="imports" expanded="true" />
            <element signature="docComment;class#DingDingService#0" expanded="true" />
            <element signature="docComment;method#getAccessToken#0;class#DingDingService#0" expanded="true" />
            <element signature="docComment;method#getUserIdByMoblie#0;class#DingDingService#0" expanded="true" />
            <element signature="docComment;method#pushMsgToUser#0;class#DingDingService#0" expanded="true" />
            <element signature="docComment;method#resultCheck#0;class#DingDingService#0" expanded="true" />
          </folding>
        </state>
      </provider>
    </entry>
    <entry file="file://$PROJECT_DIR$/src/main/java/com/vx/demo/demo/config/WxConfig.java">
      <provider selected="true" editor-type-id="text-editor">
        <state relative-caret-position="516">
          <caret line="29" column="10" selection-start-line="29" selection-start-column="10" selection-end-line="29" selection-end-column="10" />
        </state>
      </provider>
    </entry>
    <entry file="file://$PROJECT_DIR$/src/main/java/com/vx/demo/demo/controller/ApiController.java">
      <provider selected="true" editor-type-id="text-editor">
        <state relative-caret-position="1276">
          <caret line="75" column="35" selection-start-line="75" selection-start-column="35" selection-end-line="75" selection-end-column="35" />
        </state>
      </provider>
    </entry>
    <entry file="file://$PROJECT_DIR$/src/main/java/com/vx/demo/demo/vo/dingding/Msg.java">
      <provider selected="true" editor-type-id="text-editor">
        <state relative-caret-position="110">
          <caret line="9" selection-start-line="9" selection-end-line="9" />
        </state>
      </provider>
    </entry>
    <entry file="file://$APPLICATION_CONFIG_DIR$/idea64.exe.vmoptions">
      <provider selected="true" editor-type-id="text-editor">
        <state relative-caret-position="418">
          <caret line="19" column="63" selection-end-line="19" selection-end-column="63" />
        </state>
      </provider>
    </entry>
  </component>
  <component name="masterDetails">
    <states>
      <state key="ProjectJDKs.UI">
        <settings>
          <last-edited>1.8</last-edited>
          <splitter-proportions>
            <option name="proportions">
              <list>
                <option value="0.2" />
              </list>
            </option>
          </splitter-proportions>
        </settings>
      </state>
    </states>
  </component>
</project>