<project version="4">
  <component name="FileEditorManager">
    <leaf>
      <file pinned="false" current-in-tab="true">
        <entry file="file://$PROJECT_DIR$/pom.xml">
          <provider selected="true" editor-type-id="text-editor">
            <state relative-caret-position="-140">
              <caret line="45" selection-start-line="45" selection-end-line="45" />
            </state>
          </provider>
        </entry>
      </file>
    </leaf>
  </component>
  <component name="IdeDocumentHistory">
    <option name="CHANGED_PATHS">
      <list>
        <option value="$PROJECT_DIR$/src/main/resources/application-datasource.yml" />
        <option value="$PROJECT_DIR$/src/main/java/com/tanjiu/commons/localUtils/LocalPeriod.java" />
        <option value="$PROJECT_DIR$/src/main/java/com/tanjiu/commons/configs/CustomExceptionHandler.java" />
        <option value="$PROJECT_DIR$/src/main/java/com/tanjiu/commons/superconfig/SuperController.java" />
        <option value="$PROJECT_DIR$/src/main/java/com/tanjiu/commons/file/OssCredentials.java" />
        <option value="$PROJECT_DIR$/src/main/java/com/tanjiu/commons/properties/OssProperties.java" />
        <option value="$PROJECT_DIR$/src/main/java/com/tanjiu/commons/file/OssClientAutoConfig.java" />
        <option value="$PROJECT_DIR$/src/main/java/com/tanjiu/commons/properties/SwaggerProperties.java" />
        <option value="$PROJECT_DIR$/src/main/java/com/tanjiu/commons/configs/swagger/SwaggerAutoConfig.java" />
        <option value="$PROJECT_DIR$/src/main/java/com/tanjiu/commons/configs/swagger/SwaggerConfig.java" />
        <option value="$PROJECT_DIR$/src/main/java/com/tanjiu/commons/configs/swagger/SwaggerProperties.java" />
        <option value="$PROJECT_DIR$/src/main/java/com/tanjiu/commons/file/OssProperties.java" />
        <option value="$PROJECT_DIR$/src/main/java/com/tanjiu/commons/oss/OssProperties.java" />
        <option value="$PROJECT_DIR$/src/main/java/com/tanjiu/commons/file/FileService.java" />
        <option value="$PROJECT_DIR$/src/main/java/com/tanjiu/commons/oss/FileService.java" />
        <option value="$PROJECT_DIR$/src/main/java/com/tanjiu/commons/superconfig/WebResult.java" />
        <option value="$PROJECT_DIR$/src/main/java/com/tanjiu/commons/superconfig/ResultCode.java" />
        <option value="$PROJECT_DIR$/src/main/java/com/tanjiu/commons/controllerandresults/ResultCode.java" />
        <option value="$PROJECT_DIR$/src/main/java/com/tanjiu/commons/configs/cors/CorsProperties.java" />
        <option value="$PROJECT_DIR$/src/main/java/com/tanjiu/commons/configs/cors/CorsConfig.java" />
        <option value="$PROJECT_DIR$/src/main/java/com/tanjiu/commons/configs/cors/CorsAndFastJsonAutoConfig.java" />
        <option value="$PROJECT_DIR$/src/main/java/com/tanjiu/commons/configs/cors/FJsonConfig.java" />
        <option value="$PROJECT_DIR$/src/main/java/com/tanjiu/commons/configs/cors/othersAutoConfig.java" />
        <option value="$PROJECT_DIR$/src/main/resources/application-aliyun.yml" />
        <option value="$PROJECT_DIR$/src/main/resources/application-cors.yml" />
        <option value="$PROJECT_DIR$/src/main/resources/application-swagger.yml" />
        <option value="$PROJECT_DIR$/src/main/java/com/tanjiu/commons/oss/OssClientAutoConfig.java" />
        <option value="$PROJECT_DIR$/src/main/java/com/tanjiu/commons/configs/cors/CorsAutoConfig.java" />
        <option value="$PROJECT_DIR$/src/main/java/com/tanjiu/commons/configs/swagger/SwaggerConfigAuto.java" />
        <option value="$PROJECT_DIR$/src/main/resources/META-INF/spring.factories" />
        <option value="$PROJECT_DIR$/src/main/java/com/tanjiu/commons/controller/TestController.java" />
        <option value="$PROJECT_DIR$/src/main/resources/application.yml" />
        <option value="$PROJECT_DIR$/src/main/java/com/tanjiu/commons/configs/othersAutoConfig.java" />
        <option value="$PROJECT_DIR$/src/main/java/com/tanjiu/commons/CommonsApplication.java" />
        <option value="$PROJECT_DIR$/pom.xml" />
      </list>
    </option>
  </component>
  <component name="MavenProjectNavigator">
    <treeState>
      <expand>
        <path>
          <item name="" type="16c1761:MavenProjectsStructure$RootNode" />
          <item name="commons" type="9519ce18:MavenProjectsStructure$ProjectNode" />
        </path>
        <path>
          <item name="" type="16c1761:MavenProjectsStructure$RootNode" />
          <item name="commons" type="9519ce18:MavenProjectsStructure$ProjectNode" />
          <item name="Lifecycle" type="58874e2:MavenProjectsStructure$LifecycleNode" />
        </path>
      </expand>
      <select />
    </treeState>
  </component>
  <component name="ProjectFrameBounds" extendedState="6">
    <option name="x" value="1912" />
    <option name="y" value="-8" />
    <option name="width" value="1936" />
    <option name="height" value="1066" />
  </component>
  <component name="ProjectView">
    <navigator proportions="" version="1">
      <foldersAlwaysOnTop value="true" />
    </navigator>
    <panes>
      <pane id="ProjectPane">
        <subPane>
          <expand>
            <path>
              <item name="commons" type="b2602c69:ProjectViewProjectNode" />
              <item name="commons" type="462c0819:PsiDirectoryNode" />
            </path>
            <path>
              <item name="commons" type="b2602c69:ProjectViewProjectNode" />
              <item name="commons" type="462c0819:PsiDirectoryNode" />
              <item name="src" type="462c0819:PsiDirectoryNode" />
            </path>
          </expand>
          <select />
        </subPane>
      </pane>
      <pane id="PackagesPane" />
      <pane id="Scope" />
    </panes>
  </component>
  <component name="TimeTrackingManager">
    <option name="totallyTimeSpent" value="9783000" />
  </component>
  <component name="ToolWindowManager">
    <frame x="1912" y="-8" width="1936" height="1066" extended-state="6" />
    <layout>
      <window_info id="Favorites" side_tool="true" />
      <window_info id="Web" side_tool="true" />
      <window_info active="true" content_ui="combo" id="Project" order="0" visible="true" weight="0.2772118" />
      <window_info id="Structure" order="1" side_tool="true" weight="0.25" />
      <window_info anchor="bottom" id="Build" visible="true" weight="0.16702355" />
      <window_info anchor="bottom" id="Spring" />
      <window_info anchor="bottom" id="Services" />
      <window_info anchor="bottom" id="Terminal" weight="0.32976446" />
      <window_info anchor="bottom" id="Event Log" side_tool="true" />
      <window_info anchor="bottom" id="Problems" />
      <window_info anchor="bottom" id="Java Enterprise" />
      <window_info anchor="bottom" id="Database Changes" />
      <window_info anchor="bottom" id="Version Control" />
      <window_info anchor="bottom" id="Messages" />
      <window_info anchor="bottom" id="Message" order="0" />
      <window_info anchor="bottom" id="Find" order="1" />
      <window_info anchor="bottom" id="Run" order="2" weight="0.248394" />
      <window_info anchor="bottom" id="Debug" order="3" weight="0.33832976" />
      <window_info anchor="bottom" id="Cvs" order="4" weight="0.25" />
      <window_info anchor="bottom" id="Inspection" order="5" weight="0.4" />
      <window_info anchor="bottom" id="TODO" order="6" />
      <window_info anchor="right" id="Maven" visible="true" weight="0.16836461" />
      <window_info anchor="right" id="JSON Utils" />
      <window_info anchor="right" id="Key Promoter X" />
      <window_info anchor="right" id="Database" />
      <window_info anchor="right" id="Ant" />
      <window_info anchor="right" id="Bean Validation" />
      <window_info anchor="right" id="Commander" internal_type="SLIDING" order="0" type="SLIDING" weight="0.4" />
      <window_info anchor="right" id="Ant Build" order="1" weight="0.25" />
      <window_info anchor="right" content_ui="combo" id="Hierarchy" order="2" weight="0.25" />
    </layout>
  </component>
  <component name="editorHistoryManager">
    <entry file="file://$PROJECT_DIR$/src/main/java/com/tanjiu/commons/localUtils/ActivityUtil.java">
      <provider selected="true" editor-type-id="text-editor">
        <state relative-caret-position="140">
          <caret line="19" column="20" selection-start-line="19" selection-start-column="20" selection-end-line="19" selection-end-column="20" />
        </state>
      </provider>
    </entry>
    <entry file="file://$PROJECT_DIR$/src/main/resources/application-datasource.yml">
      <provider selected="true" editor-type-id="text-editor" />
    </entry>
    <entry file="file://$PROJECT_DIR$/src/main/resources/spring.factories">
      <provider selected="true" editor-type-id="text-editor" />
    </entry>
    <entry file="jar://D:/.m2/org/springframework/boot/spring-boot-autoconfigure/2.2.2.RELEASE/spring-boot-autoconfigure-2.2.2.RELEASE.jar!/org/springframework/boot/autoconfigure/jdbc/DataSourceAutoConfiguration.class">
      <provider selected="true" editor-type-id="text-editor">
        <state relative-caret-position="233">
          <caret line="40" column="40" selection-start-line="40" selection-start-column="13" selection-end-line="40" selection-end-column="40" />
        </state>
      </provider>
    </entry>
    <entry file="file://$PROJECT_DIR$/src/main/java/com/tanjiu/commons/localUtils/LocalDateUtil.java">
      <provider selected="true" editor-type-id="text-editor">
        <state relative-caret-position="22">
          <caret line="17" column="13" selection-start-line="17" selection-start-column="13" selection-end-line="17" selection-end-column="13" />
        </state>
      </provider>
    </entry>
    <entry file="file://$PROJECT_DIR$/src/main/java/com/tanjiu/commons/localUtils/LocalPeriod.java">
      <provider selected="true" editor-type-id="text-editor">
        <state relative-caret-position="570">
          <caret line="90" column="18" selection-start-line="90" selection-start-column="18" selection-end-line="90" selection-end-column="18" />
        </state>
      </provider>
    </entry>
    <entry file="file://$PROJECT_DIR$/src/main/java/com/tanjiu/commons/localUtils/ComputeUtil.java">
      <provider selected="true" editor-type-id="text-editor">
        <state relative-caret-position="22">
          <caret line="10" column="13" selection-start-line="10" selection-start-column="13" selection-end-line="10" selection-end-column="13" />
        </state>
      </provider>
    </entry>
    <entry file="file://$PROJECT_DIR$/src/main/java/com/tanjiu/commons/configs/swagger/SwaggerAutoConfig.java">
      <provider selected="true" editor-type-id="text-editor">
        <state relative-caret-position="66">
          <caret line="7" selection-start-line="7" selection-end-line="7" />
        </state>
      </provider>
    </entry>
    <entry file="file://$PROJECT_DIR$/src/main/java/com/tanjiu/commons/voutils/DateUtil.java">
      <provider selected="true" editor-type-id="text-editor">
        <state relative-caret-position="110">
          <caret line="12" column="13" selection-start-line="12" selection-start-column="13" selection-end-line="12" selection-end-column="13" />
        </state>
      </provider>
    </entry>
    <entry file="file://$PROJECT_DIR$/src/main/java/com/tanjiu/commons/controllerandresults/WebResult.java">
      <provider selected="true" editor-type-id="text-editor">
        <state relative-caret-position="132">
          <caret line="15" column="13" selection-start-line="15" selection-start-column="13" selection-end-line="15" selection-end-column="13" />
          <folding>
            <element signature="docComment;field#data#0;class#WebResult#0" expanded="true" />
          </folding>
        </state>
      </provider>
    </entry>
    <entry file="file://$PROJECT_DIR$/src/main/java/com/tanjiu/commons/oss/OssProperties.java">
      <provider selected="true" editor-type-id="text-editor">
        <state relative-caret-position="132">
          <caret line="10" column="13" selection-start-line="10" selection-start-column="13" selection-end-line="10" selection-end-column="13" />
        </state>
      </provider>
    </entry>
    <entry file="file://$PROJECT_DIR$/src/main/java/com/tanjiu/commons/voutils/BusinessException.java">
      <provider selected="true" editor-type-id="text-editor">
        <state relative-caret-position="176">
          <caret line="8" column="13" selection-start-line="8" selection-start-column="13" selection-end-line="8" selection-end-column="13" />
        </state>
      </provider>
    </entry>
    <entry file="file://$PROJECT_DIR$/src/main/java/com/tanjiu/commons/voutils/Paging.java">
      <provider selected="true" editor-type-id="text-editor">
        <state relative-caret-position="132">
          <caret line="12" column="13" selection-start-line="12" selection-start-column="13" selection-end-line="12" selection-end-column="13" />
        </state>
      </provider>
    </entry>
    <entry file="file://$PROJECT_DIR$/src/main/java/com/tanjiu/commons/oss/OssCredentials.java">
      <provider selected="true" editor-type-id="text-editor">
        <state relative-caret-position="198">
          <caret line="15" column="43" lean-forward="true" selection-start-line="15" selection-start-column="43" selection-end-line="15" selection-end-column="43" />
        </state>
      </provider>
    </entry>
    <entry file="file://$PROJECT_DIR$/src/main/java/com/tanjiu/commons/oss/FileService.java">
      <provider selected="true" editor-type-id="text-editor">
        <state relative-caret-position="385">
          <caret line="34" selection-start-line="34" selection-end-line="34" />
        </state>
      </provider>
    </entry>
    <entry file="file://$PROJECT_DIR$/src/main/resources/application-swagger.yml">
      <provider selected="true" editor-type-id="text-editor">
        <state relative-caret-position="132">
          <caret line="6" column="24" selection-start-line="6" selection-start-column="24" selection-end-line="6" selection-end-column="24" />
        </state>
      </provider>
    </entry>
    <entry file="file://$PROJECT_DIR$/src/main/resources/application-cors.yml">
      <provider selected="true" editor-type-id="text-editor" />
    </entry>
    <entry file="file://$PROJECT_DIR$/src/main/java/com/tanjiu/commons/oss/OssClientAutoConfig.java">
      <provider selected="true" editor-type-id="text-editor">
        <state relative-caret-position="692">
          <caret line="34" column="5" lean-forward="true" selection-start-line="34" selection-start-column="5" selection-end-line="34" selection-end-column="5" />
          <folding>
            <element signature="imports" expanded="true" />
            <element signature="docComment;class#OssClientAutoConfig#0" expanded="true" />
          </folding>
        </state>
      </provider>
    </entry>
    <entry file="file://$PROJECT_DIR$/src/main/resources/application.yml">
      <provider selected="true" editor-type-id="text-editor">
        <state relative-caret-position="198">
          <caret line="9" column="15" lean-forward="true" selection-start-line="9" selection-start-column="15" selection-end-line="9" selection-end-column="15" />
        </state>
      </provider>
    </entry>
    <entry file="file://$PROJECT_DIR$/src/main/java/com/tanjiu/commons/configs/cors/CorsAutoConfig.java">
      <provider selected="true" editor-type-id="text-editor">
        <state relative-caret-position="294">
          <caret line="29" column="21" selection-start-line="29" selection-start-column="21" selection-end-line="29" selection-end-column="21" />
        </state>
      </provider>
    </entry>
    <entry file="file://$PROJECT_DIR$/src/main/java/com/tanjiu/commons/configs/cors/CorsProperties.java">
      <provider selected="true" editor-type-id="text-editor">
        <state relative-caret-position="132">
          <caret line="10" column="27" selection-start-line="10" selection-start-column="13" selection-end-line="10" selection-end-column="27" />
        </state>
      </provider>
    </entry>
    <entry file="file://$PROJECT_DIR$/src/main/java/com/tanjiu/commons/controllerandresults/ResultCode.java">
      <provider selected="true" editor-type-id="text-editor">
        <state relative-caret-position="66">
          <caret line="6" column="12" selection-start-line="6" selection-start-column="12" selection-end-line="6" selection-end-column="12" />
        </state>
      </provider>
    </entry>
    <entry file="file://$PROJECT_DIR$/src/main/java/com/tanjiu/commons/controllerandresults/SuperController.java">
      <provider selected="true" editor-type-id="text-editor">
        <state relative-caret-position="220">
          <caret line="15" lean-forward="true" selection-start-line="15" selection-end-line="15" />
        </state>
      </provider>
    </entry>
    <entry file="file://$PROJECT_DIR$/src/main/java/com/tanjiu/commons/controller/TestController.java">
      <provider selected="true" editor-type-id="text-editor">
        <state relative-caret-position="330">
          <caret line="15" column="24" lean-forward="true" selection-start-line="15" selection-start-column="24" selection-end-line="15" selection-end-column="24" />
          <folding>
            <element signature="imports" expanded="true" />
            <element signature="docComment;class#TestController#0" expanded="true" />
          </folding>
        </state>
      </provider>
    </entry>
    <entry file="file://$PROJECT_DIR$/src/main/resources/META-INF/spring.factories">
      <provider selected="true" editor-type-id="text-editor">
        <state relative-caret-position="88">
          <caret line="4" column="2" selection-start-line="4" selection-start-column="2" selection-end-line="4" selection-end-column="2" />
        </state>
      </provider>
    </entry>
    <entry file="file://$PROJECT_DIR$/src/main/java/com/tanjiu/commons/configs/othersAutoConfig.java">
      <provider selected="true" editor-type-id="text-editor">
        <state relative-caret-position="573">
          <caret line="49" lean-forward="true" selection-start-line="49" selection-end-line="49" />
        </state>
      </provider>
    </entry>
    <entry file="file://$PROJECT_DIR$/src/main/java/com/tanjiu/commons/configs/CustomExceptionHandler.java">
      <provider selected="true" editor-type-id="text-editor">
        <state relative-caret-position="330">
          <caret line="28" column="21" selection-start-line="28" selection-start-column="5" selection-end-line="28" selection-end-column="21" />
          <folding>
            <element signature="imports" expanded="true" />
          </folding>
        </state>
      </provider>
    </entry>
    <entry file="file://$PROJECT_DIR$/src/main/java/com/tanjiu/commons/configs/swagger/SwaggerProperties.java">
      <provider selected="true" editor-type-id="text-editor">
        <state relative-caret-position="198">
          <caret line="13" column="19" selection-start-line="13" selection-start-column="19" selection-end-line="13" selection-end-column="19" />
          <folding>
            <element signature="docComment;class#SwaggerProperties#0" expanded="true" />
          </folding>
        </state>
      </provider>
    </entry>
    <entry file="file://$PROJECT_DIR$/src/main/java/com/tanjiu/commons/configs/swagger/SwaggerConfigAuto.java">
      <provider selected="true" editor-type-id="text-editor">
        <state relative-caret-position="492">
          <caret line="64" selection-start-line="64" selection-end-line="64" />
          <folding>
            <element signature="imports" expanded="true" />
          </folding>
        </state>
      </provider>
    </entry>
    <entry file="file://$PROJECT_DIR$/src/main/resources/application-aliyun.yml">
      <provider selected="true" editor-type-id="text-editor">
        <state relative-caret-position="198">
          <caret line="9" column="17" selection-start-line="9" selection-start-column="17" selection-end-line="9" selection-end-column="17" />
        </state>
      </provider>
    </entry>
    <entry file="file://$PROJECT_DIR$/src/main/java/com/tanjiu/commons/CommonsApplication.java">
      <provider selected="true" editor-type-id="text-editor">
        <state relative-caret-position="110">
          <caret line="7" column="13" selection-start-line="7" selection-start-column="13" selection-end-line="7" selection-end-column="13" />
        </state>
      </provider>
    </entry>
    <entry file="file://$PROJECT_DIR$/.gitignore">
      <provider selected="true" editor-type-id="text-editor" />
    </entry>
    <entry file="file://$PROJECT_DIR$/HELP.md">
      <provider selected="true" editor-type-id="split-provider[text-editor;markdown-preview-editor]">
        <state split_layout="SPLIT">
          <first_editor />
          <second_editor />
        </state>
      </provider>
    </entry>
    <entry file="file://$PROJECT_DIR$/pom.xml">
      <provider selected="true" editor-type-id="text-editor">
        <state relative-caret-position="-140">
          <caret line="45" selection-start-line="45" selection-end-line="45" />
        </state>
      </provider>
    </entry>
  </component>
  <component name="masterDetails">
    <states>
      <state key="ScopeChooserConfigurable.UI">
        <settings>
          <splitter-proportions>
            <option name="proportions">
              <list>
                <option value="0.2" />
              </list>
            </option>
          </splitter-proportions>
        </settings>
      </state>
    </states>
  </component>
</project>