<project version="4">
  <component name="FileEditorManager">
    <leaf>
      <file pinned="false" current-in-tab="true">
        <entry file="file://$PROJECT_DIR$/src/main/java/com/yunce/cloud/swagger/config/SwaggerAutoConfiguration.java">
          <provider selected="true" editor-type-id="text-editor">
            <state relative-caret-position="448">
              <caret line="55" column="22" selection-start-line="55" selection-start-column="5" selection-end-line="55" selection-end-column="22" />
            </state>
          </provider>
        </entry>
      </file>
    </leaf>
  </component>
  <component name="MavenProjectNavigator">
    <treeState>
      <expand>
        <path>
          <item name="" type="16c1761:MavenProjectsStructure$RootNode" />
          <item name="swaggerconfig" type="9519ce18:MavenProjectsStructure$ProjectNode" />
        </path>
      </expand>
      <select />
    </treeState>
  </component>
  <component name="ProjectFrameBounds" extendedState="6">
    <option name="width" value="1920" />
    <option name="height" value="1050" />
  </component>
  <component name="ProjectView">
    <navigator proportions="" version="1">
      <foldersAlwaysOnTop value="true" />
    </navigator>
    <panes>
      <pane id="ProjectPane">
        <subPane>
          <expand>
            <path>
              <item name="swaggerconfig" type="b2602c69:ProjectViewProjectNode" />
              <item name="swaggerconfig" type="462c0819:PsiDirectoryNode" />
            </path>
            <path>
              <item name="swaggerconfig" type="b2602c69:ProjectViewProjectNode" />
              <item name="swaggerconfig" type="462c0819:PsiDirectoryNode" />
              <item name="src" type="462c0819:PsiDirectoryNode" />
            </path>
            <path>
              <item name="swaggerconfig" type="b2602c69:ProjectViewProjectNode" />
              <item name="swaggerconfig" type="462c0819:PsiDirectoryNode" />
              <item name="src" type="462c0819:PsiDirectoryNode" />
              <item name="main" type="462c0819:PsiDirectoryNode" />
            </path>
            <path>
              <item name="swaggerconfig" type="b2602c69:ProjectViewProjectNode" />
              <item name="swaggerconfig" type="462c0819:PsiDirectoryNode" />
              <item name="src" type="462c0819:PsiDirectoryNode" />
              <item name="main" type="462c0819:PsiDirectoryNode" />
              <item name="java" type="462c0819:PsiDirectoryNode" />
            </path>
            <path>
              <item name="swaggerconfig" type="b2602c69:ProjectViewProjectNode" />
              <item name="swaggerconfig" type="462c0819:PsiDirectoryNode" />
              <item name="src" type="462c0819:PsiDirectoryNode" />
              <item name="main" type="462c0819:PsiDirectoryNode" />
              <item name="java" type="462c0819:PsiDirectoryNode" />
              <item name="config" type="462c0819:PsiDirectoryNode" />
            </path>
            <path>
              <item name="swaggerconfig" type="b2602c69:ProjectViewProjectNode" />
              <item name="swaggerconfig" type="462c0819:PsiDirectoryNode" />
              <item name="src" type="462c0819:PsiDirectoryNode" />
              <item name="main" type="462c0819:PsiDirectoryNode" />
              <item name="java" type="462c0819:PsiDirectoryNode" />
              <item name="config" type="462c0819:PsiDirectoryNode" />
              <item name="properties" type="462c0819:PsiDirectoryNode" />
            </path>
          </expand>
          <select />
        </subPane>
      </pane>
      <pane id="PackagesPane" />
      <pane id="Scope" />
    </panes>
  </component>
  <component name="TimeTrackingManager">
    <option name="totallyTimeSpent" value="87000" />
  </component>
  <component name="ToolWindowManager">
    <frame x="-8" y="-8" width="1936" height="1066" extended-state="6" />
    <layout>
      <window_info active="true" content_ui="combo" id="Project" order="0" visible="true" weight="0.2532189" />
      <window_info id="Structure" order="1" side_tool="true" weight="0.25" />
      <window_info id="Web" order="2" side_tool="true" />
      <window_info id="Favorites" order="3" side_tool="true" />
      <window_info anchor="bottom" id="Message" order="0" />
      <window_info anchor="bottom" id="Find" order="1" />
      <window_info anchor="bottom" id="Run" order="2" />
      <window_info anchor="bottom" id="Debug" order="3" weight="0.4" />
      <window_info anchor="bottom" id="Cvs" order="4" weight="0.25" />
      <window_info anchor="bottom" id="Inspection" order="5" weight="0.4" />
      <window_info anchor="bottom" id="TODO" order="6" />
      <window_info anchor="bottom" id="Services" order="7" />
      <window_info anchor="bottom" id="Version Control" order="8" />
      <window_info anchor="bottom" id="Problems" order="9" />
      <window_info anchor="bottom" id="Spring" order="10" />
      <window_info anchor="bottom" id="Database Changes" order="11" />
      <window_info anchor="bottom" id="Terminal" order="12" />
      <window_info anchor="bottom" id="Event Log" order="13" side_tool="true" />
      <window_info anchor="bottom" id="Build" order="14" />
      <window_info anchor="bottom" id="Java Enterprise" order="15" />
      <window_info anchor="right" id="Commander" internal_type="SLIDING" order="0" type="SLIDING" weight="0.4" />
      <window_info anchor="right" id="Ant Build" order="1" weight="0.25" />
      <window_info anchor="right" content_ui="combo" id="Hierarchy" order="2" weight="0.25" />
      <window_info anchor="right" id="Maven" order="3" visible="true" weight="0.112660944" />
      <window_info anchor="right" id="Database" order="4" />
      <window_info anchor="right" id="Ant" order="5" />
      <window_info anchor="right" id="Key Promoter X" order="6" />
      <window_info anchor="right" id="Bean Validation" order="7" />
      <window_info anchor="right" id="JSON Utils" order="8" />
    </layout>
  </component>
  <component name="editorHistoryManager">
    <entry file="file://$PROJECT_DIR$/pom.xml">
      <provider selected="true" editor-type-id="text-editor" />
    </entry>
    <entry file="file://$PROJECT_DIR$/build.bat">
      <provider selected="true" editor-type-id="text-editor" />
    </entry>
    <entry file="file://$PROJECT_DIR$/src/main/java/com/yunce/cloud/swagger/config/properties/SwaggerProperties.java">
      <provider selected="true" editor-type-id="text-editor">
        <state relative-caret-position="154">
          <caret line="18" column="30" selection-start-line="18" selection-start-column="25" selection-end-line="18" selection-end-column="30" />
        </state>
      </provider>
    </entry>
    <entry file="file://$PROJECT_DIR$/src/main/java/com/yunce/cloud/swagger/config/DocumentationConfig.java">
      <provider selected="true" editor-type-id="text-editor">
        <state relative-caret-position="154">
          <caret line="16" column="13" selection-start-line="16" selection-start-column="13" selection-end-line="16" selection-end-column="13" />
        </state>
      </provider>
    </entry>
    <entry file="file://$PROJECT_DIR$/src/main/java/com/yunce/cloud/swagger/config/SwaggerAutoConfiguration.java">
      <provider selected="true" editor-type-id="text-editor">
        <state relative-caret-position="448">
          <caret line="55" column="22" selection-start-line="55" selection-start-column="5" selection-end-line="55" selection-end-column="22" />
        </state>
      </provider>
    </entry>
  </component>
</project>