<project version="4">
  <component name="FileEditorManager">
    <leaf>
      <file pinned="false" current-in-tab="true">
        <entry file="file://$PROJECT_DIR$/src/main/java/com/configs/redisconfigs/RedisAutoConfig.java">
          <provider selected="true" editor-type-id="text-editor">
            <state relative-caret-position="1242">
              <caret line="83" column="5" lean-forward="true" selection-start-line="72" selection-start-column="3" selection-end-line="83" selection-end-column="5" />
            </state>
          </provider>
        </entry>
      </file>
    </leaf>
  </component>
  <component name="MavenProjectNavigator">
    <treeState>
      <expand>
        <path>
          <item name="" type="16c1761:MavenProjectsStructure$RootNode" />
          <item name="configuration-commons" type="9519ce18:MavenProjectsStructure$ProjectNode" />
        </path>
        <path>
          <item name="" type="16c1761:MavenProjectsStructure$RootNode" />
          <item name="configuration-commons" type="9519ce18:MavenProjectsStructure$ProjectNode" />
          <item name="Lifecycle" type="58874e2:MavenProjectsStructure$LifecycleNode" />
        </path>
      </expand>
      <select />
    </treeState>
  </component>
  <component name="ProjectFrameBounds" extendedState="6">
    <option name="x" value="-8" />
    <option name="y" value="-8" />
    <option name="width" value="1936" />
    <option name="height" value="1066" />
  </component>
  <component name="ProjectView">
    <navigator proportions="" version="1">
      <foldersAlwaysOnTop value="true" />
    </navigator>
    <panes>
      <pane id="Scope" />
      <pane id="PackagesPane" />
      <pane id="ProjectPane">
        <subPane>
          <expand>
            <path>
              <item name="configuration-commons" type="b2602c69:ProjectViewProjectNode" />
              <item name="configuration-commons" type="462c0819:PsiDirectoryNode" />
            </path>
            <path>
              <item name="configuration-commons" type="b2602c69:ProjectViewProjectNode" />
              <item name="configuration-commons" type="462c0819:PsiDirectoryNode" />
              <item name="src" type="462c0819:PsiDirectoryNode" />
            </path>
            <path>
              <item name="configuration-commons" type="b2602c69:ProjectViewProjectNode" />
              <item name="configuration-commons" type="462c0819:PsiDirectoryNode" />
              <item name="src" type="462c0819:PsiDirectoryNode" />
              <item name="main" type="462c0819:PsiDirectoryNode" />
            </path>
            <path>
              <item name="configuration-commons" type="b2602c69:ProjectViewProjectNode" />
              <item name="configuration-commons" type="462c0819:PsiDirectoryNode" />
              <item name="src" type="462c0819:PsiDirectoryNode" />
              <item name="main" type="462c0819:PsiDirectoryNode" />
              <item name="java" type="462c0819:PsiDirectoryNode" />
            </path>
            <path>
              <item name="configuration-commons" type="b2602c69:ProjectViewProjectNode" />
              <item name="configuration-commons" type="462c0819:PsiDirectoryNode" />
              <item name="src" type="462c0819:PsiDirectoryNode" />
              <item name="main" type="462c0819:PsiDirectoryNode" />
              <item name="java" type="462c0819:PsiDirectoryNode" />
              <item name="configs" type="462c0819:PsiDirectoryNode" />
            </path>
            <path>
              <item name="configuration-commons" type="b2602c69:ProjectViewProjectNode" />
              <item name="configuration-commons" type="462c0819:PsiDirectoryNode" />
              <item name="src" type="462c0819:PsiDirectoryNode" />
              <item name="main" type="462c0819:PsiDirectoryNode" />
              <item name="java" type="462c0819:PsiDirectoryNode" />
              <item name="configs" type="462c0819:PsiDirectoryNode" />
              <item name="commonUtils" type="462c0819:PsiDirectoryNode" />
            </path>
            <path>
              <item name="configuration-commons" type="b2602c69:ProjectViewProjectNode" />
              <item name="configuration-commons" type="462c0819:PsiDirectoryNode" />
              <item name="src" type="462c0819:PsiDirectoryNode" />
              <item name="main" type="462c0819:PsiDirectoryNode" />
              <item name="java" type="462c0819:PsiDirectoryNode" />
              <item name="configs" type="462c0819:PsiDirectoryNode" />
              <item name="CorsConfig" type="462c0819:PsiDirectoryNode" />
            </path>
            <path>
              <item name="configuration-commons" type="b2602c69:ProjectViewProjectNode" />
              <item name="configuration-commons" type="462c0819:PsiDirectoryNode" />
              <item name="src" type="462c0819:PsiDirectoryNode" />
              <item name="main" type="462c0819:PsiDirectoryNode" />
              <item name="java" type="462c0819:PsiDirectoryNode" />
              <item name="configs" type="462c0819:PsiDirectoryNode" />
              <item name="datasourceConfig" type="462c0819:PsiDirectoryNode" />
            </path>
            <path>
              <item name="configuration-commons" type="b2602c69:ProjectViewProjectNode" />
              <item name="configuration-commons" type="462c0819:PsiDirectoryNode" />
              <item name="src" type="462c0819:PsiDirectoryNode" />
              <item name="main" type="462c0819:PsiDirectoryNode" />
              <item name="java" type="462c0819:PsiDirectoryNode" />
              <item name="configs" type="462c0819:PsiDirectoryNode" />
              <item name="esconfigs" type="462c0819:PsiDirectoryNode" />
            </path>
            <path>
              <item name="configuration-commons" type="b2602c69:ProjectViewProjectNode" />
              <item name="configuration-commons" type="462c0819:PsiDirectoryNode" />
              <item name="src" type="462c0819:PsiDirectoryNode" />
              <item name="main" type="462c0819:PsiDirectoryNode" />
              <item name="java" type="462c0819:PsiDirectoryNode" />
              <item name="configs" type="462c0819:PsiDirectoryNode" />
              <item name="logAsp" type="462c0819:PsiDirectoryNode" />
            </path>
            <path>
              <item name="configuration-commons" type="b2602c69:ProjectViewProjectNode" />
              <item name="configuration-commons" type="462c0819:PsiDirectoryNode" />
              <item name="src" type="462c0819:PsiDirectoryNode" />
              <item name="main" type="462c0819:PsiDirectoryNode" />
              <item name="java" type="462c0819:PsiDirectoryNode" />
              <item name="configs" type="462c0819:PsiDirectoryNode" />
              <item name="mongodb" type="462c0819:PsiDirectoryNode" />
            </path>
            <path>
              <item name="configuration-commons" type="b2602c69:ProjectViewProjectNode" />
              <item name="configuration-commons" type="462c0819:PsiDirectoryNode" />
              <item name="src" type="462c0819:PsiDirectoryNode" />
              <item name="main" type="462c0819:PsiDirectoryNode" />
              <item name="java" type="462c0819:PsiDirectoryNode" />
              <item name="configs" type="462c0819:PsiDirectoryNode" />
              <item name="propertiesConfig" type="462c0819:PsiDirectoryNode" />
            </path>
            <path>
              <item name="configuration-commons" type="b2602c69:ProjectViewProjectNode" />
              <item name="configuration-commons" type="462c0819:PsiDirectoryNode" />
              <item name="src" type="462c0819:PsiDirectoryNode" />
              <item name="main" type="462c0819:PsiDirectoryNode" />
              <item name="java" type="462c0819:PsiDirectoryNode" />
              <item name="configs" type="462c0819:PsiDirectoryNode" />
              <item name="redisconfigs" type="462c0819:PsiDirectoryNode" />
            </path>
            <path>
              <item name="configuration-commons" type="b2602c69:ProjectViewProjectNode" />
              <item name="configuration-commons" type="462c0819:PsiDirectoryNode" />
              <item name="src" type="462c0819:PsiDirectoryNode" />
              <item name="main" type="462c0819:PsiDirectoryNode" />
              <item name="java" type="462c0819:PsiDirectoryNode" />
              <item name="configs" type="462c0819:PsiDirectoryNode" />
              <item name="smsconfig" type="462c0819:PsiDirectoryNode" />
            </path>
            <path>
              <item name="configuration-commons" type="b2602c69:ProjectViewProjectNode" />
              <item name="configuration-commons" type="462c0819:PsiDirectoryNode" />
              <item name="src" type="462c0819:PsiDirectoryNode" />
              <item name="main" type="462c0819:PsiDirectoryNode" />
              <item name="resources" type="462c0819:PsiDirectoryNode" />
            </path>
          </expand>
          <select />
        </subPane>
      </pane>
    </panes>
  </component>
  <component name="TimeTrackingManager">
    <option name="totallyTimeSpent" value="1081000" />
  </component>
  <component name="ToolWindowManager">
    <frame x="-8" y="-8" width="1936" height="1066" extended-state="6" />
    <layout>
      <window_info active="true" content_ui="combo" id="Project" order="0" visible="true" weight="0.2530831" />
      <window_info id="Structure" order="1" side_tool="true" weight="0.25" />
      <window_info id="Favorites" order="2" side_tool="true" />
      <window_info anchor="bottom" id="Message" order="0" />
      <window_info anchor="bottom" id="Find" order="1" />
      <window_info anchor="bottom" id="Run" order="2" />
      <window_info anchor="bottom" id="Debug" order="3" weight="0.4" />
      <window_info anchor="bottom" id="Cvs" order="4" weight="0.25" />
      <window_info anchor="bottom" id="Inspection" order="5" weight="0.4" />
      <window_info anchor="bottom" id="TODO" order="6" />
      <window_info anchor="bottom" id="Services" order="7" />
      <window_info anchor="bottom" id="Problems" order="8" />
      <window_info anchor="bottom" id="Database Changes" order="9" />
      <window_info anchor="bottom" id="Terminal" order="10" />
      <window_info anchor="bottom" id="Event Log" order="11" side_tool="true" />
      <window_info anchor="bottom" id="Version Control" order="12" />
      <window_info anchor="bottom" id="Build" order="13" />
      <window_info anchor="right" id="Commander" internal_type="SLIDING" order="0" type="SLIDING" weight="0.4" />
      <window_info anchor="right" id="Ant Build" order="1" weight="0.25" />
      <window_info anchor="right" content_ui="combo" id="Hierarchy" order="2" weight="0.25" />
      <window_info anchor="right" id="Maven" order="3" visible="true" weight="0.115817696" />
      <window_info anchor="right" id="Ant" order="4" />
      <window_info anchor="right" id="Key Promoter X" order="5" />
      <window_info anchor="right" id="JSON Utils" order="6" />
      <window_info anchor="right" id="Database" order="7" />
    </layout>
  </component>
  <component name="editorHistoryManager">
    <entry file="file://$PROJECT_DIR$/src/main/java/com/configs/logAsp/LogRecordAutoConfig.java">
      <provider selected="true" editor-type-id="text-editor">
        <state relative-caret-position="176">
          <caret line="16" column="32" lean-forward="true" selection-start-line="16" selection-start-column="32" selection-end-line="16" selection-end-column="32" />
        </state>
      </provider>
    </entry>
    <entry file="file://$PROJECT_DIR$/src/main/java/com/configs/logAsp/LogRecordAspect.java">
      <provider selected="true" editor-type-id="text-editor">
        <state relative-caret-position="14">
          <caret line="21" column="15" lean-forward="true" selection-start-line="21" selection-start-column="15" selection-end-line="21" selection-end-column="15" />
        </state>
      </provider>
    </entry>
    <entry file="file://$PROJECT_DIR$/src/main/java/com/configs/datasourceConfig/CustomDataSourceAutoConfig.java">
      <provider selected="true" editor-type-id="text-editor">
        <state relative-caret-position="1082">
          <caret line="67" column="44" selection-start-line="67" selection-start-column="19" selection-end-line="67" selection-end-column="44" />
        </state>
      </provider>
    </entry>
    <entry file="file://$PROJECT_DIR$/src/main/resources/application-s.properties">
      <provider selected="true" editor-type-id="text-editor" />
    </entry>
    <entry file="file://$PROJECT_DIR$/pom.xml">
      <provider selected="true" editor-type-id="text-editor">
        <state relative-caret-position="242">
          <caret line="11" column="18" selection-start-line="11" selection-start-column="18" selection-end-line="11" selection-end-column="18" />
        </state>
      </provider>
    </entry>
    <entry file="file://$PROJECT_DIR$/src/main/java/com/configs/redisconfigs/RedisHealthConfig.java">
      <provider selected="true" editor-type-id="text-editor">
        <state relative-caret-position="154">
          <caret line="13" column="13" selection-start-line="13" selection-start-column="13" selection-end-line="13" selection-end-column="13" />
        </state>
      </provider>
    </entry>
    <entry file="file://$PROJECT_DIR$/src/main/java/com/configs/redisconfigs/JedisConfigProperties.java">
      <provider selected="true" editor-type-id="text-editor">
        <state relative-caret-position="132">
          <caret line="11" column="13" selection-start-line="11" selection-start-column="13" selection-end-line="11" selection-end-column="13" />
        </state>
      </provider>
    </entry>
    <entry file="file://$PROJECT_DIR$/src/main/java/com/configs/redisconfigs/RedisOneAutoConfig.java">
      <provider selected="true" editor-type-id="text-editor">
        <state relative-caret-position="132">
          <caret line="16" column="13" selection-start-line="16" selection-start-column="13" selection-end-line="16" selection-end-column="13" />
        </state>
      </provider>
    </entry>
    <entry file="file://$PROJECT_DIR$/src/main/java/com/configs/redisconfigs/RedisHealthIndicator.java">
      <provider selected="true" editor-type-id="text-editor">
        <state relative-caret-position="264">
          <caret line="17" lean-forward="true" selection-start-line="17" selection-end-line="17" />
        </state>
      </provider>
    </entry>
    <entry file="file://$PROJECT_DIR$/src/main/java/com/configs/redisconfigs/JedisPoolConfig.java">
      <provider selected="true" editor-type-id="text-editor">
        <state relative-caret-position="132">
          <caret line="10" column="13" selection-start-line="10" selection-start-column="13" selection-end-line="10" selection-end-column="13" />
        </state>
      </provider>
    </entry>
    <entry file="file://$PROJECT_DIR$/src/main/java/com/configs/redisconfigs/RedisAutoConfig.java">
      <provider selected="true" editor-type-id="text-editor">
        <state relative-caret-position="1242">
          <caret line="83" column="5" lean-forward="true" selection-start-line="72" selection-start-column="3" selection-end-line="83" selection-end-column="5" />
        </state>
      </provider>
    </entry>
  </component>
</project>