<project version="4">
  <component name="FileEditorManager">
    <leaf>
      <file pinned="false" current-in-tab="true">
        <entry file="file://$PROJECT_DIR$/commons/src/main/java/com/tanjiu/commons/redis/RedisService.java">
          <provider selected="true" editor-type-id="text-editor">
            <state relative-caret-position="144">
              <caret line="23" column="5" lean-forward="true" selection-start-line="23" selection-start-column="5" selection-end-line="23" selection-end-column="5" />
              <folding>
                <element signature="imports" expanded="true" />
              </folding>
            </state>
          </provider>
        </entry>
      </file>
    </leaf>
  </component>
  <component name="FindInProjectRecents">
    <findStrings>
      <find>import com.tanjiu.util.JsonUtil;</find>
      <find>import com.tanjiu.commons.redis.RedisService;</find>
      <find>import com.tanjiu.exception.BusinessException;</find>
      <find>import com.tanjiu.util.DateUtil;</find>
    </findStrings>
    <replaceStrings>
      <replace />
    </replaceStrings>
  </component>
  <component name="IdeDocumentHistory">
    <option name="CHANGED_PATHS">
      <list>
        <option value="$PROJECT_DIR$/commons/pom.xml" />
        <option value="$PROJECT_DIR$/commons/src/main/java/com/tanjiu/commons/http/HttpSender.java" />
        <option value="$PROJECT_DIR$/commons/src/main/java/com/tanjiu/commons/localUtils/ComputeUtil.java" />
        <option value="$PROJECT_DIR$/commons/src/main/java/com/tanjiu/commons/voutils/Period.java" />
        <option value="$PROJECT_DIR$/pom.xml" />
        <option value="$PROJECT_DIR$/clue-manage-sys-api/src/main/java/com/tanjiu/controller/clue/ClueController.java" />
        <option value="$PROJECT_DIR$/clue-manage-sys-api/src/main/java/com/tanjiu/service/ClueService.java" />
        <option value="$PROJECT_DIR$/clue-manage-sys-api/src/main/java/com/tanjiu/config/interceptor/AuthorizationInterceptor.java" />
        <option value="$PROJECT_DIR$/clue-manage-sys-api/src/main/java/com/tanjiu/vo/export/PointListHeader.java" />
        <option value="$PROJECT_DIR$/clue-manage-sys-api/src/main/java/com/tanjiu/vo/export/ExportHeader.java" />
        <option value="$PROJECT_DIR$/clue-manage-sys-api/src/main/java/com/tanjiu/vo/clue/ClueStatus.java" />
        <option value="$PROJECT_DIR$/clue-manage-sys-api/src/main/java/com/tanjiu/vo/clue/ro/ClueFollowerRo.java" />
        <option value="$PROJECT_DIR$/clue-manage-sys-api/src/main/java/com/tanjiu/vo/clue/ro/ClueFollowInfoRo.java" />
        <option value="$PROJECT_DIR$/clue-manage-sys-api/src/main/java/com/tanjiu/vo/clue/ro/ClueRo.java" />
        <option value="$PROJECT_DIR$/clue-manage-sys-api/src/main/java/com/tanjiu/service/export/ClueExportServiceImpl.java" />
        <option value="$PROJECT_DIR$/clue-manage-sys-api/src/main/java/com/tanjiu/service/clue/ClueServiceImpl.java" />
        <option value="$PROJECT_DIR$/clue-manage-sys-api/src/main/java/com/tanjiu/controller/export/ExportController.java" />
        <option value="$PROJECT_DIR$/clue-manage-sys-api/src/main/java/com/tanjiu/aspect/CacheAspect.java" />
        <option value="$PROJECT_DIR$/clue-manage-sys-api/src/main/java/com/tanjiu/aspect/RedisCache.java" />
        <option value="$PROJECT_DIR$/clue-manage-sys-api/src/main/resources/application-swagger.yml" />
        <option value="$PROJECT_DIR$/clue-manage-sys-api/src/main/resources/logback-spring.xml" />
        <option value="$PROJECT_DIR$/commons/src/main/java/com/tanjiu/commons/interceptor/ExposedFree.java" />
        <option value="$PROJECT_DIR$/commons/src/main/java/com/tanjiu/commons/interceptor/AuthorizationInterceptor.java" />
        <option value="$PROJECT_DIR$/commons/src/main/java/com/tanjiu/commons/interceptor/MvcInterceptorConfig.java" />
        <option value="$PROJECT_DIR$/commons/src/main/java/com/tanjiu/commons/redis/RedisService.java" />
        <option value="$PROJECT_DIR$/commons/src/main/java/com/tanjiu/commons/configs/annotions/ExposedFree.java" />
        <option value="$PROJECT_DIR$/commons/src/main/java/com/tanjiu/commons/configs/annotions/RedisCache.java" />
        <option value="$PROJECT_DIR$/commons/src/main/java/com/tanjiu/commons/configs/annotions/SelectDataSource.java" />
        <option value="$PROJECT_DIR$/commons/src/main/java/com/tanjiu/commons/controllerandresults/SuperAspect.java" />
        <option value="$PROJECT_DIR$/clue-manage-sys-api/src/main/java/com/tanjiu/aspect/SuperAspect.java" />
        <option value="$PROJECT_DIR$/commons/src/main/java/com/tanjiu/commons/configs/aspects/SuperAspect.java" />
        <option value="$PROJECT_DIR$/clue-manage-sys-api/src/main/java/com/tanjiu/aspect/ExecutionTimeAspect.java" />
        <option value="$PROJECT_DIR$/commons/src/main/java/com/tanjiu/commons/configs/aspects/ExecutionTimeAspect.java" />
        <option value="$PROJECT_DIR$/commons/src/main/java/com/tanjiu/commons/configs/datasource/DynamicDataSourceContextHolder.java" />
        <option value="$PROJECT_DIR$/commons/src/main/java/com/tanjiu/commons/configs/datasource/DynamicDataSource.java" />
        <option value="$PROJECT_DIR$/clue-manage-sys-api/src/main/java/com/tanjiu/config/datasource/DataSourceConfig.java" />
        <option value="$PROJECT_DIR$/clue-manage-sys-api/src/main/java/com/tanjiu/ClueManageSysApiApplication.java" />
        <option value="$PROJECT_DIR$/clue-manage-sys-api/src/main/resources/application.yaml" />
        <option value="$PROJECT_DIR$/commons/src/main/java/com/tanjiu/commons/configs/cors/CorsAutoConfig.java" />
        <option value="$PROJECT_DIR$/commons/src/main/java/com/tanjiu/commons/configs/aspects/DynamicDataSourceAspect.java" />
        <option value="$PROJECT_DIR$/commons/src/main/resources/META-INF/spring.factories" />
        <option value="$PROJECT_DIR$/commons/src/main/java/com/tanjiu/commons/configs/aspects/AspectAutoConfig.java" />
        <option value="$PROJECT_DIR$/clue-manage-sys-api/src/main/resources/application-test.yaml" />
        <option value="$PROJECT_DIR$/clue-manage-sys-api/pom.xml" />
        <option value="$PROJECT_DIR$/commons/src/main/java/com/tanjiu/commons/configs/othersAutoConfig.java" />
      </list>
    </option>
  </component>
  <component name="MavenProjectNavigator">
    <treeState>
      <expand>
        <path>
          <item name="" type="16c1761:MavenProjectsStructure$RootNode" />
          <item name="clue-manage-sys-api" type="9519ce18:MavenProjectsStructure$ProjectNode" />
        </path>
        <path>
          <item name="" type="16c1761:MavenProjectsStructure$RootNode" />
          <item name="commons" type="9519ce18:MavenProjectsStructure$ProjectNode" />
        </path>
        <path>
          <item name="" type="16c1761:MavenProjectsStructure$RootNode" />
          <item name="commons" type="9519ce18:MavenProjectsStructure$ProjectNode" />
          <item name="Lifecycle" type="58874e2:MavenProjectsStructure$LifecycleNode" />
        </path>
      </expand>
      <select />
    </treeState>
  </component>
  <component name="ProjectFrameBounds" extendedState="6">
    <option name="width" value="1920" />
    <option name="height" value="1050" />
  </component>
  <component name="ProjectView">
    <navigator proportions="" version="1">
      <foldersAlwaysOnTop value="true" />
    </navigator>
    <panes>
      <pane id="ProjectPane">
        <subPane>
          <expand>
            <path>
              <item name="clue-manage" type="b2602c69:ProjectViewProjectNode" />
              <item name="clue-manage" type="462c0819:PsiDirectoryNode" />
            </path>
            <path>
              <item name="clue-manage" type="b2602c69:ProjectViewProjectNode" />
              <item name="clue-manage" type="462c0819:PsiDirectoryNode" />
              <item name="clue-manage-sys-api" type="462c0819:PsiDirectoryNode" />
            </path>
            <path>
              <item name="clue-manage" type="b2602c69:ProjectViewProjectNode" />
              <item name="clue-manage" type="462c0819:PsiDirectoryNode" />
              <item name="clue-manage-sys-api" type="462c0819:PsiDirectoryNode" />
              <item name="src" type="462c0819:PsiDirectoryNode" />
            </path>
            <path>
              <item name="clue-manage" type="b2602c69:ProjectViewProjectNode" />
              <item name="clue-manage" type="462c0819:PsiDirectoryNode" />
              <item name="clue-manage-sys-api" type="462c0819:PsiDirectoryNode" />
              <item name="src" type="462c0819:PsiDirectoryNode" />
              <item name="main" type="462c0819:PsiDirectoryNode" />
            </path>
            <path>
              <item name="clue-manage" type="b2602c69:ProjectViewProjectNode" />
              <item name="clue-manage" type="462c0819:PsiDirectoryNode" />
              <item name="clue-manage-sys-api" type="462c0819:PsiDirectoryNode" />
              <item name="src" type="462c0819:PsiDirectoryNode" />
              <item name="main" type="462c0819:PsiDirectoryNode" />
              <item name="java" type="462c0819:PsiDirectoryNode" />
            </path>
            <path>
              <item name="clue-manage" type="b2602c69:ProjectViewProjectNode" />
              <item name="clue-manage" type="462c0819:PsiDirectoryNode" />
              <item name="clue-manage-sys-api" type="462c0819:PsiDirectoryNode" />
              <item name="src" type="462c0819:PsiDirectoryNode" />
              <item name="main" type="462c0819:PsiDirectoryNode" />
              <item name="java" type="462c0819:PsiDirectoryNode" />
              <item name="tanjiu" type="462c0819:PsiDirectoryNode" />
            </path>
            <path>
              <item name="clue-manage" type="b2602c69:ProjectViewProjectNode" />
              <item name="clue-manage" type="462c0819:PsiDirectoryNode" />
              <item name="clue-manage-sys-api" type="462c0819:PsiDirectoryNode" />
              <item name="src" type="462c0819:PsiDirectoryNode" />
              <item name="main" type="462c0819:PsiDirectoryNode" />
              <item name="java" type="462c0819:PsiDirectoryNode" />
              <item name="tanjiu" type="462c0819:PsiDirectoryNode" />
              <item name="aspect" type="462c0819:PsiDirectoryNode" />
            </path>
            <path>
              <item name="clue-manage" type="b2602c69:ProjectViewProjectNode" />
              <item name="clue-manage" type="462c0819:PsiDirectoryNode" />
              <item name="clue-manage-sys-api" type="462c0819:PsiDirectoryNode" />
              <item name="src" type="462c0819:PsiDirectoryNode" />
              <item name="main" type="462c0819:PsiDirectoryNode" />
              <item name="java" type="462c0819:PsiDirectoryNode" />
              <item name="tanjiu" type="462c0819:PsiDirectoryNode" />
              <item name="datasource" type="462c0819:PsiDirectoryNode" />
            </path>
            <path>
              <item name="clue-manage" type="b2602c69:ProjectViewProjectNode" />
              <item name="clue-manage" type="462c0819:PsiDirectoryNode" />
              <item name="clue-manage-sys-api" type="462c0819:PsiDirectoryNode" />
              <item name="src" type="462c0819:PsiDirectoryNode" />
              <item name="main" type="462c0819:PsiDirectoryNode" />
              <item name="resources" type="462c0819:PsiDirectoryNode" />
            </path>
            <path>
              <item name="clue-manage" type="b2602c69:ProjectViewProjectNode" />
              <item name="clue-manage" type="462c0819:PsiDirectoryNode" />
              <item name="commons" type="462c0819:PsiDirectoryNode" />
            </path>
            <path>
              <item name="clue-manage" type="b2602c69:ProjectViewProjectNode" />
              <item name="clue-manage" type="462c0819:PsiDirectoryNode" />
              <item name="commons" type="462c0819:PsiDirectoryNode" />
              <item name="src" type="462c0819:PsiDirectoryNode" />
            </path>
            <path>
              <item name="clue-manage" type="b2602c69:ProjectViewProjectNode" />
              <item name="clue-manage" type="462c0819:PsiDirectoryNode" />
              <item name="commons" type="462c0819:PsiDirectoryNode" />
              <item name="src" type="462c0819:PsiDirectoryNode" />
              <item name="main" type="462c0819:PsiDirectoryNode" />
            </path>
            <path>
              <item name="clue-manage" type="b2602c69:ProjectViewProjectNode" />
              <item name="clue-manage" type="462c0819:PsiDirectoryNode" />
              <item name="commons" type="462c0819:PsiDirectoryNode" />
              <item name="src" type="462c0819:PsiDirectoryNode" />
              <item name="main" type="462c0819:PsiDirectoryNode" />
              <item name="java" type="462c0819:PsiDirectoryNode" />
            </path>
            <path>
              <item name="clue-manage" type="b2602c69:ProjectViewProjectNode" />
              <item name="clue-manage" type="462c0819:PsiDirectoryNode" />
              <item name="commons" type="462c0819:PsiDirectoryNode" />
              <item name="src" type="462c0819:PsiDirectoryNode" />
              <item name="main" type="462c0819:PsiDirectoryNode" />
              <item name="java" type="462c0819:PsiDirectoryNode" />
              <item name="commons" type="462c0819:PsiDirectoryNode" />
            </path>
            <path>
              <item name="clue-manage" type="b2602c69:ProjectViewProjectNode" />
              <item name="clue-manage" type="462c0819:PsiDirectoryNode" />
              <item name="commons" type="462c0819:PsiDirectoryNode" />
              <item name="src" type="462c0819:PsiDirectoryNode" />
              <item name="main" type="462c0819:PsiDirectoryNode" />
              <item name="java" type="462c0819:PsiDirectoryNode" />
              <item name="commons" type="462c0819:PsiDirectoryNode" />
              <item name="configs" type="462c0819:PsiDirectoryNode" />
            </path>
            <path>
              <item name="clue-manage" type="b2602c69:ProjectViewProjectNode" />
              <item name="clue-manage" type="462c0819:PsiDirectoryNode" />
              <item name="commons" type="462c0819:PsiDirectoryNode" />
              <item name="src" type="462c0819:PsiDirectoryNode" />
              <item name="main" type="462c0819:PsiDirectoryNode" />
              <item name="java" type="462c0819:PsiDirectoryNode" />
              <item name="commons" type="462c0819:PsiDirectoryNode" />
              <item name="redis" type="462c0819:PsiDirectoryNode" />
            </path>
            <path>
              <item name="clue-manage" type="b2602c69:ProjectViewProjectNode" />
              <item name="External Libraries" type="cb654da1:ExternalLibrariesNode" />
            </path>
            <path>
              <item name="clue-manage" type="b2602c69:ProjectViewProjectNode" />
              <item name="External Libraries" type="cb654da1:ExternalLibrariesNode" />
              <item name="Maven: org.springframework.boot:spring-boot-autoconfigure:2.2.2.RELEASE" type="70bed36:NamedLibraryElementNode" />
            </path>
            <path>
              <item name="clue-manage" type="b2602c69:ProjectViewProjectNode" />
              <item name="External Libraries" type="cb654da1:ExternalLibrariesNode" />
              <item name="Maven: org.springframework.boot:spring-boot-autoconfigure:2.2.2.RELEASE" type="70bed36:NamedLibraryElementNode" />
              <item name="spring-boot-autoconfigure-2.2.2.RELEASE.jar" type="462c0819:PsiDirectoryNode" />
            </path>
            <path>
              <item name="clue-manage" type="b2602c69:ProjectViewProjectNode" />
              <item name="External Libraries" type="cb654da1:ExternalLibrariesNode" />
              <item name="Maven: org.springframework.boot:spring-boot-autoconfigure:2.2.2.RELEASE" type="70bed36:NamedLibraryElementNode" />
              <item name="spring-boot-autoconfigure-2.2.2.RELEASE.jar" type="462c0819:PsiDirectoryNode" />
              <item name="META-INF" type="462c0819:PsiDirectoryNode" />
            </path>
            <path>
              <item name="clue-manage" type="b2602c69:ProjectViewProjectNode" />
              <item name="External Libraries" type="cb654da1:ExternalLibrariesNode" />
              <item name="Maven: org.springframework.boot:spring-boot-autoconfigure:2.2.2.RELEASE" type="70bed36:NamedLibraryElementNode" />
              <item name="spring-boot-autoconfigure-2.2.2.RELEASE.jar" type="462c0819:PsiDirectoryNode" />
              <item name="autoconfigure" type="462c0819:PsiDirectoryNode" />
            </path>
            <path>
              <item name="clue-manage" type="b2602c69:ProjectViewProjectNode" />
              <item name="External Libraries" type="cb654da1:ExternalLibrariesNode" />
              <item name="Maven: org.springframework.boot:spring-boot-autoconfigure:2.2.2.RELEASE" type="70bed36:NamedLibraryElementNode" />
              <item name="spring-boot-autoconfigure-2.2.2.RELEASE.jar" type="462c0819:PsiDirectoryNode" />
              <item name="autoconfigure" type="462c0819:PsiDirectoryNode" />
              <item name="jdbc" type="462c0819:PsiDirectoryNode" />
            </path>
            <path>
              <item name="clue-manage" type="b2602c69:ProjectViewProjectNode" />
              <item name="External Libraries" type="cb654da1:ExternalLibrariesNode" />
              <item name="Maven: org.springframework.data:spring-data-redis:2.2.3.RELEASE" type="70bed36:NamedLibraryElementNode" />
            </path>
            <path>
              <item name="clue-manage" type="b2602c69:ProjectViewProjectNode" />
              <item name="External Libraries" type="cb654da1:ExternalLibrariesNode" />
              <item name="Maven: org.springframework.data:spring-data-redis:2.2.3.RELEASE" type="70bed36:NamedLibraryElementNode" />
              <item name="spring-data-redis-2.2.3.RELEASE.jar" type="462c0819:PsiDirectoryNode" />
            </path>
            <path>
              <item name="clue-manage" type="b2602c69:ProjectViewProjectNode" />
              <item name="External Libraries" type="cb654da1:ExternalLibrariesNode" />
              <item name="Maven: org.springframework.data:spring-data-redis:2.2.3.RELEASE" type="70bed36:NamedLibraryElementNode" />
              <item name="spring-data-redis-2.2.3.RELEASE.jar" type="462c0819:PsiDirectoryNode" />
              <item name="redis" type="462c0819:PsiDirectoryNode" />
            </path>
            <path>
              <item name="clue-manage" type="b2602c69:ProjectViewProjectNode" />
              <item name="External Libraries" type="cb654da1:ExternalLibrariesNode" />
              <item name="Maven: org.springframework.data:spring-data-redis:2.2.3.RELEASE" type="70bed36:NamedLibraryElementNode" />
              <item name="spring-data-redis-2.2.3.RELEASE.jar" type="462c0819:PsiDirectoryNode" />
              <item name="redis" type="462c0819:PsiDirectoryNode" />
              <item name="core" type="462c0819:PsiDirectoryNode" />
            </path>
          </expand>
          <select />
        </subPane>
      </pane>
      <pane id="PackagesPane" />
      <pane id="Scope" />
    </panes>
  </component>
  <component name="TimeTrackingManager">
    <option name="totallyTimeSpent" value="4760000" />
  </component>
  <component name="ToolWindowManager">
    <frame x="-8" y="-8" width="1936" height="1066" extended-state="6" />
    <editor active="true" />
    <layout>
      <window_info id="Favorites" side_tool="true" />
      <window_info id="Web" side_tool="true" />
      <window_info active="true" content_ui="combo" id="Project" order="0" visible="true" weight="0.24986595" />
      <window_info id="Structure" order="1" side_tool="true" weight="0.25" />
      <window_info anchor="bottom" id="Build" />
      <window_info anchor="bottom" id="Spring" />
      <window_info anchor="bottom" id="Services" />
      <window_info anchor="bottom" id="Terminal" />
      <window_info anchor="bottom" id="Event Log" side_tool="true" />
      <window_info anchor="bottom" id="Problems" weight="0.32939914" />
      <window_info anchor="bottom" id="Java Enterprise" />
      <window_info anchor="bottom" id="Database Changes" />
      <window_info anchor="bottom" id="Version Control" weight="0.32939914" />
      <window_info anchor="bottom" id="Messages" weight="0.32939914" />
      <window_info anchor="bottom" id="Message" order="0" />
      <window_info anchor="bottom" id="Find" order="1" weight="0.32939914" />
      <window_info anchor="bottom" id="Run" order="2" weight="0.38304722" />
      <window_info anchor="bottom" id="Debug" order="3" weight="0.2864807" />
      <window_info anchor="bottom" id="Cvs" order="4" weight="0.25" />
      <window_info anchor="bottom" id="Inspection" order="5" weight="0.4" />
      <window_info anchor="bottom" id="TODO" order="6" />
      <window_info anchor="right" id="Maven" visible="true" weight="0.1152815" />
      <window_info anchor="right" id="JSON Utils" />
      <window_info anchor="right" id="Key Promoter X" />
      <window_info anchor="right" id="Database" />
      <window_info anchor="right" id="Ant" />
      <window_info anchor="right" id="Bean Validation" />
      <window_info anchor="right" id="Commander" internal_type="SLIDING" order="0" type="SLIDING" weight="0.4" />
      <window_info anchor="right" id="Ant Build" order="1" weight="0.25" />
      <window_info anchor="right" content_ui="combo" id="Hierarchy" order="2" weight="0.25" />
    </layout>
  </component>
  <component name="editorHistoryManager">
    <entry file="jar://D:/web_softs/jdk1.8/jdk/src.zip!/java/util/AbstractList.java">
      <provider selected="true" editor-type-id="text-editor">
        <state relative-caret-position="193">
          <caret line="298" selection-start-line="298" selection-end-line="298" />
        </state>
      </provider>
    </entry>
    <entry file="jar://D:/web_softs/jdk1.8/jdk/src.zip!/java/util/AbstractSequentialList.java">
      <provider selected="true" editor-type-id="text-editor">
        <state relative-caret-position="316">
          <caret line="238" selection-start-line="238" selection-end-line="238" />
        </state>
      </provider>
    </entry>
    <entry file="jar://D:/web_softs/jdk1.8/jdk/src.zip!/java/util/AbstractCollection.java">
      <provider selected="true" editor-type-id="text-editor">
        <state relative-caret-position="215">
          <caret line="342" selection-start-line="342" selection-end-line="342" />
        </state>
      </provider>
    </entry>
    <entry file="jar://D:/web_softs/jdk1.8/jdk/src.zip!/java/util/LinkedList.java">
      <provider selected="true" editor-type-id="text-editor">
        <state relative-caret-position="185">
          <caret line="888" selection-start-line="888" selection-end-line="888" />
        </state>
      </provider>
    </entry>
    <entry file="file://$PROJECT_DIR$/clue-manage-sys-api/src/main/resources/application-test.yaml">
      <provider selected="true" editor-type-id="text-editor" />
    </entry>
    <entry file="file://$PROJECT_DIR$/commons/src/main/java/com/tanjiu/commons/oss/FileService.java">
      <provider selected="true" editor-type-id="text-editor">
        <state relative-caret-position="110">
          <caret line="21" column="13" selection-start-line="21" selection-start-column="13" selection-end-line="21" selection-end-column="13" />
        </state>
      </provider>
    </entry>
    <entry file="file://$PROJECT_DIR$/commons/src/main/java/com/tanjiu/commons/controllerandresults/ResultCode.java">
      <provider selected="true" editor-type-id="text-editor">
        <state relative-caret-position="66">
          <caret line="6" column="12" selection-start-line="6" selection-start-column="12" selection-end-line="6" selection-end-column="12" />
        </state>
      </provider>
    </entry>
    <entry file="file://$PROJECT_DIR$/commons/src/main/java/com/tanjiu/commons/controllerandresults/WebResult.java">
      <provider selected="true" editor-type-id="text-editor">
        <state relative-caret-position="132">
          <caret line="15" column="13" selection-start-line="15" selection-start-column="13" selection-end-line="15" selection-end-column="13" />
        </state>
      </provider>
    </entry>
    <entry file="file://$PROJECT_DIR$/commons/src/main/java/com/tanjiu/commons/interceptor/MvcInterceptorConfig.java">
      <provider selected="true" editor-type-id="text-editor">
        <state relative-caret-position="332">
          <caret line="21" column="33" lean-forward="true" selection-start-line="21" selection-start-column="33" selection-end-line="21" selection-end-column="33" />
          <folding>
            <element signature="docComment;class#MvcInterceptorConfig#0" expanded="true" />
          </folding>
        </state>
      </provider>
    </entry>
    <entry file="file://$PROJECT_DIR$/commons/src/main/java/com/tanjiu/commons/configs/annotions/SelectDataSource.java">
      <provider selected="true" editor-type-id="text-editor">
        <state relative-caret-position="176">
          <caret line="13" column="18" selection-start-line="13" selection-start-column="18" selection-end-line="13" selection-end-column="18" />
        </state>
      </provider>
    </entry>
    <entry file="file://$PROJECT_DIR$/commons/src/main/java/com/tanjiu/commons/interceptor/AuthorizationInterceptor.java">
      <provider selected="true" editor-type-id="text-editor">
        <state relative-caret-position="-586">
          <caret line="29" selection-start-line="29" selection-end-line="29" />
          <folding>
            <element signature="imports" expanded="true" />
          </folding>
        </state>
      </provider>
    </entry>
    <entry file="file://$PROJECT_DIR$/commons/src/main/java/com/tanjiu/commons/configs/annotions/RedisCache.java">
      <provider selected="true" editor-type-id="text-editor">
        <state relative-caret-position="264">
          <caret line="22" lean-forward="true" selection-start-line="22" selection-end-line="22" />
        </state>
      </provider>
    </entry>
    <entry file="file://$PROJECT_DIR$/commons/src/main/java/com/tanjiu/commons/configs/annotions/ExposedFree.java">
      <provider selected="true" editor-type-id="text-editor">
        <state relative-caret-position="154">
          <caret line="15" column="18" selection-start-line="15" selection-start-column="18" selection-end-line="15" selection-end-column="18" />
        </state>
      </provider>
    </entry>
    <entry file="jar://D:/.m2/org/springframework/boot/spring-boot-actuator-autoconfigure/2.2.2.RELEASE/spring-boot-actuator-autoconfigure-2.2.2.RELEASE.jar!/org/springframework/boot/actuate/autoconfigure/endpoint/web/ServletEndpointManagementContextConfiguration.class">
      <provider selected="true" editor-type-id="text-editor">
        <state relative-caret-position="71">
          <caret line="64" column="40" selection-start-line="64" selection-start-column="40" selection-end-line="64" selection-end-column="40" />
        </state>
      </provider>
    </entry>
    <entry file="jar://D:/.m2/org/springframework/boot/spring-boot-actuator-autoconfigure/2.2.2.RELEASE/spring-boot-actuator-autoconfigure-2.2.2.RELEASE.jar!/org/springframework/boot/actuate/autoconfigure/health/HealthEndpointConfiguration.class">
      <provider selected="true" editor-type-id="text-editor">
        <state relative-caret-position="379">
          <caret line="70" column="19" selection-start-line="70" selection-start-column="19" selection-end-line="70" selection-end-column="19" />
        </state>
      </provider>
    </entry>
    <entry file="file://$PROJECT_DIR$/clue-manage-sys-api/src/main/java/com/tanjiu/aspect/CacheAspect.java">
      <provider selected="true" editor-type-id="text-editor">
        <state relative-caret-position="22">
          <caret line="27" column="24" selection-start-line="27" selection-start-column="13" selection-end-line="27" selection-end-column="24" />
          <folding>
            <element signature="imports" expanded="true" />
          </folding>
        </state>
      </provider>
    </entry>
    <entry file="file://$PROJECT_DIR$/clue-manage-sys-api/src/main/java/com/tanjiu/config/datasource/DataSourceConfig.java">
      <provider selected="true" editor-type-id="text-editor">
        <state relative-caret-position="528">
          <caret line="42" column="65" selection-start-line="42" selection-start-column="56" selection-end-line="42" selection-end-column="65" />
        </state>
      </provider>
    </entry>
    <entry file="file://$PROJECT_DIR$/clue-manage-sys-api/src/main/resources/application-pro.yaml">
      <provider selected="true" editor-type-id="text-editor" />
    </entry>
    <entry file="file://$PROJECT_DIR$/commons/src/main/java/com/tanjiu/commons/http/HttpSender.java">
      <provider selected="true" editor-type-id="text-editor">
        <state relative-caret-position="132">
          <caret line="24" column="13" selection-start-line="24" selection-start-column="13" selection-end-line="24" selection-end-column="13" />
        </state>
      </provider>
    </entry>
    <entry file="jar://D:/.m2/org/springframework/boot/spring-boot-autoconfigure/2.2.2.RELEASE/spring-boot-autoconfigure-2.2.2.RELEASE.jar!/org/springframework/boot/autoconfigure/jdbc/DataSourceAutoConfiguration.class">
      <provider selected="true" editor-type-id="text-editor">
        <state relative-caret-position="-110">
          <caret line="37" column="59" selection-start-line="37" selection-start-column="39" selection-end-line="37" selection-end-column="59" />
        </state>
      </provider>
    </entry>
    <entry file="jar://D:/.m2/org/springframework/boot/spring-boot-autoconfigure/2.2.2.RELEASE/spring-boot-autoconfigure-2.2.2.RELEASE.jar!/META-INF/spring.factories">
      <provider selected="true" editor-type-id="text-editor">
        <state relative-caret-position="-3091" />
      </provider>
    </entry>
    <entry file="file://$PROJECT_DIR$/commons/src/main/java/com/tanjiu/commons/configs/datasource/DynamicDataSourceContextHolder.java">
      <provider selected="true" editor-type-id="text-editor">
        <state relative-caret-position="110">
          <caret line="12" column="13" selection-start-line="12" selection-start-column="13" selection-end-line="12" selection-end-column="13" />
        </state>
      </provider>
    </entry>
    <entry file="file://$PROJECT_DIR$/commons/src/main/java/com/tanjiu/commons/configs/datasource/DynamicDataSource.java">
      <provider selected="true" editor-type-id="text-editor">
        <state relative-caret-position="110">
          <caret line="13" column="13" selection-start-line="13" selection-start-column="13" selection-end-line="13" selection-end-column="13" />
        </state>
      </provider>
    </entry>
    <entry file="file://$PROJECT_DIR$/commons/src/main/java/com/tanjiu/commons/configs/aspects/SuperAspect.java">
      <provider selected="true" editor-type-id="text-editor">
        <state relative-caret-position="110">
          <caret line="12" column="13" selection-start-line="12" selection-start-column="13" selection-end-line="12" selection-end-column="13" />
        </state>
      </provider>
    </entry>
    <entry file="file://$PROJECT_DIR$/commons/src/main/java/com/tanjiu/commons/configs/aspects/ExecutionTimeAspect.java">
      <provider selected="true" editor-type-id="text-editor">
        <state relative-caret-position="88">
          <caret line="16" lean-forward="true" selection-start-line="16" selection-end-line="16" />
          <folding>
            <element signature="docComment;class#ExecutionTimeAspect#0" expanded="true" />
          </folding>
        </state>
      </provider>
    </entry>
    <entry file="file://$PROJECT_DIR$/commons/src/main/java/com/tanjiu/commons/configs/aspects/DynamicDataSourceAspect.java">
      <provider selected="true" editor-type-id="text-editor">
        <state relative-caret-position="39">
          <caret line="22" column="25" selection-start-line="22" selection-start-column="25" selection-end-line="22" selection-end-column="25" />
          <folding>
            <element signature="imports" expanded="true" />
          </folding>
        </state>
      </provider>
    </entry>
    <entry file="file://$PROJECT_DIR$/commons/src/main/java/com/tanjiu/commons/configs/cors/CorsProperties.java">
      <provider selected="true" editor-type-id="text-editor">
        <state relative-caret-position="132">
          <caret line="10" column="13" selection-start-line="10" selection-start-column="13" selection-end-line="10" selection-end-column="13" />
        </state>
      </provider>
    </entry>
    <entry file="file://$PROJECT_DIR$/commons/src/main/java/com/tanjiu/commons/configs/cors/CorsAutoConfig.java">
      <provider selected="true" editor-type-id="text-editor">
        <state relative-caret-position="220">
          <caret line="17" column="14" lean-forward="true" selection-start-line="17" selection-start-column="14" selection-end-line="17" selection-end-column="14" />
          <folding>
            <element signature="docComment;class#CorsAutoConfig#0" expanded="true" />
          </folding>
        </state>
      </provider>
    </entry>
    <entry file="file://$PROJECT_DIR$/clue-manage-sys-api/src/main/resources/logback-spring.xml">
      <provider selected="true" editor-type-id="text-editor">
        <state relative-caret-position="22">
          <caret line="34" column="24" lean-forward="true" selection-start-line="34" selection-start-column="24" selection-end-line="34" selection-end-column="24" />
        </state>
      </provider>
    </entry>
    <entry file="file://$PROJECT_DIR$/clue-manage-sys-api/src/main/resources/datasource.xml">
      <provider selected="true" editor-type-id="text-editor" />
    </entry>
    <entry file="file://$PROJECT_DIR$/clue-manage-sys-api/src/main/resources/application-dev.yaml">
      <provider selected="true" editor-type-id="text-editor">
        <state relative-caret-position="97">
          <caret line="11" column="29" lean-forward="true" selection-start-line="11" selection-start-column="29" selection-end-line="11" selection-end-column="29" />
        </state>
      </provider>
    </entry>
    <entry file="file://$PROJECT_DIR$/commons/src/main/resources/application-swagger.yml">
      <provider selected="true" editor-type-id="text-editor" />
    </entry>
    <entry file="file://$PROJECT_DIR$/commons/src/main/resources/META-INF/spring.factories">
      <provider selected="true" editor-type-id="text-editor">
        <state relative-caret-position="110">
          <caret line="5" column="53" lean-forward="true" selection-start-line="5" selection-start-column="53" selection-end-line="5" selection-end-column="53" />
        </state>
      </provider>
    </entry>
    <entry file="file://$PROJECT_DIR$/commons/src/main/resources/application-aliyun.yml">
      <provider selected="true" editor-type-id="text-editor" />
    </entry>
    <entry file="file://$PROJECT_DIR$/commons/src/main/resources/application-cors.yml">
      <provider selected="true" editor-type-id="text-editor" />
    </entry>
    <entry file="file://$PROJECT_DIR$/commons/src/main/resources/application.yml">
      <provider selected="true" editor-type-id="text-editor">
        <state relative-caret-position="198">
          <caret line="9" column="15" lean-forward="true" selection-start-line="9" selection-start-column="15" selection-end-line="9" selection-end-column="15" />
        </state>
      </provider>
    </entry>
    <entry file="file://$PROJECT_DIR$/commons/src/main/java/com/tanjiu/commons/configs/aspects/AspectAutoConfig.java">
      <provider selected="true" editor-type-id="text-editor">
        <state relative-caret-position="738">
          <caret line="65" column="26" lean-forward="true" selection-start-line="65" selection-start-column="26" selection-end-line="65" selection-end-column="26" />
          <folding>
            <element signature="imports" expanded="true" />
          </folding>
        </state>
      </provider>
    </entry>
    <entry file="file://$PROJECT_DIR$/clue-manage-sys-api/src/main/resources/application-aliyun.yaml">
      <provider selected="true" editor-type-id="text-editor">
        <state relative-caret-position="198">
          <caret line="9" column="17" selection-start-line="9" selection-start-column="17" selection-end-line="9" selection-end-column="17" />
        </state>
      </provider>
    </entry>
    <entry file="file://$PROJECT_DIR$/clue-manage-sys-api/src/main/resources/application-cors.yaml">
      <provider selected="true" editor-type-id="text-editor">
        <state relative-caret-position="154">
          <caret line="7" column="15" lean-forward="true" selection-start-line="7" selection-start-column="15" selection-end-line="7" selection-end-column="15" />
        </state>
      </provider>
    </entry>
    <entry file="file://$PROJECT_DIR$/clue-manage-sys-api/src/main/resources/application-swagger.yaml">
      <provider selected="true" editor-type-id="text-editor">
        <state relative-caret-position="132">
          <caret line="6" column="9" lean-forward="true" selection-start-line="6" selection-start-column="9" selection-end-line="6" selection-end-column="9" />
        </state>
      </provider>
    </entry>
    <entry file="file://$PROJECT_DIR$/clue-manage-sys-api/src/main/resources/application-test.yaml">
      <provider selected="true" editor-type-id="text-editor">
        <state relative-caret-position="484">
          <caret line="22" column="19" lean-forward="true" selection-start-line="22" selection-start-column="19" selection-end-line="22" selection-end-column="19" />
        </state>
      </provider>
    </entry>
    <entry file="file://$PROJECT_DIR$/clue-manage-sys-api/pom.xml">
      <provider selected="true" editor-type-id="text-editor">
        <state relative-caret-position="418">
          <caret line="47" column="21" selection-start-line="47" selection-start-column="21" selection-end-line="47" selection-end-column="21" />
        </state>
      </provider>
    </entry>
    <entry file="file://$PROJECT_DIR$/commons/pom.xml">
      <provider selected="true" editor-type-id="text-editor">
        <state relative-caret-position="-532" />
      </provider>
    </entry>
    <entry file="file://$PROJECT_DIR$/pom.xml">
      <provider selected="true" editor-type-id="text-editor">
        <state relative-caret-position="-504" />
      </provider>
    </entry>
    <entry file="file://$PROJECT_DIR$/clue-manage-sys-api/src/main/java/com/tanjiu/ClueManageSysApiApplication.java">
      <provider selected="true" editor-type-id="text-editor">
        <state relative-caret-position="154">
          <caret line="10" column="13" selection-start-line="10" selection-start-column="13" selection-end-line="10" selection-end-column="13" />
        </state>
      </provider>
    </entry>
    <entry file="file://$PROJECT_DIR$/commons/src/main/java/com/tanjiu/commons/controllerandresults/SuperController.java">
      <provider selected="true" editor-type-id="text-editor">
        <state relative-caret-position="110">
          <caret line="10" column="13" selection-start-line="10" selection-start-column="13" selection-end-line="10" selection-end-column="13" />
        </state>
      </provider>
    </entry>
    <entry file="jar://D:/.m2/org/springframework/data/spring-data-redis/2.2.3.RELEASE/spring-data-redis-2.2.3.RELEASE.jar!/org/springframework/data/redis/core/RedisTemplate.class">
      <provider selected="true" editor-type-id="text-editor">
        <state relative-caret-position="132">
          <caret line="47" column="13" selection-start-line="47" selection-start-column="13" selection-end-line="47" selection-end-column="13" />
        </state>
      </provider>
    </entry>
    <entry file="file://$PROJECT_DIR$/commons/src/main/java/com/tanjiu/commons/configs/othersAutoConfig.java">
      <provider selected="true" editor-type-id="text-editor">
        <state relative-caret-position="22">
          <caret line="30" column="4" selection-start-line="30" selection-start-column="4" selection-end-line="30" selection-end-column="4" />
        </state>
      </provider>
    </entry>
    <entry file="file://$PROJECT_DIR$/commons/src/main/java/com/tanjiu/commons/configs/CustomExceptionHandler.java">
      <provider selected="true" editor-type-id="text-editor">
        <state relative-caret-position="132">
          <caret line="19" column="13" selection-start-line="19" selection-start-column="13" selection-end-line="19" selection-end-column="13" />
        </state>
      </provider>
    </entry>
    <entry file="file://$PROJECT_DIR$/commons/src/main/java/com/tanjiu/commons/redis/RedisKey.java">
      <provider selected="true" editor-type-id="text-editor">
        <state relative-caret-position="22">
          <caret line="10" column="12" selection-start-line="10" selection-start-column="12" selection-end-line="10" selection-end-column="12" />
        </state>
      </provider>
    </entry>
    <entry file="file://$PROJECT_DIR$/commons/src/main/java/com/tanjiu/commons/redis/RedisService.java">
      <provider selected="true" editor-type-id="text-editor">
        <state relative-caret-position="144">
          <caret line="23" column="5" lean-forward="true" selection-start-line="23" selection-start-column="5" selection-end-line="23" selection-end-column="5" />
          <folding>
            <element signature="imports" expanded="true" />
          </folding>
        </state>
      </provider>
    </entry>
  </component>
</project>