<project version="4">
  <component name="FileEditorManager">
    <leaf>
      <file pinned="false" current-in-tab="false">
        <entry file="file://$PROJECT_DIR$/service-common/src/main/java/commoncore/feignService/StudentClientService.java">
          <provider selected="true" editor-type-id="text-editor">
            <state relative-caret-position="154">
              <caret line="12" column="25" selection-start-line="12" selection-start-column="25" selection-end-line="12" selection-end-column="25" />
            </state>
          </provider>
        </entry>
      </file>
      <file pinned="false" current-in-tab="false">
        <entry file="file://$PROJECT_DIR$/service-common/src/main/java/commoncore/feignService/StudentConsumerClient.java">
          <provider selected="true" editor-type-id="text-editor">
            <state>
              <folding>
                <element signature="n#!!doc" expanded="true" />
                <element signature="e#0#381#0" expanded="true" />
              </folding>
            </state>
          </provider>
        </entry>
      </file>
      <file pinned="false" current-in-tab="false">
        <entry file="file://$PROJECT_DIR$/service-common/src/main/java/commoncore/feignService/StudentFallBackFactory.java">
          <provider selected="true" editor-type-id="text-editor">
            <state relative-caret-position="374">
              <caret line="28" column="31" lean-forward="true" selection-start-line="28" selection-start-column="31" selection-end-line="28" selection-end-column="31" />
            </state>
          </provider>
        </entry>
      </file>
      <file pinned="false" current-in-tab="false">
        <entry file="file://$PROJECT_DIR$/service-feign-consumer/src/main/java/feigncore/feignConfig/FeignConfig.java">
          <provider selected="true" editor-type-id="text-editor">
            <state relative-caret-position="132">
              <caret line="13" column="13" selection-start-line="13" selection-start-column="13" selection-end-line="13" selection-end-column="13" />
            </state>
          </provider>
        </entry>
      </file>
      <file pinned="false" current-in-tab="true">
        <entry file="file://$PROJECT_DIR$/service-feign-consumer/src/main/java/feigncore/controllers/FeignController.java">
          <provider selected="true" editor-type-id="text-editor">
            <state relative-caret-position="132">
              <caret line="24" column="58" selection-start-line="24" selection-start-column="40" selection-end-line="24" selection-end-column="58" />
            </state>
          </provider>
        </entry>
      </file>
      <file pinned="false" current-in-tab="false">
        <entry file="file://$PROJECT_DIR$/service-common/src/main/java/commoncore/serviceApi/StudentConsumerApi.java">
          <provider selected="true" editor-type-id="text-editor">
            <state relative-caret-position="132">
              <caret line="16" column="17" selection-start-line="16" selection-start-column="17" selection-end-line="16" selection-end-column="17" />
            </state>
          </provider>
        </entry>
      </file>
      <file pinned="false" current-in-tab="false">
        <entry file="file://$PROJECT_DIR$/service-common/src/main/java/commoncore/serviceApi/StudentServiceApi.java">
          <provider selected="true" editor-type-id="text-editor">
            <state relative-caret-position="132">
              <caret line="14" column="25" lean-forward="true" selection-start-line="14" selection-start-column="25" selection-end-line="14" selection-end-column="25" />
            </state>
          </provider>
        </entry>
      </file>
    </leaf>
  </component>
  <component name="IdeDocumentHistory">
    <option name="CHANGED_PATHS">
      <list>
        <option value="$PROJECT_DIR$/pom.xml" />
      </list>
    </option>
  </component>
  <component name="MavenProjectNavigator">
    <treeState>
      <expand />
      <select />
    </treeState>
  </component>
  <component name="ProjectFrameBounds" extendedState="6">
    <option name="x" value="2031" />
    <option name="y" value="98" />
    <option name="width" value="1920" />
    <option name="height" value="1050" />
  </component>
  <component name="ProjectView">
    <navigator proportions="" version="1">
      <foldersAlwaysOnTop value="true" />
    </navigator>
    <panes>
      <pane id="ProjectPane">
        <subPane>
          <expand>
            <path>
              <item name="springcloudenv" type="b2602c69:ProjectViewProjectNode" />
              <item name="springcloudenv" type="462c0819:PsiDirectoryNode" />
            </path>
            <path>
              <item name="springcloudenv" type="b2602c69:ProjectViewProjectNode" />
              <item name="springcloudenv" type="462c0819:PsiDirectoryNode" />
              <item name="service-common" type="462c0819:PsiDirectoryNode" />
            </path>
            <path>
              <item name="springcloudenv" type="b2602c69:ProjectViewProjectNode" />
              <item name="springcloudenv" type="462c0819:PsiDirectoryNode" />
              <item name="service-common" type="462c0819:PsiDirectoryNode" />
              <item name="src" type="462c0819:PsiDirectoryNode" />
            </path>
            <path>
              <item name="springcloudenv" type="b2602c69:ProjectViewProjectNode" />
              <item name="springcloudenv" type="462c0819:PsiDirectoryNode" />
              <item name="service-common" type="462c0819:PsiDirectoryNode" />
              <item name="src" type="462c0819:PsiDirectoryNode" />
              <item name="main" type="462c0819:PsiDirectoryNode" />
            </path>
            <path>
              <item name="springcloudenv" type="b2602c69:ProjectViewProjectNode" />
              <item name="springcloudenv" type="462c0819:PsiDirectoryNode" />
              <item name="service-common" type="462c0819:PsiDirectoryNode" />
              <item name="src" type="462c0819:PsiDirectoryNode" />
              <item name="main" type="462c0819:PsiDirectoryNode" />
              <item name="java" type="462c0819:PsiDirectoryNode" />
            </path>
            <path>
              <item name="springcloudenv" type="b2602c69:ProjectViewProjectNode" />
              <item name="springcloudenv" type="462c0819:PsiDirectoryNode" />
              <item name="service-common" type="462c0819:PsiDirectoryNode" />
              <item name="src" type="462c0819:PsiDirectoryNode" />
              <item name="main" type="462c0819:PsiDirectoryNode" />
              <item name="java" type="462c0819:PsiDirectoryNode" />
              <item name="commoncore" type="462c0819:PsiDirectoryNode" />
            </path>
            <path>
              <item name="springcloudenv" type="b2602c69:ProjectViewProjectNode" />
              <item name="springcloudenv" type="462c0819:PsiDirectoryNode" />
              <item name="service-common" type="462c0819:PsiDirectoryNode" />
              <item name="src" type="462c0819:PsiDirectoryNode" />
              <item name="main" type="462c0819:PsiDirectoryNode" />
              <item name="java" type="462c0819:PsiDirectoryNode" />
              <item name="commoncore" type="462c0819:PsiDirectoryNode" />
              <item name="feignService" type="462c0819:PsiDirectoryNode" />
            </path>
            <path>
              <item name="springcloudenv" type="b2602c69:ProjectViewProjectNode" />
              <item name="springcloudenv" type="462c0819:PsiDirectoryNode" />
              <item name="service-common" type="462c0819:PsiDirectoryNode" />
              <item name="src" type="462c0819:PsiDirectoryNode" />
              <item name="main" type="462c0819:PsiDirectoryNode" />
              <item name="java" type="462c0819:PsiDirectoryNode" />
              <item name="commoncore" type="462c0819:PsiDirectoryNode" />
              <item name="serviceApi" type="462c0819:PsiDirectoryNode" />
            </path>
            <path>
              <item name="springcloudenv" type="b2602c69:ProjectViewProjectNode" />
              <item name="springcloudenv" type="462c0819:PsiDirectoryNode" />
              <item name="service-feign-consumer" type="462c0819:PsiDirectoryNode" />
            </path>
            <path>
              <item name="springcloudenv" type="b2602c69:ProjectViewProjectNode" />
              <item name="springcloudenv" type="462c0819:PsiDirectoryNode" />
              <item name="service-feign-consumer" type="462c0819:PsiDirectoryNode" />
              <item name="src" type="462c0819:PsiDirectoryNode" />
            </path>
            <path>
              <item name="springcloudenv" type="b2602c69:ProjectViewProjectNode" />
              <item name="springcloudenv" type="462c0819:PsiDirectoryNode" />
              <item name="service-feign-consumer" type="462c0819:PsiDirectoryNode" />
              <item name="src" type="462c0819:PsiDirectoryNode" />
              <item name="main" type="462c0819:PsiDirectoryNode" />
            </path>
            <path>
              <item name="springcloudenv" type="b2602c69:ProjectViewProjectNode" />
              <item name="springcloudenv" type="462c0819:PsiDirectoryNode" />
              <item name="service-feign-consumer" type="462c0819:PsiDirectoryNode" />
              <item name="src" type="462c0819:PsiDirectoryNode" />
              <item name="main" type="462c0819:PsiDirectoryNode" />
              <item name="java" type="462c0819:PsiDirectoryNode" />
            </path>
            <path>
              <item name="springcloudenv" type="b2602c69:ProjectViewProjectNode" />
              <item name="springcloudenv" type="462c0819:PsiDirectoryNode" />
              <item name="service-feign-consumer" type="462c0819:PsiDirectoryNode" />
              <item name="src" type="462c0819:PsiDirectoryNode" />
              <item name="main" type="462c0819:PsiDirectoryNode" />
              <item name="java" type="462c0819:PsiDirectoryNode" />
              <item name="feigncore" type="462c0819:PsiDirectoryNode" />
            </path>
            <path>
              <item name="springcloudenv" type="b2602c69:ProjectViewProjectNode" />
              <item name="springcloudenv" type="462c0819:PsiDirectoryNode" />
              <item name="service-feign-consumer" type="462c0819:PsiDirectoryNode" />
              <item name="src" type="462c0819:PsiDirectoryNode" />
              <item name="main" type="462c0819:PsiDirectoryNode" />
              <item name="java" type="462c0819:PsiDirectoryNode" />
              <item name="feigncore" type="462c0819:PsiDirectoryNode" />
              <item name="controllers" type="462c0819:PsiDirectoryNode" />
            </path>
            <path>
              <item name="springcloudenv" type="b2602c69:ProjectViewProjectNode" />
              <item name="springcloudenv" type="462c0819:PsiDirectoryNode" />
              <item name="service-feign-consumer" type="462c0819:PsiDirectoryNode" />
              <item name="src" type="462c0819:PsiDirectoryNode" />
              <item name="main" type="462c0819:PsiDirectoryNode" />
              <item name="java" type="462c0819:PsiDirectoryNode" />
              <item name="feigncore" type="462c0819:PsiDirectoryNode" />
              <item name="feignConfig" type="462c0819:PsiDirectoryNode" />
            </path>
          </expand>
          <select />
        </subPane>
      </pane>
      <pane id="PackagesPane" />
      <pane id="Scope" />
    </panes>
  </component>
  <component name="TimeTrackingManager">
    <option name="totallyTimeSpent" value="541000" />
  </component>
  <component name="ToolWindowManager">
    <frame x="1912" y="-8" width="1936" height="1066" extended-state="6" />
    <layout>
      <window_info id="Favorites" side_tool="true" />
      <window_info active="true" content_ui="combo" id="Project" order="0" visible="true" weight="0.24986595" />
      <window_info id="Structure" order="1" side_tool="true" weight="0.25" />
      <window_info anchor="bottom" id="Services" />
      <window_info anchor="bottom" id="Problems" />
      <window_info anchor="bottom" id="Database Changes" />
      <window_info anchor="bottom" id="Version Control" />
      <window_info anchor="bottom" id="Terminal" />
      <window_info anchor="bottom" id="Event Log" side_tool="true" />
      <window_info anchor="bottom" id="Build" />
      <window_info anchor="bottom" id="Message" order="0" />
      <window_info anchor="bottom" id="Find" order="1" />
      <window_info anchor="bottom" id="Run" order="2" />
      <window_info anchor="bottom" id="Debug" order="3" weight="0.4" />
      <window_info anchor="bottom" id="Cvs" order="4" weight="0.25" />
      <window_info anchor="bottom" id="Inspection" order="5" weight="0.4" />
      <window_info anchor="bottom" id="TODO" order="6" />
      <window_info anchor="right" id="Ant" />
      <window_info anchor="right" id="Maven" visible="true" weight="0.27453083" />
      <window_info anchor="right" id="JSON Utils" />
      <window_info anchor="right" id="Database" />
      <window_info anchor="right" id="Commander" internal_type="SLIDING" order="0" type="SLIDING" weight="0.4" />
      <window_info anchor="right" id="Ant Build" order="1" weight="0.25" />
      <window_info anchor="right" content_ui="combo" id="Hierarchy" order="2" weight="0.25" />
    </layout>
  </component>
  <component name="editorHistoryManager">
    <entry file="file://$PROJECT_DIR$/pom.xml">
      <provider selected="true" editor-type-id="text-editor">
        <state relative-caret-position="264">
          <caret line="56" column="18" selection-start-line="56" selection-start-column="18" selection-end-line="56" selection-end-column="18" />
        </state>
      </provider>
    </entry>
    <entry file="file://$PROJECT_DIR$/service-common/src/main/java/commoncore/feignService/ConsumerFallBackFactory.java">
      <provider selected="true" editor-type-id="text-editor">
        <state>
          <folding>
            <element signature="n#!!doc" expanded="true" />
            <element signature="e#0#2097#0" expanded="true" />
          </folding>
        </state>
      </provider>
    </entry>
    <entry file="file://$PROJECT_DIR$/service-common/src/main/java/commoncore/feignService/StudentConsumerClient.java">
      <provider selected="true" editor-type-id="text-editor">
        <state>
          <folding>
            <element signature="n#!!doc" expanded="true" />
            <element signature="e#0#381#0" expanded="true" />
          </folding>
        </state>
      </provider>
    </entry>
    <entry file="file://$PROJECT_DIR$/service-common/src/main/java/commoncore/feignService/StudentClientService.java">
      <provider selected="true" editor-type-id="text-editor">
        <state relative-caret-position="154">
          <caret line="12" column="25" selection-start-line="12" selection-start-column="25" selection-end-line="12" selection-end-column="25" />
        </state>
      </provider>
    </entry>
    <entry file="file://$PROJECT_DIR$/service-common/src/main/java/commoncore/feignService/StudentFallBackFactory.java">
      <provider selected="true" editor-type-id="text-editor">
        <state relative-caret-position="374">
          <caret line="28" column="31" lean-forward="true" selection-start-line="28" selection-start-column="31" selection-end-line="28" selection-end-column="31" />
        </state>
      </provider>
    </entry>
    <entry file="file://$PROJECT_DIR$/service-common/src/main/java/commoncore/serviceApi/StudentConsumerApi.java">
      <provider selected="true" editor-type-id="text-editor">
        <state relative-caret-position="132">
          <caret line="16" column="17" selection-start-line="16" selection-start-column="17" selection-end-line="16" selection-end-column="17" />
        </state>
      </provider>
    </entry>
    <entry file="file://$PROJECT_DIR$/service-common/src/main/java/commoncore/serviceApi/StudentServiceApi.java">
      <provider selected="true" editor-type-id="text-editor">
        <state relative-caret-position="132">
          <caret line="14" column="25" lean-forward="true" selection-start-line="14" selection-start-column="25" selection-end-line="14" selection-end-column="25" />
        </state>
      </provider>
    </entry>
    <entry file="file://$PROJECT_DIR$/service-feign-consumer/src/main/java/feigncore/feignConfig/FeignConfig.java">
      <provider selected="true" editor-type-id="text-editor">
        <state relative-caret-position="132">
          <caret line="13" column="13" selection-start-line="13" selection-start-column="13" selection-end-line="13" selection-end-column="13" />
        </state>
      </provider>
    </entry>
    <entry file="file://$PROJECT_DIR$/service-feign-consumer/src/main/java/feigncore/controllers/FeignController.java">
      <provider selected="true" editor-type-id="text-editor">
        <state relative-caret-position="132">
          <caret line="24" column="58" selection-start-line="24" selection-start-column="40" selection-end-line="24" selection-end-column="58" />
        </state>
      </provider>
    </entry>
  </component>
</project>