<project version="4">
  <component name="FileEditorManager">
    <leaf>
      <file pinned="false" current-in-tab="true">
        <entry file="file://$PROJECT_DIR$/pom.xml">
          <provider selected="true" editor-type-id="text-editor">
            <state relative-caret-position="228">
              <caret line="13" column="12" lean-forward="true" selection-start-line="13" selection-start-column="12" selection-end-line="13" selection-end-column="12" />
            </state>
          </provider>
        </entry>
      </file>
      <file pinned="false" current-in-tab="false">
        <entry file="file://$PROJECT_DIR$/README.md">
          <provider selected="true" editor-type-id="split-provider[text-editor;markdown-preview-editor]">
            <state split_layout="SPLIT">
              <first_editor />
              <second_editor />
            </state>
          </provider>
        </entry>
      </file>
      <file pinned="false" current-in-tab="false">
        <entry file="file://$PROJECT_DIR$/dynamic-dataSource/pom.xml">
          <provider selected="true" editor-type-id="text-editor" />
        </entry>
      </file>
      <file pinned="false" current-in-tab="false">
        <entry file="file://$PROJECT_DIR$/services-admin/pom.xml">
          <provider selected="true" editor-type-id="text-editor" />
        </entry>
      </file>
      <file pinned="false" current-in-tab="false">
        <entry file="file://$PROJECT_DIR$/src/main/java/pri/zxx/servicesgateway/ServicesGatewayApplication.java">
          <provider selected="true" editor-type-id="text-editor" />
        </entry>
      </file>
      <file pinned="false" current-in-tab="false">
        <entry file="file://$PROJECT_DIR$/HELP.md">
          <provider selected="true" editor-type-id="split-provider[text-editor;markdown-preview-editor]">
            <state split_layout="SPLIT">
              <first_editor />
              <second_editor />
            </state>
          </provider>
        </entry>
      </file>
    </leaf>
  </component>
  <component name="IdeDocumentHistory">
    <option name="CHANGED_PATHS">
      <list>
        <option value="$PROJECT_DIR$/pom.xml" />
      </list>
    </option>
  </component>
  <component name="MavenProjectNavigator">
    <treeState>
      <expand />
      <select />
    </treeState>
  </component>
  <component name="ProjectFrameBounds" extendedState="6">
    <option name="x" value="1912" />
    <option name="y" value="-8" />
    <option name="width" value="1936" />
    <option name="height" value="1066" />
  </component>
  <component name="ProjectView">
    <navigator proportions="" version="1">
      <foldersAlwaysOnTop value="true" />
    </navigator>
    <panes>
      <pane id="PackagesPane" />
      <pane id="ProjectPane">
        <subPane>
          <expand>
            <path>
              <item name="components-learn" type="b2602c69:ProjectViewProjectNode" />
              <item name="spring-cloud-components" type="462c0819:PsiDirectoryNode" />
            </path>
          </expand>
          <select />
        </subPane>
      </pane>
      <pane id="Scope" />
    </panes>
  </component>
  <component name="TimeTrackingManager">
    <option name="totallyTimeSpent" value="1087000" />
  </component>
  <component name="ToolWindowManager">
    <frame x="1912" y="-8" width="1936" height="1066" extended-state="6" />
    <layout>
      <window_info active="true" content_ui="combo" id="Project" order="0" visible="true" weight="0.22049356" />
      <window_info id="Structure" order="1" side_tool="true" weight="0.25" />
      <window_info id="Web" order="2" side_tool="true" />
      <window_info id="Favorites" order="3" side_tool="true" />
      <window_info anchor="bottom" id="Message" order="0" />
      <window_info anchor="bottom" id="Find" order="1" />
      <window_info anchor="bottom" id="Run" order="2" />
      <window_info anchor="bottom" id="Debug" order="3" weight="0.4" />
      <window_info anchor="bottom" id="Cvs" order="4" weight="0.25" />
      <window_info anchor="bottom" id="Inspection" order="5" weight="0.4" />
      <window_info anchor="bottom" id="TODO" order="6" />
      <window_info anchor="bottom" id="Services" order="7" weight="0.27145922" />
      <window_info anchor="bottom" id="Version Control" order="8" />
      <window_info anchor="bottom" id="Problems" order="9" />
      <window_info anchor="bottom" id="Spring" order="10" />
      <window_info anchor="bottom" id="Database Changes" order="11" />
      <window_info anchor="bottom" id="Terminal" order="12" />
      <window_info anchor="bottom" id="Event Log" order="13" side_tool="true" />
      <window_info anchor="bottom" id="Build" order="14" />
      <window_info anchor="bottom" id="Java Enterprise" order="15" />
      <window_info anchor="right" id="Commander" internal_type="SLIDING" order="0" type="SLIDING" weight="0.4" />
      <window_info anchor="right" id="Ant Build" order="1" weight="0.25" />
      <window_info anchor="right" content_ui="combo" id="Hierarchy" order="2" weight="0.25" />
      <window_info anchor="right" id="Maven" order="3" visible="true" weight="0.23175965" />
      <window_info anchor="right" id="Database" order="4" />
      <window_info anchor="right" id="Ant" order="5" />
      <window_info anchor="right" id="Bean Validation" order="6" />
      <window_info anchor="right" id="JSON Utils" order="7" />
    </layout>
  </component>
  <component name="editorHistoryManager">
    <entry file="file://$PROJECT_DIR$/README.md">
      <provider selected="true" editor-type-id="split-provider[text-editor;markdown-preview-editor]">
        <state split_layout="SPLIT">
          <first_editor />
          <second_editor />
        </state>
      </provider>
    </entry>
    <entry file="file://$PROJECT_DIR$/.gitignore">
      <provider selected="true" editor-type-id="text-editor" />
    </entry>
    <entry file="file://$PROJECT_DIR$/dynamic-dataSource/pom.xml">
      <provider selected="true" editor-type-id="text-editor" />
    </entry>
    <entry file="file://$PROJECT_DIR$/services-admin/pom.xml">
      <provider selected="true" editor-type-id="text-editor" />
    </entry>
    <entry file="file://$PROJECT_DIR$/src/main/java/pri/zxx/servicesgateway/ServicesGatewayApplication.java">
      <provider selected="true" editor-type-id="text-editor" />
    </entry>
    <entry file="file://$PROJECT_DIR$/HELP.md">
      <provider selected="true" editor-type-id="split-provider[text-editor;markdown-preview-editor]">
        <state split_layout="SPLIT">
          <first_editor />
          <second_editor />
        </state>
      </provider>
    </entry>
    <entry file="file://$PROJECT_DIR$/pom.xml">
      <provider selected="true" editor-type-id="text-editor">
        <state relative-caret-position="228">
          <caret line="13" column="12" lean-forward="true" selection-start-line="13" selection-start-column="12" selection-end-line="13" selection-end-column="12" />
        </state>
      </provider>
    </entry>
  </component>
</project>