<project version="4">
  <component name="FileEditorManager">
    <leaf>
      <file pinned="false" current-in-tab="false">
        <entry file="file://$PROJECT_DIR$/src/main/java/pri/zxx/learndemo/collectiondemo/CollectionsTest.java">
          <provider selected="true" editor-type-id="text-editor">
            <state relative-caret-position="660">
              <caret line="39" column="23" selection-start-line="39" selection-start-column="16" selection-end-line="39" selection-end-column="23" />
            </state>
          </provider>
        </entry>
      </file>
      <file pinned="false" current-in-tab="false">
        <entry file="file://$PROJECT_DIR$/src/main/java/pri/zxx/learndemo/datasource/C3poDataSourceConfig.java">
          <provider selected="true" editor-type-id="text-editor">
            <state relative-caret-position="242">
              <caret line="25" column="58" selection-start-line="25" selection-start-column="43" selection-end-line="25" selection-end-column="58" />
            </state>
          </provider>
        </entry>
      </file>
      <file pinned="false" current-in-tab="false">
        <entry file="file://$PROJECT_DIR$/src/main/java/pri/zxx/learndemo/datasource/SiteConfig.java">
          <provider selected="true" editor-type-id="text-editor">
            <state relative-caret-position="132">
              <caret line="8" column="13" selection-start-line="8" selection-start-column="13" selection-end-line="8" selection-end-column="13" />
            </state>
          </provider>
        </entry>
      </file>
      <file pinned="false" current-in-tab="true">
        <entry file="file://$PROJECT_DIR$/src/main/java/pri/zxx/learndemo/filesinstinct/MusicDinstinct.java">
          <provider selected="true" editor-type-id="text-editor">
            <state relative-caret-position="440">
              <caret line="30" column="47" selection-start-line="30" selection-start-column="47" selection-end-line="30" selection-end-column="47" />
            </state>
          </provider>
        </entry>
      </file>
      <file pinned="false" current-in-tab="false">
        <entry file="file://$PROJECT_DIR$/src/main/java/pri/zxx/learndemo/exceptionhandle/MyException.java">
          <provider selected="true" editor-type-id="text-editor">
            <state relative-caret-position="66">
              <caret line="7" column="13" selection-start-line="7" selection-start-column="13" selection-end-line="7" selection-end-column="13" />
            </state>
          </provider>
        </entry>
      </file>
      <file pinned="false" current-in-tab="false">
        <entry file="file://$PROJECT_DIR$/target/classes/pri/zxx/learndemo/exceptionhandle/MyException.class">
          <provider selected="true" editor-type-id="text-editor" />
        </entry>
      </file>
      <file pinned="false" current-in-tab="false">
        <entry file="file://$PROJECT_DIR$/target/classes/pri/zxx/learndemo/exceptionhandle/GlobalExceptionHandle.class">
          <provider selected="true" editor-type-id="text-editor" />
        </entry>
      </file>
    </leaf>
  </component>
  <component name="FindInProjectRecents">
    <findStrings>
      <find>Period</find>
      <find>canExecute</find>
      <find>path</find>
      <find>e</find>
      <find>System.out.println</find>
      <find>btb</find>
      <find>qr</find>
      <find>png</find>
      <find>FormatterName</find>
      <find>FormatName</find>
      <find>qos</find>
      <find>全局异常信息捕获</find>
      <find>yyyy</find>
      <find>generate.SysUser</find>
      <find>ExceptionHandler</find>
      <find>Resource</find>
    </findStrings>
    <replaceStrings>
      <replace>CustermPeriod</replace>
      <replace>FilePathConstant.MYFILES</replace>
      <replace>log.warn</replace>
      <replace>bf</replace>
      <replace>pri.zxx.webdemo.entity.SysUser</replace>
      <replace />
    </replaceStrings>
    <dirStrings>
      <dir>D:\code-now\learn_demo\target</dir>
    </dirStrings>
  </component>
  <component name="IdeDocumentHistory">
    <option name="CHANGED_PATHS">
      <list>
        <option value="$PROJECT_DIR$/src/main/java/pri/zxx/webdemo/config/ExceptionPrint.java" />
        <option value="$PROJECT_DIR$/src/main/java/pri/zxx/webdemo/config/ExPrint.java" />
        <option value="$PROJECT_DIR$/src/main/java/pri/zxx/webdemo/controllers/TestController.java" />
        <option value="$PROJECT_DIR$/src/main/java/pri/zxx/webdemo/controllers/HashTestControoler.java" />
        <option value="$PROJECT_DIR$/src/main/java/pri/zxx/webdemo/entity/HashTest.java" />
        <option value="$PROJECT_DIR$/src/main/java/pri/zxx/webdemo/entity/SysRole.java" />
        <option value="$PROJECT_DIR$/src/main/java/pri/zxx/nio/Java8WatchServiceExample.java" />
        <option value="$PROJECT_DIR$/src/main/java/pri/zxx/nio/Base64Test.java" />
        <option value="$PROJECT_DIR$/src/main/java/pri/zxx/webdemo/config/FilePathConstant.java" />
        <option value="$PROJECT_DIR$/logs/io.txt" />
        <option value="$PROJECT_DIR$/logs/log4j.properties" />
        <option value="$PROJECT_DIR$/src/main/java/pri/zxx/nio/ChannelTest.java" />
        <option value="$PROJECT_DIR$/src/main/java/pri/zxx/nio/NioTest.java" />
        <option value="$PROJECT_DIR$/src/main/java/pri/zxx/nio/BufferTest.java" />
        <option value="$PROJECT_DIR$/src/main/java/pri/zxx/nio/FileInLine.java" />
        <option value="$PROJECT_DIR$/src/main/java/pri/zxx/nio/NetIoTest.java" />
        <option value="$PROJECT_DIR$/src/main/java/pri/zxx/nio/SocketTest.java" />
        <option value="$PROJECT_DIR$/src/main/java/pri/zxx/webdemo/utils/QRCodeUtil.java" />
        <option value="$PROJECT_DIR$/src/main/java/pri/zxx/webdemo/controllers/HashTestController.java" />
        <option value="$PROJECT_DIR$/src/main/java/pri/zxx/webdemo/controllers/QRCodeController.java" />
        <option value="$PROJECT_DIR$/src/main/java/pri/zxx/learndemo/exceptionhandle/GlobalExceptionHandle.java" />
        <option value="$PROJECT_DIR$/README.md" />
        <option value="$PROJECT_DIR$/.gitignore" />
        <option value="$USER_HOME$/AppData/Local/Temp/leetcode/editor/cn/[2]两数相加.java" />
        <option value="$APPLICATION_CONFIG_DIR$/consoles/db/26599cbd-83f5-4f55-aba8-7ac1673b127c/console.sql" />
        <option value="$PROJECT_DIR$/src/main/java/pri/zxx/webdemo/config/SwaggerAutoConfiguration.java" />
        <option value="$PROJECT_DIR$/src/main/java/pri/zxx/webdemo/controllers/FileOpeController.java" />
        <option value="$PROJECT_DIR$/src/main/java/pri/zxx/learndemo/testdemo/CharsetTest.java" />
        <option value="$PROJECT_DIR$/src/main/java/pri/zxx/testdemo/CharsetTest.java" />
        <option value="$PROJECT_DIR$/src/main/java/pri/zxx/webdemo/config/HttpMessageConverterConfig.java" />
        <option value="$PROJECT_DIR$/src/main/java/pri/zxx/webdemo/config/ReadFileTest.java" />
        <option value="$PROJECT_DIR$/src/main/java/pri/zxx/webdemo/entity/vo/ResultEnum.java" />
        <option value="$PROJECT_DIR$/src/main/java/pri/zxx/webdemo/entity/vo/Page.java" />
        <option value="$PROJECT_DIR$/src/main/java/pri/zxx/webdemo/entity/vo/PageDto.java" />
        <option value="$PROJECT_DIR$/src/main/java/pri/zxx/LearnDemoApplication.java" />
        <option value="$PROJECT_DIR$/src/main/java/pri/zxx/webdemo/controllers/RedisController.java" />
        <option value="$PROJECT_DIR$/src/main/java/pri/zxx/webdemo/entity/vo/ResultData.java" />
        <option value="$PROJECT_DIR$/pom.xml" />
        <option value="$PROJECT_DIR$/src/main/resources/mappers/SysUserMapper.xml" />
        <option value="$PROJECT_DIR$/src/main/java/pri/zxx/webdemo/mappers/SysUserMapper.java" />
        <option value="$PROJECT_DIR$/src/main/java/pri/zxx/webdemo/services/SysUserService.java" />
        <option value="$PROJECT_DIR$/src/main/resources/application.yml" />
        <option value="$PROJECT_DIR$/src/main/java/pri/zxx/webdemo/controllers/SysUserController.java" />
        <option value="$PROJECT_DIR$/src/main/resources/templates/sysUser.html" />
        <option value="$PROJECT_DIR$/src/main/java/pri/zxx/jvm/CustomClassLoader.java" />
        <option value="$PROJECT_DIR$/src/main/java/pri/zxx/jvm/classload/CustomClassLoader.java" />
        <option value="$PROJECT_DIR$/src/main/java/pri/zxx/jvm/classload/classinit/SingletonDemo.java" />
        <option value="$PROJECT_DIR$/src/main/java/pri/zxx/jvm/classload/volatiledemo/VolatileTest.java" />
        <option value="$PROJECT_DIR$/src/main/java/pri/zxx/jvm/StackStuTest.java" />
        <option value="$PROJECT_DIR$/src/main/java/pri/zxx/jvm/pcregister/RegisterTest.java" />
        <option value="$PROJECT_DIR$/src/main/java/pri/zxx/jvm/pcregister/OutStackTest.java" />
      </list>
    </option>
  </component>
  <component name="MavenProjectNavigator">
    <treeState>
      <expand>
        <path>
          <item name="" type="16c1761:MavenProjectsStructure$RootNode" />
          <item name="Profiles" type="6783ec58:MavenProjectsStructure$ProfilesNode" />
        </path>
        <path>
          <item name="" type="16c1761:MavenProjectsStructure$RootNode" />
          <item name="learn-demo" type="9519ce18:MavenProjectsStructure$ProjectNode" />
        </path>
      </expand>
      <select />
    </treeState>
  </component>
  <component name="ProjectFrameBounds" extendedState="6">
    <option name="x" value="-87" />
    <option name="y" value="203" />
    <option name="width" value="1920" />
    <option name="height" value="1050" />
  </component>
  <component name="ProjectView">
    <navigator currentView="Scope" currentSubView="Scope 'Project Files'; set:Project Files; class com.intellij.psi.search.scope.ProjectFilesScope" proportions="" version="1">
      <compactDirectories Scope="false" />
      <foldersAlwaysOnTop value="true" />
    </navigator>
    <panes>
      <pane id="PackagesPane" />
      <pane id="Scope">
        <subPane subId="Scope 'Project Files'; set:Project Files; class com.intellij.psi.search.scope.ProjectFilesScope">
          <expand>
            <path>
              <item name="learn-demo" type="3d21c010:ScopeViewTreeModel$ProjectNode" />
              <item name="learn-demo" type="2674bda8:ScopeViewTreeModel$GroupNode" />
            </path>
          </expand>
          <select />
        </subPane>
      </pane>
      <pane id="ProjectPane" />
    </panes>
  </component>
  <component name="TestHistory">
    <history-entry file="NetIoTest_client - 2020.05.16 at 23h 26m 58s.xml">
      <configuration name="NetIoTest.client" configurationId="JUnit" />
    </history-entry>
    <history-entry file="NetIoTest_server - 2020.05.16 at 23h 27m 10s.xml">
      <configuration name="NetIoTest.server" configurationId="JUnit" />
    </history-entry>
    <history-entry file="NetIoTest_client - 2020.05.16 at 23h 27m 22s.xml">
      <configuration name="NetIoTest.client" configurationId="JUnit" />
    </history-entry>
    <history-entry file="NetIoTest_server - 2020.05.16 at 23h 27m 32s.xml">
      <configuration name="NetIoTest.server" configurationId="JUnit" />
    </history-entry>
    <history-entry file="SocketTest_serverNio - 2020.05.16 at 23h 48m 59s.xml">
      <configuration name="SocketTest.serverNio" configurationId="JUnit" />
    </history-entry>
    <history-entry file="SocketTest_client - 2020.05.16 at 23h 48m 59s.xml">
      <configuration name="SocketTest.client" configurationId="JUnit" />
    </history-entry>
    <history-entry file="SocketTest_client - 2020.05.16 at 23h 51m 03s.xml">
      <configuration name="SocketTest.client" configurationId="JUnit" />
    </history-entry>
    <history-entry file="SocketTest_client - 2020.05.16 at 23h 51m 12s.xml">
      <configuration name="SocketTest.client" configurationId="JUnit" />
    </history-entry>
    <history-entry file="SocketTest_client - 2020.05.16 at 23h 51m 16s.xml">
      <configuration name="SocketTest.client" configurationId="JUnit" />
    </history-entry>
    <history-entry file="SocketTest_serverNio - 2020.05.16 at 23h 51m 29s.xml">
      <configuration name="SocketTest.serverNio" configurationId="JUnit" />
    </history-entry>
  </component>
  <component name="TimeTrackingManager">
    <option name="totallyTimeSpent" value="86786000" />
  </component>
  <component name="ToolWindowManager">
    <frame x="-8" y="-8" width="1936" height="1066" extended-state="6" />
    <layout>
      <window_info active="true" content_ui="combo" id="Project" order="0" sideWeight="0.4993007" visible="true" weight="0.21447721" />
      <window_info id="Structure" order="1" sideWeight="0.5006993" side_tool="true" weight="0.22049356" />
      <window_info id="Web" order="2" side_tool="true" />
      <window_info id="Favorites" order="3" side_tool="true" />
      <window_info anchor="bottom" id="Message" order="0" />
      <window_info anchor="bottom" id="Find" order="1" weight="0.32939914" />
      <window_info anchor="bottom" id="Run" order="2" weight="0.34334764" />
      <window_info anchor="bottom" id="Debug" order="3" weight="0.35729614" />
      <window_info anchor="bottom" id="Cvs" order="4" weight="0.25" />
      <window_info anchor="bottom" id="Inspection" order="5" weight="0.4" />
      <window_info anchor="bottom" id="TODO" order="6" />
      <window_info anchor="bottom" id="Services" order="7" weight="0.35193133" />
      <window_info anchor="bottom" id="Version Control" order="8" weight="0.32939914" />
      <window_info anchor="bottom" id="Problems" order="9" weight="0.32939914" />
      <window_info anchor="bottom" id="Spring" order="10" />
      <window_info anchor="bottom" id="Database Changes" order="11" />
      <window_info anchor="bottom" id="Terminal" order="12" weight="0.29291844" />
      <window_info anchor="bottom" id="Event Log" order="13" side_tool="true" weight="0.32939914" />
      <window_info anchor="bottom" id="Build" order="14" weight="0.32939914" />
      <window_info anchor="bottom" id="Java Enterprise" order="15" />
      <window_info anchor="bottom" id="Messages" order="16" weight="0.31008583" />
      <window_info anchor="bottom" id="Thumbnails" order="17" weight="0.32939914" />
      <window_info anchor="bottom" id="Dependency Viewer" order="18" weight="0.3390558" />
      <window_info anchor="bottom" id="SQL Generator" order="19" weight="0.42381975" />
      <window_info anchor="right" id="Commander" internal_type="SLIDING" order="0" type="SLIDING" weight="0.4" />
      <window_info anchor="right" id="Ant Build" order="1" weight="0.25" />
      <window_info anchor="right" content_ui="combo" id="Hierarchy" order="2" weight="0.19624665" />
      <window_info anchor="right" id="Maven" order="3" visible="true" weight="0.36782843" />
      <window_info anchor="right" id="Database" order="4" weight="0.15174262" />
      <window_info anchor="right" id="Ant" order="5" weight="0.3299356" />
      <window_info anchor="right" id="Bean Validation" order="6" weight="0.3297587" />
      <window_info anchor="right" id="JSON Utils" order="7" weight="0.3299356" />
      <window_info anchor="right" id="jclasslib" order="8" weight="0.7168901" />
      <window_info anchor="right" id="leetcode" order="9" side_tool="true" weight="0.26756033" />
      <window_info anchor="right" x="173" y="155" width="1736" height="866" id="Byte Code Viewer" order="10" type="FLOATING" />
    </layout>
    <layout-to-restore>
      <window_info content_ui="combo" id="Project" order="0" sideWeight="0.4993007" visible="true" weight="0.17908847" />
      <window_info id="Structure" order="1" sideWeight="0.5006993" side_tool="true" weight="0.22049356" />
      <window_info id="Web" order="2" side_tool="true" />
      <window_info id="Favorites" order="3" side_tool="true" />
      <window_info anchor="bottom" id="SQL Generator" order="0" weight="0.42381975" />
      <window_info anchor="bottom" id="Message" order="1" />
      <window_info anchor="bottom" id="Find" order="2" weight="0.32939914" />
      <window_info anchor="bottom" id="Run" order="3" weight="0.36051503" />
      <window_info anchor="bottom" id="Debug" order="4" weight="0.37446353" />
      <window_info anchor="bottom" id="Cvs" order="5" weight="0.25" />
      <window_info anchor="bottom" id="Inspection" order="6" weight="0.4" />
      <window_info anchor="bottom" id="TODO" order="7" />
      <window_info anchor="bottom" id="Services" order="8" weight="0.5107296" />
      <window_info anchor="bottom" id="Version Control" order="9" weight="0.32939914" />
      <window_info anchor="bottom" id="Problems" order="10" weight="0.32939914" />
      <window_info anchor="bottom" id="Spring" order="11" />
      <window_info anchor="bottom" id="Database Changes" order="12" />
      <window_info anchor="bottom" id="Terminal" order="13" weight="0.23283261" />
      <window_info anchor="bottom" id="Event Log" order="14" side_tool="true" weight="0.32939914" />
      <window_info anchor="bottom" id="Build" order="15" weight="0.32939914" />
      <window_info anchor="bottom" id="Java Enterprise" order="16" />
      <window_info anchor="bottom" id="Messages" order="17" weight="0.31008583" />
      <window_info anchor="bottom" id="Thumbnails" order="18" weight="0.32939914" />
      <window_info anchor="bottom" id="Dependency Viewer" order="19" weight="0.3390558" />
      <window_info anchor="right" id="leetcode" order="0" side_tool="true" weight="0.26756033" />
      <window_info anchor="right" x="173" y="155" width="1736" height="866" id="Byte Code Viewer" order="1" type="FLOATING" />
      <window_info anchor="right" id="Commander" internal_type="SLIDING" order="2" type="SLIDING" weight="0.4" />
      <window_info anchor="right" id="Ant Build" order="3" weight="0.25" />
      <window_info anchor="right" content_ui="combo" id="Hierarchy" order="4" weight="0.25" />
      <window_info anchor="right" id="Maven" order="5" weight="0.36802575" />
      <window_info anchor="right" id="Database" order="6" weight="0.2075067" />
      <window_info anchor="right" id="Ant" order="7" weight="0.3299356" />
      <window_info anchor="right" id="Bean Validation" order="8" weight="0.3297587" />
      <window_info anchor="right" id="JSON Utils" order="9" weight="0.3299356" />
      <window_info anchor="right" id="jclasslib" order="10" weight="0.5026824" />
    </layout-to-restore>
  </component>
  <component name="antWorkspaceConfiguration">
    <option name="IS_AUTOSCROLL_TO_SOURCE" value="false" />
    <option name="FILTER_TARGETS" value="false" />
  </component>
  <component name="debuggerHistoryManager">
    <expressions id="evaluateExpression">
      <expression>
        <expression-string>if (height &gt; HEIGHT</expression-string>
        <language-id>JAVA</language-id>
        <evaluation-mode>EXPRESSION</evaluation-mode>
      </expression>
      <expression>
        <expression-string>if (height &gt; HEIGHT)</expression-string>
        <language-id>JAVA</language-id>
        <evaluation-mode>EXPRESSION</evaluation-mode>
      </expression>
    </expressions>
  </component>
  <component name="editorHistoryManager">
    <entry file="das://26599cbd-83f5-4f55-aba8-7ac1673b127c/schema/learn_demo/table/sys_user">
      <provider selected="true" editor-type-id="com.intellij.database.editor.DatabaseTableFileEditorProvider">
        <state projectRestartId="4b9c53e8-de24-4718-99da-357a4f66251e" pageSize="500">
          <filtering>
            <filter text="" />
          </filtering>
        </state>
      </provider>
    </entry>
    <entry file="file://$PROJECT_DIR$/src/main/resources/application.yml">
      <provider selected="true" editor-type-id="text-editor">
        <state relative-caret-position="1166">
          <caret line="53" column="38" selection-start-line="53" selection-start-column="38" selection-end-line="53" selection-end-column="38" />
        </state>
      </provider>
    </entry>
    <entry file="file://$PROJECT_DIR$/src/main/resources/templates/sysUser.html">
      <provider selected="true" editor-type-id="text-editor">
        <state relative-caret-position="382">
          <caret line="33" column="31" selection-start-line="33" selection-start-column="31" selection-end-line="33" selection-end-column="31" />
          <folding>
            <element signature="n#style#0;n#h1#0;n#body#0;n#html#0;n#!!top" expanded="true" />
            <element signature="n#style#0;n#table#0;n#div#0;n#body#0;n#html#0;n#!!top" expanded="true" />
            <element signature="n#style#0;n#div#0;n#div#0;n#body#0;n#html#0;n#!!top" expanded="true" />
          </folding>
        </state>
      </provider>
    </entry>
    <entry file="file://$PROJECT_DIR$/src/main/java/pri/zxx/webdemo/controllers/SysUserController.java">
      <provider selected="true" editor-type-id="text-editor">
        <state relative-caret-position="440">
          <caret line="47" column="35" selection-start-line="47" selection-start-column="35" selection-end-line="47" selection-end-column="35" />
          <folding>
            <element signature="imports" expanded="true" />
          </folding>
        </state>
      </provider>
    </entry>
    <entry file="file://$PROJECT_DIR$/src/main/java/pri/zxx/webdemo/services/SysUserService.java">
      <provider selected="true" editor-type-id="text-editor">
        <state relative-caret-position="264">
          <caret line="21" column="25" selection-start-line="21" selection-start-column="25" selection-end-line="21" selection-end-column="25" />
          <folding>
            <element signature="imports" expanded="true" />
          </folding>
        </state>
      </provider>
    </entry>
    <entry file="file://$PROJECT_DIR$/src/main/java/pri/zxx/webdemo/mappers/SysUserMapper.java">
      <provider selected="true" editor-type-id="text-editor">
        <state relative-caret-position="440">
          <caret line="22" column="24" selection-start-line="22" selection-start-column="24" selection-end-line="22" selection-end-column="24" />
          <folding>
            <element signature="imports" expanded="true" />
          </folding>
        </state>
      </provider>
    </entry>
    <entry file="file://$PROJECT_DIR$/src/main/resources/mappers/SysUserMapper.xml">
      <provider selected="true" editor-type-id="text-editor">
        <state relative-caret-position="748">
          <caret line="34" column="30" selection-start-line="34" selection-start-column="30" selection-end-line="34" selection-end-column="30" />
        </state>
      </provider>
    </entry>
    <entry file="jar://D:/.m2/org/springframework/spring-web/5.2.2.RELEASE/spring-web-5.2.2.RELEASE.jar!/org/springframework/http/converter/support/AllEncompassingFormHttpMessageConverter.class">
      <provider selected="true" editor-type-id="text-editor">
        <state relative-caret-position="132">
          <caret line="17" column="65" lean-forward="true" selection-start-line="17" selection-start-column="65" selection-end-line="17" selection-end-column="65" />
        </state>
      </provider>
    </entry>
    <entry file="jar://D:/.m2/org/springframework/spring-web/5.2.2.RELEASE/spring-web-5.2.2.RELEASE.jar!/org/springframework/http/converter/FormHttpMessageConverter.class">
      <provider selected="true" editor-type-id="text-editor">
        <state relative-caret-position="-130">
          <caret line="6" lean-forward="true" selection-start-line="6" selection-end-line="6" />
        </state>
      </provider>
    </entry>
    <entry file="jar://D:/.m2/org/springframework/spring-web/5.2.2.RELEASE/spring-web-5.2.2.RELEASE.jar!/org/springframework/http/converter/HttpMessageConverter.class">
      <provider selected="true" editor-type-id="text-editor">
        <state relative-caret-position="154">
          <caret line="15" column="27" lean-forward="true" selection-start-line="15" selection-start-column="27" selection-end-line="15" selection-end-column="27" />
        </state>
      </provider>
    </entry>
    <entry file="file://$PROJECT_DIR$/src/main/java/pri/zxx/webdemo/config/HttpMessageConverterConfig.java">
      <provider selected="true" editor-type-id="text-editor">
        <state relative-caret-position="858">
          <caret line="46" column="40" selection-start-line="46" selection-start-column="19" selection-end-line="46" selection-end-column="40" />
        </state>
      </provider>
    </entry>
    <entry file="jar://D:/.m2/org/springframework/spring-web/5.2.2.RELEASE/spring-web-5.2.2.RELEASE.jar!/org/springframework/http/converter/GenericHttpMessageConverter.class">
      <provider selected="true" editor-type-id="text-editor">
        <state relative-caret-position="176">
          <caret line="16" selection-start-line="16" selection-end-line="16" />
        </state>
      </provider>
    </entry>
    <entry file="file://$PROJECT_DIR$/src/main/java/pri/zxx/webdemo/config/FilePathConstant.java">
      <provider selected="true" editor-type-id="text-editor">
        <state relative-caret-position="154">
          <caret line="11" selection-start-line="11" selection-end-line="11" />
        </state>
      </provider>
    </entry>
    <entry file="file://$PROJECT_DIR$/src/main/java/pri/zxx/webdemo/config/ReadFileTest.java">
      <provider selected="true" editor-type-id="text-editor">
        <state relative-caret-position="418">
          <caret line="30" column="1" selection-start-line="30" selection-start-column="1" selection-end-line="30" selection-end-column="1" />
          <folding>
            <element signature="imports" expanded="true" />
            <element signature="docComment;class#ReadFileTest#0" expanded="true" />
          </folding>
        </state>
      </provider>
    </entry>
    <entry file="file://$PROJECT_DIR$/src/main/java/pri/zxx/webdemo/config/SwaggerAutoConfiguration.java">
      <provider selected="true" editor-type-id="text-editor">
        <state relative-caret-position="418">
          <caret line="37" column="56" selection-start-line="37" selection-start-column="56" selection-end-line="37" selection-end-column="56" />
        </state>
      </provider>
    </entry>
    <entry file="file://$PROJECT_DIR$/target/classes/pri/zxx/jvm/StackStuTest.class">
      <provider selected="true" editor-type-id="text-editor">
        <state relative-caret-position="484">
          <caret line="25" selection-start-line="25" selection-end-line="25" />
        </state>
      </provider>
    </entry>
    <entry file="file://$PROJECT_DIR$/src/main/java/pri/zxx/learndemo/javabase/number/NumberTest.java">
      <provider selected="true" editor-type-id="text-editor">
        <state relative-caret-position="44">
          <caret line="2" column="13" selection-start-line="2" selection-start-column="13" selection-end-line="2" selection-end-column="13" />
        </state>
      </provider>
    </entry>
    <entry file="file://$PROJECT_DIR$/src/main/java/pri/zxx/learndemo/javabase/sortprogram/ArrayOperation.java">
      <provider selected="true" editor-type-id="text-editor">
        <state relative-caret-position="66">
          <caret line="5" column="13" selection-start-line="5" selection-start-column="13" selection-end-line="5" selection-end-column="13" />
        </state>
      </provider>
    </entry>
    <entry file="file://$PROJECT_DIR$/src/main/java/pri/zxx/learndemo/javabase/sortprogram/SortPrograms.java">
      <provider selected="true" editor-type-id="text-editor">
        <state relative-caret-position="66">
          <caret line="5" column="13" selection-start-line="5" selection-start-column="13" selection-end-line="5" selection-end-column="13" />
        </state>
      </provider>
    </entry>
    <entry file="file://$PROJECT_DIR$/src/main/java/pri/zxx/learndemo/javabase/listdemo/ListTest.java">
      <provider selected="true" editor-type-id="text-editor">
        <state relative-caret-position="396">
          <caret line="20" lean-forward="true" selection-start-line="20" selection-end-line="20" />
        </state>
      </provider>
    </entry>
    <entry file="file://$PROJECT_DIR$/src/main/java/pri/zxx/jvm/classload/classinit/ChildClassInitDemo.java">
      <provider selected="true" editor-type-id="text-editor">
        <state relative-caret-position="308">
          <caret line="18" selection-start-line="18" selection-end-line="18" />
        </state>
      </provider>
    </entry>
    <entry file="file://$PROJECT_DIR$/src/main/java/pri/zxx/jvm/classload/classinit/ClassInitDemo.java">
      <provider selected="true" editor-type-id="text-editor">
        <state relative-caret-position="220">
          <caret line="14" column="1" selection-start-line="14" selection-start-column="1" selection-end-line="14" selection-end-column="1" />
        </state>
      </provider>
    </entry>
    <entry file="file://$PROJECT_DIR$/src/main/java/pri/zxx/jvm/classload/classinit/MainEntry.java">
      <provider selected="true" editor-type-id="text-editor">
        <state relative-caret-position="220">
          <caret line="14" column="57" selection-start-line="14" selection-start-column="44" selection-end-line="14" selection-end-column="57" />
        </state>
      </provider>
    </entry>
    <entry file="file://$PROJECT_DIR$/src/main/java/pri/zxx/jvm/classload/classinit/MainNothing.java">
      <provider selected="true" editor-type-id="text-editor">
        <state relative-caret-position="66">
          <caret line="7" column="13" selection-start-line="7" selection-start-column="13" selection-end-line="7" selection-end-column="13" />
        </state>
      </provider>
    </entry>
    <entry file="file://$PROJECT_DIR$/src/main/java/pri/zxx/jvm/classload/classinit/SingletonDemo.java">
      <provider selected="true" editor-type-id="text-editor">
        <state relative-caret-position="252">
          <caret line="18" column="5" lean-forward="true" selection-start-line="18" selection-start-column="5" selection-end-line="18" selection-end-column="5" />
          <folding>
            <element signature="docComment;field#y#0;class#SingletonDemo#0" expanded="true" />
          </folding>
        </state>
      </provider>
    </entry>
    <entry file="file://$PROJECT_DIR$/src/main/java/pri/zxx/jvm/classload/classloader/BootstrapClassLoader.java">
      <provider selected="true" editor-type-id="text-editor">
        <state relative-caret-position="198">
          <caret line="13" column="73" selection-start-line="13" selection-start-column="62" selection-end-line="13" selection-end-column="73" />
        </state>
      </provider>
    </entry>
    <entry file="file://$PROJECT_DIR$/src/main/java/pri/zxx/jvm/classload/classloader/HelloWorld.java">
      <provider selected="true" editor-type-id="text-editor">
        <state relative-caret-position="66">
          <caret line="7" column="13" selection-start-line="7" selection-start-column="13" selection-end-line="7" selection-end-column="13" />
        </state>
      </provider>
    </entry>
    <entry file="file://$PROJECT_DIR$/src/main/java/pri/zxx/jvm/classload/classloader/InitHello.java">
      <provider selected="true" editor-type-id="text-editor">
        <state relative-caret-position="66">
          <caret line="7" column="13" selection-start-line="7" selection-start-column="13" selection-end-line="7" selection-end-column="13" />
        </state>
      </provider>
    </entry>
    <entry file="file://$PROJECT_DIR$/src/main/java/pri/zxx/jvm/classload/CustomClassLoader.java" />
    <entry file="file://$PROJECT_DIR$/src/main/java/pri/zxx/jvm/classload/classloader/MyClassLoader.java">
      <provider selected="true" editor-type-id="text-editor">
        <state relative-caret-position="1153">
          <caret line="77" column="9" lean-forward="true" selection-start-line="77" selection-start-column="9" selection-end-line="77" selection-end-column="9" />
          <folding>
            <element signature="docComment;class#MyClassLoader#0" expanded="true" />
          </folding>
        </state>
      </provider>
    </entry>
    <entry file="file://$PROJECT_DIR$/src/main/java/pri/zxx/jvm/classload/classLoadSort/ClassLoadSortChild.java">
      <provider selected="true" editor-type-id="text-editor">
        <state relative-caret-position="66">
          <caret line="7" column="13" selection-start-line="7" selection-start-column="13" selection-end-line="7" selection-end-column="13" />
        </state>
      </provider>
    </entry>
    <entry file="file://$PROJECT_DIR$/src/main/java/pri/zxx/jvm/classload/classLoadSort/ClassLoadSort.java">
      <provider selected="true" editor-type-id="text-editor">
        <state relative-caret-position="66">
          <caret line="7" column="13" selection-start-line="7" selection-start-column="13" selection-end-line="7" selection-end-column="13" />
        </state>
      </provider>
    </entry>
    <entry file="file://$PROJECT_DIR$/src/main/java/pri/zxx/jvm/classload/classLoadSort/ClassInit.java">
      <provider selected="true" editor-type-id="text-editor">
        <state relative-caret-position="66">
          <caret line="7" column="13" selection-start-line="7" selection-start-column="13" selection-end-line="7" selection-end-column="13" />
        </state>
      </provider>
    </entry>
    <entry file="file://$PROJECT_DIR$/src/main/java/pri/zxx/jvm/classload/threadclassloader/MysqlUtil.java">
      <provider selected="true" editor-type-id="text-editor">
        <state relative-caret-position="-783">
          <caret line="9" column="13" selection-start-line="9" selection-start-column="13" selection-end-line="9" selection-end-column="13" />
        </state>
      </provider>
    </entry>
    <entry file="file://$PROJECT_DIR$/src/main/java/pri/zxx/jvm/classload/threadclassloader/ThreadClassLoader.java">
      <provider selected="true" editor-type-id="text-editor">
        <state relative-caret-position="110">
          <caret line="9" column="13" selection-start-line="9" selection-start-column="13" selection-end-line="9" selection-end-column="13" />
        </state>
      </provider>
    </entry>
    <entry file="file://$PROJECT_DIR$/src/main/java/pri/zxx/jvm/classload/volatiledemo/Concurrency.java">
      <provider selected="true" editor-type-id="text-editor">
        <state relative-caret-position="44">
          <caret line="7" column="3" selection-start-line="7" selection-start-column="3" selection-end-line="7" selection-end-column="3" />
          <folding>
            <element signature="docComment;class#Concurrency#0" expanded="true" />
          </folding>
        </state>
      </provider>
    </entry>
    <entry file="file://$PROJECT_DIR$/src/main/java/pri/zxx/jvm/classload/volatiledemo/VolatileTest.java">
      <provider selected="true" editor-type-id="text-editor">
        <state relative-caret-position="396">
          <caret line="24" selection-start-line="24" selection-end-line="24" />
        </state>
      </provider>
    </entry>
    <entry file="file://$PROJECT_DIR$/src/main/java/pri/zxx/jvm/StackStuTest.java">
      <provider selected="true" editor-type-id="text-editor">
        <state relative-caret-position="66">
          <caret line="7" column="13" selection-start-line="7" selection-start-column="13" selection-end-line="7" selection-end-column="13" />
        </state>
      </provider>
    </entry>
    <entry file="file://$PROJECT_DIR$/target/classes/pri/zxx/jvm/pcregister/RegisterTest.class">
      <provider selected="true" editor-type-id="text-editor">
        <state>
          <folding>
            <element signature="e#0#347#0" expanded="true" />
          </folding>
        </state>
      </provider>
    </entry>
    <entry file="file://$PROJECT_DIR$/src/main/java/pri/zxx/jvm/pcregister/OutStackTest.java">
      <provider selected="true" editor-type-id="text-editor">
        <state relative-caret-position="286">
          <caret line="13" column="5" selection-start-line="13" selection-start-column="5" selection-end-line="13" selection-end-column="5" />
          <folding>
            <element signature="docComment;class#OutStackTest#0" expanded="true" />
          </folding>
        </state>
      </provider>
    </entry>
    <entry file="file://$PROJECT_DIR$/target/classes/pri/zxx/jvm/pcregister/OutStackTest.class">
      <provider selected="true" editor-type-id="text-editor">
        <state>
          <folding>
            <element signature="e#0#399#0" expanded="true" />
          </folding>
        </state>
      </provider>
    </entry>
    <entry file="file://$PROJECT_DIR$/src/main/java/pri/zxx/jvm/pcregister/RegisterTest.java">
      <provider selected="true" editor-type-id="text-editor">
        <state relative-caret-position="220">
          <caret line="14" column="1" selection-start-line="7" selection-start-column="26" selection-end-line="14" selection-end-column="1" />
        </state>
      </provider>
    </entry>
    <entry file="file://$PROJECT_DIR$/src/main/java/pri/zxx/learndemo/air/Localtions.java">
      <provider selected="true" editor-type-id="text-editor">
        <state relative-caret-position="110">
          <caret line="12" column="13" selection-start-line="12" selection-start-column="13" selection-end-line="12" selection-end-column="13" />
        </state>
      </provider>
    </entry>
    <entry file="file://$PROJECT_DIR$/src/main/java/pri/zxx/learndemo/collectiondemo/CharTest.java">
      <provider selected="true" editor-type-id="text-editor">
        <state relative-caret-position="110">
          <caret line="12" column="13" selection-start-line="12" selection-start-column="13" selection-end-line="12" selection-end-column="13" />
        </state>
      </provider>
    </entry>
    <entry file="file://$PROJECT_DIR$/src/main/java/pri/zxx/learndemo/collectiondemo/CollectionsTest.java">
      <provider selected="true" editor-type-id="text-editor">
        <state relative-caret-position="660">
          <caret line="39" column="23" selection-start-line="39" selection-start-column="16" selection-end-line="39" selection-end-column="23" />
        </state>
      </provider>
    </entry>
    <entry file="file://$PROJECT_DIR$/src/main/java/pri/zxx/learndemo/datasource/C3poDataSourceConfig.java">
      <provider selected="true" editor-type-id="text-editor">
        <state relative-caret-position="242">
          <caret line="25" column="58" selection-start-line="25" selection-start-column="43" selection-end-line="25" selection-end-column="58" />
        </state>
      </provider>
    </entry>
    <entry file="file://$PROJECT_DIR$/src/main/java/pri/zxx/learndemo/datasource/SiteConfig.java">
      <provider selected="true" editor-type-id="text-editor">
        <state relative-caret-position="132">
          <caret line="8" column="13" selection-start-line="8" selection-start-column="13" selection-end-line="8" selection-end-column="13" />
        </state>
      </provider>
    </entry>
    <entry file="file://$PROJECT_DIR$/src/main/java/pri/zxx/learndemo/filesinstinct/MusicDinstinct.java">
      <provider selected="true" editor-type-id="text-editor">
        <state relative-caret-position="440">
          <caret line="30" column="47" selection-start-line="30" selection-start-column="47" selection-end-line="30" selection-end-column="47" />
        </state>
      </provider>
    </entry>
    <entry file="file://$PROJECT_DIR$/src/main/java/pri/zxx/learndemo/exceptionhandle/MyException.java">
      <provider selected="true" editor-type-id="text-editor">
        <state relative-caret-position="66">
          <caret line="7" column="13" selection-start-line="7" selection-start-column="13" selection-end-line="7" selection-end-column="13" />
        </state>
      </provider>
    </entry>
    <entry file="file://$PROJECT_DIR$/target/classes/pri/zxx/learndemo/exceptionhandle/MyException.class">
      <provider selected="true" editor-type-id="text-editor" />
    </entry>
    <entry file="file://$PROJECT_DIR$/target/classes/pri/zxx/learndemo/exceptionhandle/GlobalExceptionHandle.class">
      <provider selected="true" editor-type-id="text-editor" />
    </entry>
  </component>
  <component name="masterDetails">
    <states>
      <state key="ArtifactsStructureConfigurable.UI">
        <settings>
          <artifact-editor />
          <splitter-proportions>
            <option name="proportions">
              <list>
                <option value="0.2" />
              </list>
            </option>
          </splitter-proportions>
        </settings>
      </state>
      <state key="FacetStructureConfigurable.UI">
        <settings>
          <splitter-proportions>
            <option name="proportions">
              <list>
                <option value="0.2" />
              </list>
            </option>
          </splitter-proportions>
        </settings>
      </state>
      <state key="GlobalLibrariesConfigurable.UI">
        <settings>
          <splitter-proportions>
            <option name="proportions">
              <list>
                <option value="0.2" />
              </list>
            </option>
          </splitter-proportions>
        </settings>
      </state>
      <state key="JdkListConfigurable.UI">
        <settings>
          <splitter-proportions>
            <option name="proportions">
              <list>
                <option value="0.2" />
              </list>
            </option>
          </splitter-proportions>
        </settings>
      </state>
      <state key="ModuleStructureConfigurable.UI">
        <settings>
          <last-edited>learn-demo</last-edited>
          <splitter-proportions>
            <option name="proportions">
              <list>
                <option value="0.2" />
              </list>
            </option>
          </splitter-proportions>
        </settings>
      </state>
      <state key="ProjectLibrariesConfigurable.UI">
        <settings>
          <splitter-proportions>
            <option name="proportions">
              <list>
                <option value="0.2" />
              </list>
            </option>
          </splitter-proportions>
        </settings>
      </state>
    </states>
  </component>
</project>