<project version="4">
  <component name="FileEditorManager">
    <leaf>
      <file pinned="false" current-in-tab="false">
        <entry file="file://$PROJECT_DIR$/src/main/java/com/tanjiu/config/FJsonConfig.java">
          <provider selected="true" editor-type-id="text-editor">
            <state relative-caret-position="132">
              <caret line="21" column="13" selection-start-line="21" selection-start-column="13" selection-end-line="21" selection-end-column="13" />
            </state>
          </provider>
        </entry>
      </file>
      <file pinned="false" current-in-tab="false">
        <entry file="file://$PROJECT_DIR$/Dockerfile">
          <provider selected="true" editor-type-id="text-editor" />
        </entry>
      </file>
      <file pinned="false" current-in-tab="false">
        <entry file="file://$PROJECT_DIR$/src/main/java/com/tanjiu/config/SwaggerConfig.java">
          <provider selected="true" editor-type-id="text-editor">
            <state relative-caret-position="726">
              <caret line="63" column="35" selection-start-line="63" selection-start-column="35" selection-end-line="63" selection-end-column="35" />
            </state>
          </provider>
        </entry>
      </file>
      <file pinned="false" current-in-tab="false">
        <entry file="file://$PROJECT_DIR$/src/main/java/com/tanjiu/service/impl/ScoreServiceImpl.java">
          <provider selected="true" editor-type-id="text-editor">
            <state relative-caret-position="168">
              <caret line="44" column="28" selection-start-line="44" selection-start-column="28" selection-end-line="44" selection-end-column="28" />
              <folding>
                <element signature="imports" expanded="true" />
              </folding>
            </state>
          </provider>
        </entry>
      </file>
      <file pinned="false" current-in-tab="true">
        <entry file="file://$PROJECT_DIR$/pom.xml">
          <provider selected="true" editor-type-id="text-editor">
            <state relative-caret-position="194">
              <caret line="112" column="34" selection-start-line="112" selection-start-column="34" selection-end-line="112" selection-end-column="34" />
            </state>
          </provider>
        </entry>
      </file>
      <file pinned="false" current-in-tab="false">
        <entry file="file://$PROJECT_DIR$/src/main/java/com/tanjiu/config/XxlJobConfig.java">
          <provider selected="true" editor-type-id="text-editor">
            <state relative-caret-position="198">
              <caret line="18" column="2" selection-start-line="18" selection-start-column="2" selection-end-line="18" selection-end-column="2" />
            </state>
          </provider>
        </entry>
      </file>
      <file pinned="false" current-in-tab="false">
        <entry file="file://$PROJECT_DIR$/src/main/java/com/tanjiu/JobSysApiApplication.java">
          <provider selected="true" editor-type-id="text-editor">
            <state relative-caret-position="88">
              <caret line="5" column="22" selection-start-line="5" selection-start-column="22" selection-end-line="5" selection-end-column="22" />
            </state>
          </provider>
        </entry>
      </file>
    </leaf>
  </component>
  <component name="IdeDocumentHistory">
    <option name="CHANGED_PATHS">
      <list>
        <option value="$PROJECT_DIR$/tanjiu-jobs-sys-api/src/main/java/com/tanjiu/controller/JobService.java" />
        <option value="$PROJECT_DIR$/tanjiu-jobs-sys-api/src/main/java/com/tanjiu/JobSysApiApplication.java" />
        <option value="$PROJECT_DIR$/tanjiu-jobs-sys-api/src/main/java/com/tanjiu/config/XxlJobConfig.java" />
        <option value="$PROJECT_DIR$/tanjiu-jobs-sys-api/src/main/resources/application-xxl.yaml" />
        <option value="$PROJECT_DIR$/tanjiu-jobs-sys-api/src/main/resources/application-kafka.yaml" />
        <option value="$PROJECT_DIR$/tanjiu-jobs-sys-api/src/main/resources/application-test.yaml" />
        <option value="$PROJECT_DIR$/tanjiu-jobs-sys-api/src/main/java/com/tanjiu/service/MsgPushService.java" />
        <option value="$PROJECT_DIR$/tanjiu-jobs-sys-api/src/main/java/com/tanjiu/controller/jobs/PushWeiXinController.java" />
        <option value="$PROJECT_DIR$/tanjiu-jobs-sys-api/src/main/java/com/tanjiu/service/impl/MsgPushServiceImpl.java" />
        <option value="$PROJECT_DIR$/tanjiu-jobs-sys-api/src/main/java/com/tanjiu/vo/uniform/WebResult.java" />
        <option value="$PROJECT_DIR$/tanjiu-jobs-sys-api/src/main/java/com/tanjiu/vo/uniform/Paging.java" />
        <option value="$PROJECT_DIR$/src/main/java/com/tanjiu/config/datasource/DataSourceConfig.java" />
        <option value="$PROJECT_DIR$/src/main/java/com/tanjiu/config/crossorigin/CorsAutoConfig.java" />
        <option value="$PROJECT_DIR$/src/main/java/com/tanjiu/service/MsgPushService.java" />
        <option value="$PROJECT_DIR$/src/main/java/com/tanjiu/service/impl/MsgPushService.java" />
        <option value="$PROJECT_DIR$/src/main/resources/application-dev.yaml" />
        <option value="$PROJECT_DIR$/src/main/resources/application-pro.yaml" />
        <option value="$PROJECT_DIR$/src/main/resources/logback-spring.xml" />
        <option value="$PROJECT_DIR$/src/main/java/com/tanjiu/config/crossorigin/CorsConfig.java" />
        <option value="$PROJECT_DIR$/src/main/java/com/tanjiu/config/crossorigin/WebMvcConfig.java" />
        <option value="$PROJECT_DIR$/src/main/java/com/tanjiu/service/impl/MsgPushServiceImpl.java" />
        <option value="$PROJECT_DIR$/src/main/resources/application-test.yaml" />
        <option value="$PROJECT_DIR$/src/main/java/com/tanjiu/config/SwaggerConfig.java" />
        <option value="$PROJECT_DIR$/src/main/java/com/tanjiu/service/impl/ScoreServiceImpl.java" />
        <option value="$PROJECT_DIR$/tanjiu-jobs-sys-api/pom.xml" />
        <option value="$PROJECT_DIR$/pom.xml" />
        <option value="$PROJECT_DIR$/src/main/java/com/tanjiu/JobSysApiApplication.java" />
      </list>
    </option>
  </component>
  <component name="MavenProjectNavigator">
    <treeState>
      <expand>
        <path>
          <item name="" type="16c1761:MavenProjectsStructure$RootNode" />
          <item name="Profiles" type="6783ec58:MavenProjectsStructure$ProfilesNode" />
        </path>
        <path>
          <item name="" type="16c1761:MavenProjectsStructure$RootNode" />
          <item name="tanjiu-jobs" type="9519ce18:MavenProjectsStructure$ProjectNode" />
        </path>
        <path>
          <item name="" type="16c1761:MavenProjectsStructure$RootNode" />
          <item name="tanjiu-jobs" type="9519ce18:MavenProjectsStructure$ProjectNode" />
          <item name="Lifecycle" type="58874e2:MavenProjectsStructure$LifecycleNode" />
        </path>
        <path>
          <item name="" type="16c1761:MavenProjectsStructure$RootNode" />
          <item name="tanjiu-jobs-sys-api" type="9519ce18:MavenProjectsStructure$ProjectNode" />
        </path>
        <path>
          <item name="" type="16c1761:MavenProjectsStructure$RootNode" />
          <item name="tanjiu-jobs-sys-api" type="9519ce18:MavenProjectsStructure$ProjectNode" />
          <item name="Dependencies" type="f4be9f2a:MavenProjectsStructure$DependenciesNode" />
        </path>
      </expand>
      <select />
    </treeState>
  </component>
  <component name="ProjectFrameBounds" extendedState="6">
    <option name="x" value="1912" />
    <option name="y" value="-8" />
    <option name="width" value="1936" />
    <option name="height" value="1066" />
  </component>
  <component name="ProjectView">
    <navigator proportions="" version="1">
      <foldersAlwaysOnTop value="true" />
    </navigator>
    <panes>
      <pane id="PackagesPane" />
      <pane id="ProjectPane">
        <subPane>
          <expand>
            <path>
              <item name="tanjiu-jobs-sys-parent" type="b2602c69:ProjectViewProjectNode" />
              <item name="tanjiu-jobs" type="462c0819:PsiDirectoryNode" />
            </path>
          </expand>
          <select />
        </subPane>
      </pane>
      <pane id="Scope">
        <subPane subId="Scope 'Project Files'; set:Project Files; class com.intellij.psi.search.scope.ProjectFilesScope">
          <expand>
            <path>
              <item name="tanjiu-jobs-sys-parent" type="3d21c010:ScopeViewTreeModel$ProjectNode" />
              <item name="tanjiu-jobs-sys-parent" type="2674bda8:ScopeViewTreeModel$GroupNode" />
            </path>
            <path>
              <item name="tanjiu-jobs-sys-parent" type="3d21c010:ScopeViewTreeModel$ProjectNode" />
              <item name="tanjiu-jobs-sys-parent" type="2674bda8:ScopeViewTreeModel$GroupNode" />
              <item name="src" type="9f88c78c:ScopeViewTreeModel$FileNode" />
            </path>
            <path>
              <item name="tanjiu-jobs-sys-parent" type="3d21c010:ScopeViewTreeModel$ProjectNode" />
              <item name="tanjiu-jobs-sys-parent" type="2674bda8:ScopeViewTreeModel$GroupNode" />
              <item name="src" type="9f88c78c:ScopeViewTreeModel$FileNode" />
              <item name="main" type="9f88c78c:ScopeViewTreeModel$FileNode" />
            </path>
            <path>
              <item name="tanjiu-jobs-sys-parent" type="3d21c010:ScopeViewTreeModel$ProjectNode" />
              <item name="tanjiu-jobs-sys-parent" type="2674bda8:ScopeViewTreeModel$GroupNode" />
              <item name="src" type="9f88c78c:ScopeViewTreeModel$FileNode" />
              <item name="main" type="9f88c78c:ScopeViewTreeModel$FileNode" />
              <item name="java" type="9f88c78c:ScopeViewTreeModel$FileNode" />
            </path>
            <path>
              <item name="tanjiu-jobs-sys-parent" type="3d21c010:ScopeViewTreeModel$ProjectNode" />
              <item name="tanjiu-jobs-sys-parent" type="2674bda8:ScopeViewTreeModel$GroupNode" />
              <item name="src" type="9f88c78c:ScopeViewTreeModel$FileNode" />
              <item name="main" type="9f88c78c:ScopeViewTreeModel$FileNode" />
              <item name="java" type="9f88c78c:ScopeViewTreeModel$FileNode" />
              <item name="com" type="9f88c78c:ScopeViewTreeModel$FileNode" />
            </path>
            <path>
              <item name="tanjiu-jobs-sys-parent" type="3d21c010:ScopeViewTreeModel$ProjectNode" />
              <item name="tanjiu-jobs-sys-parent" type="2674bda8:ScopeViewTreeModel$GroupNode" />
              <item name="src" type="9f88c78c:ScopeViewTreeModel$FileNode" />
              <item name="main" type="9f88c78c:ScopeViewTreeModel$FileNode" />
              <item name="java" type="9f88c78c:ScopeViewTreeModel$FileNode" />
              <item name="com" type="9f88c78c:ScopeViewTreeModel$FileNode" />
              <item name="tanjiu" type="9f88c78c:ScopeViewTreeModel$FileNode" />
            </path>
            <path>
              <item name="tanjiu-jobs-sys-parent" type="3d21c010:ScopeViewTreeModel$ProjectNode" />
              <item name="tanjiu-jobs-sys-parent" type="2674bda8:ScopeViewTreeModel$GroupNode" />
              <item name="src" type="9f88c78c:ScopeViewTreeModel$FileNode" />
              <item name="main" type="9f88c78c:ScopeViewTreeModel$FileNode" />
              <item name="java" type="9f88c78c:ScopeViewTreeModel$FileNode" />
              <item name="com" type="9f88c78c:ScopeViewTreeModel$FileNode" />
              <item name="tanjiu" type="9f88c78c:ScopeViewTreeModel$FileNode" />
              <item name="config" type="9f88c78c:ScopeViewTreeModel$FileNode" />
            </path>
            <path>
              <item name="tanjiu-jobs-sys-parent" type="3d21c010:ScopeViewTreeModel$ProjectNode" />
              <item name="tanjiu-jobs-sys-parent" type="2674bda8:ScopeViewTreeModel$GroupNode" />
              <item name="src" type="9f88c78c:ScopeViewTreeModel$FileNode" />
              <item name="main" type="9f88c78c:ScopeViewTreeModel$FileNode" />
              <item name="java" type="9f88c78c:ScopeViewTreeModel$FileNode" />
              <item name="com" type="9f88c78c:ScopeViewTreeModel$FileNode" />
              <item name="tanjiu" type="9f88c78c:ScopeViewTreeModel$FileNode" />
              <item name="controller" type="9f88c78c:ScopeViewTreeModel$FileNode" />
            </path>
            <path>
              <item name="tanjiu-jobs-sys-parent" type="3d21c010:ScopeViewTreeModel$ProjectNode" />
              <item name="tanjiu-jobs-sys-parent" type="2674bda8:ScopeViewTreeModel$GroupNode" />
              <item name="src" type="9f88c78c:ScopeViewTreeModel$FileNode" />
              <item name="main" type="9f88c78c:ScopeViewTreeModel$FileNode" />
              <item name="java" type="9f88c78c:ScopeViewTreeModel$FileNode" />
              <item name="com" type="9f88c78c:ScopeViewTreeModel$FileNode" />
              <item name="tanjiu" type="9f88c78c:ScopeViewTreeModel$FileNode" />
              <item name="service" type="9f88c78c:ScopeViewTreeModel$FileNode" />
            </path>
            <path>
              <item name="tanjiu-jobs-sys-parent" type="3d21c010:ScopeViewTreeModel$ProjectNode" />
              <item name="tanjiu-jobs-sys-parent" type="2674bda8:ScopeViewTreeModel$GroupNode" />
              <item name="src" type="9f88c78c:ScopeViewTreeModel$FileNode" />
              <item name="main" type="9f88c78c:ScopeViewTreeModel$FileNode" />
              <item name="java" type="9f88c78c:ScopeViewTreeModel$FileNode" />
              <item name="com" type="9f88c78c:ScopeViewTreeModel$FileNode" />
              <item name="tanjiu" type="9f88c78c:ScopeViewTreeModel$FileNode" />
              <item name="service" type="9f88c78c:ScopeViewTreeModel$FileNode" />
              <item name="impl" type="9f88c78c:ScopeViewTreeModel$FileNode" />
            </path>
            <path>
              <item name="tanjiu-jobs-sys-parent" type="3d21c010:ScopeViewTreeModel$ProjectNode" />
              <item name="tanjiu-jobs-sys-parent" type="2674bda8:ScopeViewTreeModel$GroupNode" />
              <item name="src" type="9f88c78c:ScopeViewTreeModel$FileNode" />
              <item name="main" type="9f88c78c:ScopeViewTreeModel$FileNode" />
              <item name="resources" type="9f88c78c:ScopeViewTreeModel$FileNode" />
            </path>
          </expand>
          <select />
        </subPane>
      </pane>
    </panes>
  </component>
  <component name="TimeTrackingManager">
    <option name="totallyTimeSpent" value="7373000" />
  </component>
  <component name="ToolWindowManager">
    <frame x="1912" y="-8" width="1936" height="1066" extended-state="6" />
    <editor active="true" />
    <layout>
      <window_info content_ui="combo" id="Project" order="0" visible="true" weight="0.2847185" />
      <window_info id="Structure" order="1" side_tool="true" weight="0.25" />
      <window_info id="Web" order="2" side_tool="true" />
      <window_info id="Favorites" order="3" side_tool="true" />
      <window_info anchor="bottom" id="Message" order="0" />
      <window_info anchor="bottom" id="Find" order="1" weight="0.32939914" />
      <window_info anchor="bottom" id="Run" order="2" weight="0.32939914" />
      <window_info anchor="bottom" id="Debug" order="3" weight="0.34871244" />
      <window_info anchor="bottom" id="Cvs" order="4" weight="0.25" />
      <window_info anchor="bottom" id="Inspection" order="5" weight="0.4" />
      <window_info anchor="bottom" id="TODO" order="6" />
      <window_info anchor="bottom" id="Services" order="7" />
      <window_info anchor="bottom" id="Version Control" order="8" weight="0.53218883" />
      <window_info anchor="bottom" id="Problems" order="9" />
      <window_info anchor="bottom" id="Spring" order="10" />
      <window_info anchor="bottom" id="Database Changes" order="11" />
      <window_info anchor="bottom" id="Terminal" order="12" />
      <window_info anchor="bottom" id="Event Log" order="13" side_tool="true" />
      <window_info anchor="bottom" id="Messages" order="14" />
      <window_info anchor="bottom" id="Build" order="15" />
      <window_info anchor="bottom" id="Java Enterprise" order="16" />
      <window_info anchor="right" id="Commander" internal_type="SLIDING" order="0" type="SLIDING" weight="0.4" />
      <window_info anchor="right" id="Ant Build" order="1" weight="0.25" />
      <window_info anchor="right" content_ui="combo" id="Hierarchy" order="2" weight="0.25" />
      <window_info active="true" anchor="right" id="Maven" order="3" visible="true" weight="0.23324397" />
      <window_info anchor="right" id="Database" order="4" />
      <window_info anchor="right" id="Ant" order="5" />
      <window_info anchor="right" id="Bean Validation" order="6" />
      <window_info anchor="right" id="JSON Utils" order="7" />
      <window_info anchor="right" id="leetcode" order="8" side_tool="true" />
    </layout>
  </component>
  <component name="editorHistoryManager">
    <entry file="file://$PROJECT_DIR$/tanjiu-jobs-sys-common/src/main/java/com/tanjiu/file/FileService.java">
      <provider selected="true" editor-type-id="text-editor">
        <state relative-caret-position="132">
          <caret line="25" column="13" selection-start-line="25" selection-start-column="13" selection-end-line="25" selection-end-column="13" />
        </state>
      </provider>
    </entry>
    <entry file="file://$PROJECT_DIR$/tanjiu-jobs-sys-common/src/main/java/com/tanjiu/file/OssCredentials.java">
      <provider selected="true" editor-type-id="text-editor">
        <state relative-caret-position="132">
          <caret line="13" column="13" selection-start-line="13" selection-start-column="13" selection-end-line="13" selection-end-column="13" />
        </state>
      </provider>
    </entry>
    <entry file="file://$PROJECT_DIR$/src/main/resources/application.yaml">
      <provider selected="true" editor-type-id="text-editor" />
    </entry>
    <entry file="file://$PROJECT_DIR$/src/main/java/com/tanjiu/config/crossorigin/CorsConfig.java">
      <provider selected="true" editor-type-id="text-editor">
        <state relative-caret-position="308">
          <caret line="21" column="23" selection-start-line="21" selection-start-column="17" selection-end-line="21" selection-end-column="23" />
        </state>
      </provider>
    </entry>
    <entry file="file://$PROJECT_DIR$/src/main/java/com/tanjiu/config/datasource/DynamicDataSourceContextHolder.java">
      <provider selected="true" editor-type-id="text-editor">
        <state relative-caret-position="110">
          <caret line="12" column="13" selection-start-line="12" selection-start-column="13" selection-end-line="12" selection-end-column="13" />
        </state>
      </provider>
    </entry>
    <entry file="file://$PROJECT_DIR$/src/main/resources/mapper/OrderDetailMapper.xml">
      <provider selected="true" editor-type-id="text-editor" />
    </entry>
    <entry file="file://$PROJECT_DIR$/src/main/resources/mapper/PointGoodsMapper.xml">
      <provider selected="true" editor-type-id="text-editor" />
    </entry>
    <entry file="file://$PROJECT_DIR$/src/main/java/com/tanjiu/vo/KeyValueRo.java">
      <provider selected="true" editor-type-id="text-editor">
        <state relative-caret-position="66">
          <caret line="7" column="13" selection-start-line="7" selection-start-column="13" selection-end-line="7" selection-end-column="13" />
        </state>
      </provider>
    </entry>
    <entry file="file://$PROJECT_DIR$/src/main/java/com/tanjiu/service/MsgPushService.java">
      <provider selected="true" editor-type-id="text-editor">
        <state relative-caret-position="88">
          <caret line="4" column="8" lean-forward="true" selection-start-line="4" selection-start-column="8" selection-end-line="4" selection-end-column="8" />
        </state>
      </provider>
    </entry>
    <entry file="file://$PROJECT_DIR$/src/main/resources/application-kafka.yaml">
      <provider selected="true" editor-type-id="text-editor" />
    </entry>
    <entry file="file://$PROJECT_DIR$/src/main/resources/application-pro.yaml">
      <provider selected="true" editor-type-id="text-editor">
        <state relative-caret-position="274">
          <caret line="16" column="63" selection-start-line="16" selection-start-column="63" selection-end-line="16" selection-end-column="63" />
        </state>
      </provider>
    </entry>
    <entry file="file://$PROJECT_DIR$/src/main/resources/logback-spring.xml">
      <provider selected="true" editor-type-id="text-editor">
        <state relative-caret-position="88">
          <caret line="4" selection-start-line="4" selection-end-line="4" />
        </state>
      </provider>
    </entry>
    <entry file="file://$PROJECT_DIR$/src/main/java/com/tanjiu/aspect/SuperAspect.java">
      <provider selected="true" editor-type-id="text-editor">
        <state relative-caret-position="110">
          <caret line="12" column="13" selection-start-line="12" selection-start-column="13" selection-end-line="12" selection-end-column="13" />
        </state>
      </provider>
    </entry>
    <entry file="file://$PROJECT_DIR$/src/main/java/com/tanjiu/config/datasource/DataSourceConfig.java">
      <provider selected="true" editor-type-id="text-editor">
        <state relative-caret-position="-3">
          <caret line="63" column="43" selection-start-line="63" selection-start-column="30" selection-end-line="63" selection-end-column="43" />
        </state>
      </provider>
    </entry>
    <entry file="file://$PROJECT_DIR$/src/main/java/com/tanjiu/config/crossorigin/WebMvcConfig.java">
      <provider selected="true" editor-type-id="text-editor">
        <state relative-caret-position="154">
          <caret line="7" column="50" selection-start-line="7" selection-start-column="27" selection-end-line="7" selection-end-column="50" />
          <folding>
            <element signature="imports" expanded="true" />
          </folding>
        </state>
      </provider>
    </entry>
    <entry file="file://$PROJECT_DIR$/src/main/java/com/tanjiu/config/datasource/DynamicDataSource.java">
      <provider selected="true" editor-type-id="text-editor">
        <state relative-caret-position="110">
          <caret line="13" column="13" selection-start-line="13" selection-start-column="13" selection-end-line="13" selection-end-column="13" />
        </state>
      </provider>
    </entry>
    <entry file="file://$PROJECT_DIR$/src/main/resources/datasource.xml">
      <provider selected="true" editor-type-id="text-editor">
        <state relative-caret-position="-90">
          <caret line="29" column="32" selection-start-line="29" selection-start-column="32" selection-end-line="29" selection-end-column="32" />
        </state>
      </provider>
    </entry>
    <entry file="file://$PROJECT_DIR$/src/main/java/com/tanjiu/config/crossorigin/CorsConfig.java">
      <provider selected="true" editor-type-id="text-editor">
        <state relative-caret-position="176">
          <caret line="14" column="54" lean-forward="true" selection-start-line="14" selection-start-column="54" selection-end-line="14" selection-end-column="54" />
        </state>
      </provider>
    </entry>
    <entry file="file://$PROJECT_DIR$/src/main/resources/application-dev.yaml">
      <provider selected="true" editor-type-id="text-editor">
        <state relative-caret-position="352">
          <caret line="16" column="63" selection-start-line="16" selection-start-column="63" selection-end-line="16" selection-end-column="63" />
        </state>
      </provider>
    </entry>
    <entry file="file://$PROJECT_DIR$/src/main/resources/application-xxl.yaml">
      <provider selected="true" editor-type-id="text-editor">
        <state relative-caret-position="132">
          <caret line="6" selection-start-line="6" selection-end-line="7" />
        </state>
      </provider>
    </entry>
    <entry file="file://$PROJECT_DIR$/src/main/java/com/tanjiu/service/impl/MsgPushService.java">
      <provider selected="true" editor-type-id="text-editor">
        <state relative-caret-position="110">
          <caret line="11" column="61" selection-start-line="11" selection-start-column="61" selection-end-line="11" selection-end-column="61" />
        </state>
      </provider>
    </entry>
    <entry file="file://$PROJECT_DIR$/src/main/java/com/tanjiu/service/impl/MsgPushServiceImpl.java">
      <provider selected="true" editor-type-id="text-editor">
        <state relative-caret-position="42">
          <caret line="26" column="22" lean-forward="true" selection-start-line="26" selection-start-column="22" selection-end-line="26" selection-end-column="22" />
        </state>
      </provider>
    </entry>
    <entry file="file://$PROJECT_DIR$/src/main/java/com/tanjiu/vo/uniform/Paging.java">
      <provider selected="true" editor-type-id="text-editor">
        <state relative-caret-position="132">
          <caret line="12" column="13" selection-start-line="12" selection-start-column="13" selection-end-line="12" selection-end-column="13" />
        </state>
      </provider>
    </entry>
    <entry file="file://$PROJECT_DIR$/src/main/java/com/tanjiu/vo/uniform/ResultCode.java">
      <provider selected="true" editor-type-id="text-editor">
        <state relative-caret-position="66">
          <caret line="6" column="12" selection-start-line="6" selection-start-column="12" selection-end-line="6" selection-end-column="12" />
        </state>
      </provider>
    </entry>
    <entry file="file://$PROJECT_DIR$/src/main/java/com/tanjiu/vo/uniform/WebResult.java">
      <provider selected="true" editor-type-id="text-editor">
        <state relative-caret-position="132">
          <caret line="14" column="13" selection-start-line="14" selection-start-column="13" selection-end-line="14" selection-end-column="13" />
        </state>
      </provider>
    </entry>
    <entry file="file://$PROJECT_DIR$/src/main/java/com/tanjiu/service/ScoreService.java">
      <provider selected="true" editor-type-id="text-editor">
        <state relative-caret-position="439">
          <caret line="39" column="12" selection-start-line="39" selection-start-column="12" selection-end-line="39" selection-end-column="12" />
        </state>
      </provider>
    </entry>
    <entry file="file://$PROJECT_DIR$/src/main/java/com/tanjiu/utils/DateUtil.java">
      <provider selected="true" editor-type-id="text-editor">
        <state relative-caret-position="26">
          <caret line="12" column="13" selection-start-line="12" selection-start-column="13" selection-end-line="12" selection-end-column="13" />
        </state>
      </provider>
    </entry>
    <entry file="file://$PROJECT_DIR$/src/main/java/com/tanjiu/utils/LocalDateUtil.java">
      <provider selected="true" editor-type-id="text-editor">
        <state relative-caret-position="110">
          <caret line="17" column="13" selection-start-line="17" selection-start-column="13" selection-end-line="17" selection-end-column="13" />
        </state>
      </provider>
    </entry>
    <entry file="file://$PROJECT_DIR$/src/main/java/com/tanjiu/utils/HttpRequestUtil.java">
      <provider selected="true" editor-type-id="text-editor">
        <state relative-caret-position="110">
          <caret line="26" column="13" selection-start-line="26" selection-start-column="13" selection-end-line="26" selection-end-column="13" />
        </state>
      </provider>
    </entry>
    <entry file="file://$PROJECT_DIR$/src/main/java/com/tanjiu/utils/JsonUtil.java">
      <provider selected="true" editor-type-id="text-editor">
        <state relative-caret-position="110">
          <caret line="12" column="13" selection-start-line="12" selection-start-column="13" selection-end-line="12" selection-end-column="13" />
        </state>
      </provider>
    </entry>
    <entry file="file://$PROJECT_DIR$/src/main/java/com/tanjiu/utils/ExecutorUtil.java">
      <provider selected="true" editor-type-id="text-editor">
        <state relative-caret-position="132">
          <caret line="6" lean-forward="true" selection-start-line="6" selection-end-line="6" />
          <folding>
            <element signature="imports" expanded="true" />
          </folding>
        </state>
      </provider>
    </entry>
    <entry file="file://$PROJECT_DIR$/tanjiu-jobs-sys-api/src/main/java/com/tanjiu/controller/jobs/PushWeiXinController.java">
      <provider selected="true" editor-type-id="text-editor">
        <state relative-caret-position="462">
          <caret line="46" column="5" selection-start-line="37" selection-start-column="3" selection-end-line="46" selection-end-column="5" />
          <folding>
            <element signature="docComment;method#helloJob#0;class#PushWeiXinController#0" expanded="true" />
          </folding>
        </state>
      </provider>
    </entry>
    <entry file="file://$PROJECT_DIR$/tanjiu-jobs-sys-api/src/main/resources/application-xxl.yaml">
      <provider selected="true" editor-type-id="text-editor">
        <state relative-caret-position="110">
          <caret line="5" column="14" selection-start-line="5" selection-start-column="14" selection-end-line="5" selection-end-column="14" />
        </state>
      </provider>
    </entry>
    <entry file="file://$PROJECT_DIR$/tanjiu-jobs-sys-api/src/main/java/com/tanjiu/config/XxlJobConfig.java">
      <provider selected="true" editor-type-id="text-editor">
        <state relative-caret-position="198">
          <caret line="18" column="17" selection-start-line="18" selection-start-column="14" selection-end-line="18" selection-end-column="17" />
        </state>
      </provider>
    </entry>
    <entry file="file://$PROJECT_DIR$/tanjiu-jobs-sys-api/src/main/java/com/tanjiu/config/SwaggerConfig.java">
      <provider selected="true" editor-type-id="text-editor">
        <state relative-caret-position="176">
          <caret line="26" column="13" selection-start-line="26" selection-start-column="13" selection-end-line="26" selection-end-column="13" />
        </state>
      </provider>
    </entry>
    <entry file="file://$PROJECT_DIR$/tanjiu-jobs-sys-api/src/main/java/com/tanjiu/JobSysApiApplication.java">
      <provider selected="true" editor-type-id="text-editor">
        <state relative-caret-position="154">
          <caret line="10" column="16" selection-start-line="10" selection-start-column="16" selection-end-line="10" selection-end-column="16" />
        </state>
      </provider>
    </entry>
    <entry file="file://$PROJECT_DIR$/tanjiu-jobs-sys-api/pom.xml">
      <provider selected="true" editor-type-id="text-editor">
        <state relative-caret-position="-1763">
          <caret line="20" column="26" selection-start-line="20" selection-start-column="26" selection-end-line="20" selection-end-column="26" />
        </state>
      </provider>
    </entry>
    <entry file="file://$PROJECT_DIR$/tanjiu-jobs-sys-api/src/main/resources/application-test.yaml">
      <provider selected="true" editor-type-id="text-editor" />
    </entry>
    <entry file="file://$PROJECT_DIR$/src/main/java/com/tanjiu/aspect/DynamicDataSourceAspect.java">
      <provider selected="true" editor-type-id="text-editor">
        <state relative-caret-position="-373">
          <caret line="24" column="13" selection-start-line="24" selection-start-column="13" selection-end-line="24" selection-end-column="13" />
        </state>
      </provider>
    </entry>
    <entry file="file://$PROJECT_DIR$/src/main/java/com/tanjiu/aspect/SelectDataSource.java">
      <provider selected="true" editor-type-id="text-editor">
        <state relative-caret-position="176">
          <caret line="13" column="18" selection-start-line="13" selection-start-column="18" selection-end-line="13" selection-end-column="18" />
        </state>
      </provider>
    </entry>
    <entry file="file://$PROJECT_DIR$/src/main/resources/application-test.yaml">
      <provider selected="true" editor-type-id="text-editor">
        <state relative-caret-position="327">
          <caret line="25" column="36" selection-start-line="25" selection-start-column="36" selection-end-line="25" selection-end-column="36" />
        </state>
      </provider>
    </entry>
    <entry file="file://$PROJECT_DIR$/src/main/java/com/tanjiu/controller/jobs/PushWeiXinController.java">
      <provider selected="true" editor-type-id="text-editor">
        <state relative-caret-position="858">
          <caret line="59" selection-start-line="59" selection-end-line="59" />
          <folding>
            <element signature="docComment;class#PushWeiXinController#0" expanded="true" />
            <element signature="docComment;method#pushWxPoint#0;class#PushWeiXinController#0" expanded="true" />
            <element signature="docComment;method#getGoodsName#0;class#PushWeiXinController#0" expanded="true" />
          </folding>
        </state>
      </provider>
    </entry>
    <entry file="file://$PROJECT_DIR$/src/main/java/com/tanjiu/controller/SuperController.java">
      <provider selected="true" editor-type-id="text-editor">
        <state relative-caret-position="132">
          <caret line="12" column="13" selection-start-line="12" selection-start-column="13" selection-end-line="12" selection-end-column="13" />
        </state>
      </provider>
    </entry>
    <entry file="file://$PROJECT_DIR$/src/main/java/com/tanjiu/config/CustomExceptionHandler.java">
      <provider selected="true" editor-type-id="text-editor">
        <state relative-caret-position="132">
          <caret line="19" column="13" selection-start-line="19" selection-start-column="13" selection-end-line="19" selection-end-column="13" />
        </state>
      </provider>
    </entry>
    <entry file="file://$PROJECT_DIR$/src/main/java/com/tanjiu/config/FJsonConfig.java">
      <provider selected="true" editor-type-id="text-editor">
        <state relative-caret-position="132">
          <caret line="21" column="13" selection-start-line="21" selection-start-column="13" selection-end-line="21" selection-end-column="13" />
        </state>
      </provider>
    </entry>
    <entry file="file://$PROJECT_DIR$/src/main/java/com/tanjiu/config/SwaggerConfig.java">
      <provider selected="true" editor-type-id="text-editor">
        <state relative-caret-position="726">
          <caret line="63" column="35" selection-start-line="63" selection-start-column="35" selection-end-line="63" selection-end-column="35" />
        </state>
      </provider>
    </entry>
    <entry file="file://$PROJECT_DIR$/src/main/java/com/tanjiu/service/impl/ScoreServiceImpl.java">
      <provider selected="true" editor-type-id="text-editor">
        <state relative-caret-position="168">
          <caret line="44" column="28" selection-start-line="44" selection-start-column="28" selection-end-line="44" selection-end-column="28" />
          <folding>
            <element signature="imports" expanded="true" />
          </folding>
        </state>
      </provider>
    </entry>
    <entry file="file://$PROJECT_DIR$/src/main/java/com/tanjiu/config/XxlJobConfig.java">
      <provider selected="true" editor-type-id="text-editor">
        <state relative-caret-position="198">
          <caret line="18" column="2" selection-start-line="18" selection-start-column="2" selection-end-line="18" selection-end-column="2" />
        </state>
      </provider>
    </entry>
    <entry file="file://$PROJECT_DIR$/Dockerfile">
      <provider selected="true" editor-type-id="text-editor" />
    </entry>
    <entry file="file://$PROJECT_DIR$/src/main/java/com/tanjiu/JobSysApiApplication.java">
      <provider selected="true" editor-type-id="text-editor">
        <state relative-caret-position="88">
          <caret line="5" column="22" selection-start-line="5" selection-start-column="22" selection-end-line="5" selection-end-column="22" />
        </state>
      </provider>
    </entry>
    <entry file="file://$PROJECT_DIR$/pom.xml">
      <provider selected="true" editor-type-id="text-editor">
        <state relative-caret-position="194">
          <caret line="112" column="34" selection-start-line="112" selection-start-column="34" selection-end-line="112" selection-end-column="34" />
        </state>
      </provider>
    </entry>
  </component>
</project>