<project version="4">
  <component name="FileEditorManager">
    <leaf>
      <file pinned="false" current-in-tab="false">
        <entry file="file://$PROJECT_DIR$/xxl-job-executor-samples/xxl-job-executor-sample-springboot/src/main/resources/application.properties">
          <provider selected="true" editor-type-id="text-editor">
            <state relative-caret-position="22">
              <caret line="1" column="17" selection-start-line="1" selection-start-column="17" selection-end-line="1" selection-end-column="17" />
            </state>
          </provider>
        </entry>
      </file>
      <file pinned="false" current-in-tab="false">
        <entry file="file://$PROJECT_DIR$/xxl-job-executor-samples/xxl-job-executor-sample-springboot/src/main/java/com/xxl/job/executor/XxlJobExecutorApplication.java">
          <provider selected="true" editor-type-id="text-editor">
            <state relative-caret-position="132">
              <caret line="9" column="13" selection-start-line="9" selection-start-column="13" selection-end-line="9" selection-end-column="13" />
            </state>
          </provider>
        </entry>
      </file>
      <file pinned="false" current-in-tab="true">
        <entry file="file://$PROJECT_DIR$/xxl-job-executor-samples/xxl-job-executor-sample-springboot/src/main/java/com/xxl/job/executor/service/jobhandler/SampleXxlJob.java">
          <provider selected="true" editor-type-id="text-editor">
            <state relative-caret-position="926">
              <caret line="223" column="55" selection-start-line="223" selection-start-column="50" selection-end-line="223" selection-end-column="55" />
            </state>
          </provider>
        </entry>
      </file>
      <file pinned="false" current-in-tab="false">
        <entry file="file://$PROJECT_DIR$/xxl-job-executor-samples/xxl-job-executor-sample-springboot/pom.xml">
          <provider selected="true" editor-type-id="text-editor">
            <state relative-caret-position="1100">
              <caret line="50" column="21" selection-start-line="45" selection-start-column="6" selection-end-line="50" selection-end-column="21" />
            </state>
          </provider>
        </entry>
      </file>
      <file pinned="false" current-in-tab="false">
        <entry file="file://$PROJECT_DIR$/xxl-job-executor-samples/xxl-job-executor-sample-springboot/src/main/java/com/xxl/job/executor/core/config/XxlJobConfig.java">
          <provider selected="true" editor-type-id="text-editor">
            <state relative-caret-position="394">
              <caret line="32" selection-start-line="32" selection-end-line="32" />
              <folding>
                <element signature="e#520#548#1" expanded="true" />
                <element signature="e#597#621#1" expanded="true" />
                <element signature="e#667#696#1" expanded="true" />
                <element signature="e#738#767#1" expanded="true" />
                <element signature="e#809#833#1" expanded="true" />
                <element signature="e#870#896#1" expanded="true" />
                <element signature="e#932#961#1" expanded="true" />
              </folding>
            </state>
          </provider>
        </entry>
      </file>
      <file pinned="false" current-in-tab="false">
        <entry file="file://$PROJECT_DIR$/xxl-job-executor-samples/pom.xml">
          <provider selected="true" editor-type-id="text-editor" />
        </entry>
      </file>
      <file pinned="false" current-in-tab="false">
        <entry file="file://$PROJECT_DIR$/xxl-job-executor-samples/xxl-job-executor-sample-springboot/src/main/java/com/xxl/job/executor/mvc/controller/IndexController.java">
          <provider selected="true" editor-type-id="text-editor">
            <state>
              <folding>
                <element signature="e#0#513#0" expanded="true" />
              </folding>
            </state>
          </provider>
        </entry>
      </file>
    </leaf>
  </component>
  <component name="IdeDocumentHistory">
    <option name="CHANGED_PATHS">
      <list>
        <option value="$PROJECT_DIR$/xxl-job-admin/src/main/resources/application.properties" />
        <option value="$PROJECT_DIR$/xxl-job-executor-samples/xxl-job-executor-sample-springboot/src/main/resources/application.properties" />
      </list>
    </option>
  </component>
  <component name="MavenProjectNavigator">
    <treeState>
      <expand />
      <select />
    </treeState>
  </component>
  <component name="ProjectFrameBounds" extendedState="6">
    <option name="x" value="1912" />
    <option name="y" value="-8" />
    <option name="width" value="1936" />
    <option name="height" value="1066" />
  </component>
  <component name="ProjectView">
    <navigator proportions="" version="1">
      <foldersAlwaysOnTop value="true" />
    </navigator>
    <panes>
      <pane id="ProjectPane">
        <subPane>
          <expand>
            <path>
              <item name="xxl-job" type="b2602c69:ProjectViewProjectNode" />
              <item name="xxl-job" type="462c0819:PsiDirectoryNode" />
            </path>
            <path>
              <item name="xxl-job" type="b2602c69:ProjectViewProjectNode" />
              <item name="xxl-job" type="462c0819:PsiDirectoryNode" />
              <item name="xxl-job-admin" type="462c0819:PsiDirectoryNode" />
            </path>
            <path>
              <item name="xxl-job" type="b2602c69:ProjectViewProjectNode" />
              <item name="xxl-job" type="462c0819:PsiDirectoryNode" />
              <item name="xxl-job-admin" type="462c0819:PsiDirectoryNode" />
              <item name="src" type="462c0819:PsiDirectoryNode" />
            </path>
            <path>
              <item name="xxl-job" type="b2602c69:ProjectViewProjectNode" />
              <item name="xxl-job" type="462c0819:PsiDirectoryNode" />
              <item name="xxl-job-admin" type="462c0819:PsiDirectoryNode" />
              <item name="src" type="462c0819:PsiDirectoryNode" />
              <item name="main" type="462c0819:PsiDirectoryNode" />
            </path>
            <path>
              <item name="xxl-job" type="b2602c69:ProjectViewProjectNode" />
              <item name="xxl-job" type="462c0819:PsiDirectoryNode" />
              <item name="xxl-job-admin" type="462c0819:PsiDirectoryNode" />
              <item name="src" type="462c0819:PsiDirectoryNode" />
              <item name="main" type="462c0819:PsiDirectoryNode" />
              <item name="java" type="462c0819:PsiDirectoryNode" />
            </path>
            <path>
              <item name="xxl-job" type="b2602c69:ProjectViewProjectNode" />
              <item name="xxl-job" type="462c0819:PsiDirectoryNode" />
              <item name="xxl-job-admin" type="462c0819:PsiDirectoryNode" />
              <item name="src" type="462c0819:PsiDirectoryNode" />
              <item name="main" type="462c0819:PsiDirectoryNode" />
              <item name="java" type="462c0819:PsiDirectoryNode" />
              <item name="com" type="462c0819:PsiDirectoryNode" />
            </path>
            <path>
              <item name="xxl-job" type="b2602c69:ProjectViewProjectNode" />
              <item name="xxl-job" type="462c0819:PsiDirectoryNode" />
              <item name="xxl-job-admin" type="462c0819:PsiDirectoryNode" />
              <item name="src" type="462c0819:PsiDirectoryNode" />
              <item name="main" type="462c0819:PsiDirectoryNode" />
              <item name="java" type="462c0819:PsiDirectoryNode" />
              <item name="com" type="462c0819:PsiDirectoryNode" />
              <item name="xxl" type="462c0819:PsiDirectoryNode" />
            </path>
            <path>
              <item name="xxl-job" type="b2602c69:ProjectViewProjectNode" />
              <item name="xxl-job" type="462c0819:PsiDirectoryNode" />
              <item name="xxl-job-admin" type="462c0819:PsiDirectoryNode" />
              <item name="src" type="462c0819:PsiDirectoryNode" />
              <item name="main" type="462c0819:PsiDirectoryNode" />
              <item name="java" type="462c0819:PsiDirectoryNode" />
              <item name="com" type="462c0819:PsiDirectoryNode" />
              <item name="xxl" type="462c0819:PsiDirectoryNode" />
              <item name="job" type="462c0819:PsiDirectoryNode" />
            </path>
            <path>
              <item name="xxl-job" type="b2602c69:ProjectViewProjectNode" />
              <item name="xxl-job" type="462c0819:PsiDirectoryNode" />
              <item name="xxl-job-admin" type="462c0819:PsiDirectoryNode" />
              <item name="src" type="462c0819:PsiDirectoryNode" />
              <item name="main" type="462c0819:PsiDirectoryNode" />
              <item name="java" type="462c0819:PsiDirectoryNode" />
              <item name="com" type="462c0819:PsiDirectoryNode" />
              <item name="xxl" type="462c0819:PsiDirectoryNode" />
              <item name="job" type="462c0819:PsiDirectoryNode" />
              <item name="admin" type="462c0819:PsiDirectoryNode" />
            </path>
            <path>
              <item name="xxl-job" type="b2602c69:ProjectViewProjectNode" />
              <item name="xxl-job" type="462c0819:PsiDirectoryNode" />
              <item name="xxl-job-admin" type="462c0819:PsiDirectoryNode" />
              <item name="src" type="462c0819:PsiDirectoryNode" />
              <item name="main" type="462c0819:PsiDirectoryNode" />
              <item name="resources" type="462c0819:PsiDirectoryNode" />
            </path>
            <path>
              <item name="xxl-job" type="b2602c69:ProjectViewProjectNode" />
              <item name="xxl-job" type="462c0819:PsiDirectoryNode" />
              <item name="xxl-job-executor-samples" type="462c0819:PsiDirectoryNode" />
            </path>
            <path>
              <item name="xxl-job" type="b2602c69:ProjectViewProjectNode" />
              <item name="xxl-job" type="462c0819:PsiDirectoryNode" />
              <item name="xxl-job-executor-samples" type="462c0819:PsiDirectoryNode" />
              <item name="xxl-job-executor-sample-springboot" type="462c0819:PsiDirectoryNode" />
            </path>
            <path>
              <item name="xxl-job" type="b2602c69:ProjectViewProjectNode" />
              <item name="xxl-job" type="462c0819:PsiDirectoryNode" />
              <item name="xxl-job-executor-samples" type="462c0819:PsiDirectoryNode" />
              <item name="xxl-job-executor-sample-springboot" type="462c0819:PsiDirectoryNode" />
              <item name="src" type="462c0819:PsiDirectoryNode" />
            </path>
            <path>
              <item name="xxl-job" type="b2602c69:ProjectViewProjectNode" />
              <item name="xxl-job" type="462c0819:PsiDirectoryNode" />
              <item name="xxl-job-executor-samples" type="462c0819:PsiDirectoryNode" />
              <item name="xxl-job-executor-sample-springboot" type="462c0819:PsiDirectoryNode" />
              <item name="src" type="462c0819:PsiDirectoryNode" />
              <item name="main" type="462c0819:PsiDirectoryNode" />
            </path>
            <path>
              <item name="xxl-job" type="b2602c69:ProjectViewProjectNode" />
              <item name="xxl-job" type="462c0819:PsiDirectoryNode" />
              <item name="xxl-job-executor-samples" type="462c0819:PsiDirectoryNode" />
              <item name="xxl-job-executor-sample-springboot" type="462c0819:PsiDirectoryNode" />
              <item name="src" type="462c0819:PsiDirectoryNode" />
              <item name="main" type="462c0819:PsiDirectoryNode" />
              <item name="java" type="462c0819:PsiDirectoryNode" />
            </path>
            <path>
              <item name="xxl-job" type="b2602c69:ProjectViewProjectNode" />
              <item name="xxl-job" type="462c0819:PsiDirectoryNode" />
              <item name="xxl-job-executor-samples" type="462c0819:PsiDirectoryNode" />
              <item name="xxl-job-executor-sample-springboot" type="462c0819:PsiDirectoryNode" />
              <item name="src" type="462c0819:PsiDirectoryNode" />
              <item name="main" type="462c0819:PsiDirectoryNode" />
              <item name="java" type="462c0819:PsiDirectoryNode" />
              <item name="com" type="462c0819:PsiDirectoryNode" />
            </path>
            <path>
              <item name="xxl-job" type="b2602c69:ProjectViewProjectNode" />
              <item name="xxl-job" type="462c0819:PsiDirectoryNode" />
              <item name="xxl-job-executor-samples" type="462c0819:PsiDirectoryNode" />
              <item name="xxl-job-executor-sample-springboot" type="462c0819:PsiDirectoryNode" />
              <item name="src" type="462c0819:PsiDirectoryNode" />
              <item name="main" type="462c0819:PsiDirectoryNode" />
              <item name="java" type="462c0819:PsiDirectoryNode" />
              <item name="com" type="462c0819:PsiDirectoryNode" />
              <item name="xxl" type="462c0819:PsiDirectoryNode" />
            </path>
            <path>
              <item name="xxl-job" type="b2602c69:ProjectViewProjectNode" />
              <item name="xxl-job" type="462c0819:PsiDirectoryNode" />
              <item name="xxl-job-executor-samples" type="462c0819:PsiDirectoryNode" />
              <item name="xxl-job-executor-sample-springboot" type="462c0819:PsiDirectoryNode" />
              <item name="src" type="462c0819:PsiDirectoryNode" />
              <item name="main" type="462c0819:PsiDirectoryNode" />
              <item name="java" type="462c0819:PsiDirectoryNode" />
              <item name="com" type="462c0819:PsiDirectoryNode" />
              <item name="xxl" type="462c0819:PsiDirectoryNode" />
              <item name="job" type="462c0819:PsiDirectoryNode" />
            </path>
            <path>
              <item name="xxl-job" type="b2602c69:ProjectViewProjectNode" />
              <item name="xxl-job" type="462c0819:PsiDirectoryNode" />
              <item name="xxl-job-executor-samples" type="462c0819:PsiDirectoryNode" />
              <item name="xxl-job-executor-sample-springboot" type="462c0819:PsiDirectoryNode" />
              <item name="src" type="462c0819:PsiDirectoryNode" />
              <item name="main" type="462c0819:PsiDirectoryNode" />
              <item name="java" type="462c0819:PsiDirectoryNode" />
              <item name="com" type="462c0819:PsiDirectoryNode" />
              <item name="xxl" type="462c0819:PsiDirectoryNode" />
              <item name="job" type="462c0819:PsiDirectoryNode" />
              <item name="executor" type="462c0819:PsiDirectoryNode" />
            </path>
            <path>
              <item name="xxl-job" type="b2602c69:ProjectViewProjectNode" />
              <item name="xxl-job" type="462c0819:PsiDirectoryNode" />
              <item name="xxl-job-executor-samples" type="462c0819:PsiDirectoryNode" />
              <item name="xxl-job-executor-sample-springboot" type="462c0819:PsiDirectoryNode" />
              <item name="src" type="462c0819:PsiDirectoryNode" />
              <item name="main" type="462c0819:PsiDirectoryNode" />
              <item name="java" type="462c0819:PsiDirectoryNode" />
              <item name="com" type="462c0819:PsiDirectoryNode" />
              <item name="xxl" type="462c0819:PsiDirectoryNode" />
              <item name="job" type="462c0819:PsiDirectoryNode" />
              <item name="executor" type="462c0819:PsiDirectoryNode" />
              <item name="core" type="462c0819:PsiDirectoryNode" />
            </path>
            <path>
              <item name="xxl-job" type="b2602c69:ProjectViewProjectNode" />
              <item name="xxl-job" type="462c0819:PsiDirectoryNode" />
              <item name="xxl-job-executor-samples" type="462c0819:PsiDirectoryNode" />
              <item name="xxl-job-executor-sample-springboot" type="462c0819:PsiDirectoryNode" />
              <item name="src" type="462c0819:PsiDirectoryNode" />
              <item name="main" type="462c0819:PsiDirectoryNode" />
              <item name="java" type="462c0819:PsiDirectoryNode" />
              <item name="com" type="462c0819:PsiDirectoryNode" />
              <item name="xxl" type="462c0819:PsiDirectoryNode" />
              <item name="job" type="462c0819:PsiDirectoryNode" />
              <item name="executor" type="462c0819:PsiDirectoryNode" />
              <item name="core" type="462c0819:PsiDirectoryNode" />
              <item name="config" type="462c0819:PsiDirectoryNode" />
            </path>
            <path>
              <item name="xxl-job" type="b2602c69:ProjectViewProjectNode" />
              <item name="xxl-job" type="462c0819:PsiDirectoryNode" />
              <item name="xxl-job-executor-samples" type="462c0819:PsiDirectoryNode" />
              <item name="xxl-job-executor-sample-springboot" type="462c0819:PsiDirectoryNode" />
              <item name="src" type="462c0819:PsiDirectoryNode" />
              <item name="main" type="462c0819:PsiDirectoryNode" />
              <item name="java" type="462c0819:PsiDirectoryNode" />
              <item name="com" type="462c0819:PsiDirectoryNode" />
              <item name="xxl" type="462c0819:PsiDirectoryNode" />
              <item name="job" type="462c0819:PsiDirectoryNode" />
              <item name="executor" type="462c0819:PsiDirectoryNode" />
              <item name="mvc" type="462c0819:PsiDirectoryNode" />
            </path>
            <path>
              <item name="xxl-job" type="b2602c69:ProjectViewProjectNode" />
              <item name="xxl-job" type="462c0819:PsiDirectoryNode" />
              <item name="xxl-job-executor-samples" type="462c0819:PsiDirectoryNode" />
              <item name="xxl-job-executor-sample-springboot" type="462c0819:PsiDirectoryNode" />
              <item name="src" type="462c0819:PsiDirectoryNode" />
              <item name="main" type="462c0819:PsiDirectoryNode" />
              <item name="java" type="462c0819:PsiDirectoryNode" />
              <item name="com" type="462c0819:PsiDirectoryNode" />
              <item name="xxl" type="462c0819:PsiDirectoryNode" />
              <item name="job" type="462c0819:PsiDirectoryNode" />
              <item name="executor" type="462c0819:PsiDirectoryNode" />
              <item name="mvc" type="462c0819:PsiDirectoryNode" />
              <item name="controller" type="462c0819:PsiDirectoryNode" />
            </path>
            <path>
              <item name="xxl-job" type="b2602c69:ProjectViewProjectNode" />
              <item name="xxl-job" type="462c0819:PsiDirectoryNode" />
              <item name="xxl-job-executor-samples" type="462c0819:PsiDirectoryNode" />
              <item name="xxl-job-executor-sample-springboot" type="462c0819:PsiDirectoryNode" />
              <item name="src" type="462c0819:PsiDirectoryNode" />
              <item name="main" type="462c0819:PsiDirectoryNode" />
              <item name="java" type="462c0819:PsiDirectoryNode" />
              <item name="com" type="462c0819:PsiDirectoryNode" />
              <item name="xxl" type="462c0819:PsiDirectoryNode" />
              <item name="job" type="462c0819:PsiDirectoryNode" />
              <item name="executor" type="462c0819:PsiDirectoryNode" />
              <item name="service" type="462c0819:PsiDirectoryNode" />
            </path>
            <path>
              <item name="xxl-job" type="b2602c69:ProjectViewProjectNode" />
              <item name="xxl-job" type="462c0819:PsiDirectoryNode" />
              <item name="xxl-job-executor-samples" type="462c0819:PsiDirectoryNode" />
              <item name="xxl-job-executor-sample-springboot" type="462c0819:PsiDirectoryNode" />
              <item name="src" type="462c0819:PsiDirectoryNode" />
              <item name="main" type="462c0819:PsiDirectoryNode" />
              <item name="java" type="462c0819:PsiDirectoryNode" />
              <item name="com" type="462c0819:PsiDirectoryNode" />
              <item name="xxl" type="462c0819:PsiDirectoryNode" />
              <item name="job" type="462c0819:PsiDirectoryNode" />
              <item name="executor" type="462c0819:PsiDirectoryNode" />
              <item name="service" type="462c0819:PsiDirectoryNode" />
              <item name="jobhandler" type="462c0819:PsiDirectoryNode" />
            </path>
          </expand>
          <select />
        </subPane>
      </pane>
      <pane id="PackagesPane" />
      <pane id="Scope" />
    </panes>
  </component>
  <component name="TimeTrackingManager">
    <option name="totallyTimeSpent" value="2533000" />
  </component>
  <component name="ToolWindowManager">
    <frame x="1912" y="-8" width="1936" height="1066" extended-state="6" />
    <layout>
      <window_info active="true" content_ui="combo" id="Project" order="0" visible="true" weight="0.25683647" />
      <window_info id="Structure" order="1" side_tool="true" weight="0.25" />
      <window_info id="Web" order="2" side_tool="true" />
      <window_info id="Favorites" order="3" side_tool="true" />
      <window_info anchor="bottom" id="Message" order="0" />
      <window_info anchor="bottom" id="Find" order="1" />
      <window_info anchor="bottom" id="Run" order="2" />
      <window_info anchor="bottom" id="Debug" order="3" weight="0.4860515" />
      <window_info anchor="bottom" id="Cvs" order="4" weight="0.25" />
      <window_info anchor="bottom" id="Inspection" order="5" weight="0.4" />
      <window_info anchor="bottom" id="TODO" order="6" />
      <window_info anchor="bottom" id="Services" order="7" />
      <window_info anchor="bottom" id="Version Control" order="8" />
      <window_info anchor="bottom" id="Problems" order="9" />
      <window_info anchor="bottom" id="Spring" order="10" />
      <window_info anchor="bottom" id="Database Changes" order="11" />
      <window_info anchor="bottom" id="Terminal" order="12" />
      <window_info anchor="bottom" id="Event Log" order="13" side_tool="true" />
      <window_info anchor="bottom" id="Messages" order="14" />
      <window_info anchor="bottom" id="Build" order="15" />
      <window_info anchor="bottom" id="Java Enterprise" order="16" />
      <window_info anchor="right" id="Commander" internal_type="SLIDING" order="0" type="SLIDING" weight="0.4" />
      <window_info anchor="right" id="Ant Build" order="1" weight="0.25" />
      <window_info anchor="right" content_ui="combo" id="Hierarchy" order="2" weight="0.25" />
      <window_info anchor="right" id="Maven" order="3" visible="true" weight="0.19517426" />
      <window_info anchor="right" id="Database" order="4" />
      <window_info anchor="right" id="Ant" order="5" />
      <window_info anchor="right" id="Bean Validation" order="6" />
      <window_info anchor="right" id="JSON Utils" order="7" />
      <window_info anchor="right" id="leetcode" order="8" side_tool="true" />
    </layout>
  </component>
  <component name="editorHistoryManager">
    <entry file="file://$PROJECT_DIR$/.gitattributes">
      <provider selected="true" editor-type-id="text-editor" />
    </entry>
    <entry file="file://$PROJECT_DIR$/doc/db/tables_xxl_job.sql">
      <provider selected="true" editor-type-id="text-editor" />
    </entry>
    <entry file="file://$PROJECT_DIR$/xxl-job-admin/src/main/resources/application.properties">
      <provider selected="true" editor-type-id="text-editor">
        <state relative-caret-position="594">
          <caret line="27" column="31" selection-start-line="27" selection-start-column="31" selection-end-line="27" selection-end-column="31" />
        </state>
      </provider>
    </entry>
    <entry file="file://$PROJECT_DIR$/xxl-job-executor-samples/xxl-job-executor-sample-springboot/src/main/resources/application.properties">
      <provider selected="true" editor-type-id="text-editor">
        <state relative-caret-position="22">
          <caret line="1" column="17" selection-start-line="1" selection-start-column="17" selection-end-line="1" selection-end-column="17" />
        </state>
      </provider>
    </entry>
    <entry file="file://$PROJECT_DIR$/xxl-job-executor-samples/xxl-job-executor-sample-springboot/src/main/java/com/xxl/job/executor/XxlJobExecutorApplication.java">
      <provider selected="true" editor-type-id="text-editor">
        <state relative-caret-position="132">
          <caret line="9" column="13" selection-start-line="9" selection-start-column="13" selection-end-line="9" selection-end-column="13" />
        </state>
      </provider>
    </entry>
    <entry file="file://$PROJECT_DIR$/xxl-job-executor-samples/xxl-job-executor-sample-springboot/pom.xml">
      <provider selected="true" editor-type-id="text-editor">
        <state relative-caret-position="1100">
          <caret line="50" column="21" selection-start-line="45" selection-start-column="6" selection-end-line="50" selection-end-column="21" />
        </state>
      </provider>
    </entry>
    <entry file="file://$PROJECT_DIR$/xxl-job-executor-samples/pom.xml">
      <provider selected="true" editor-type-id="text-editor" />
    </entry>
    <entry file="file://$PROJECT_DIR$/xxl-job-executor-samples/xxl-job-executor-sample-springboot/src/main/java/com/xxl/job/executor/core/config/XxlJobConfig.java">
      <provider selected="true" editor-type-id="text-editor">
        <state relative-caret-position="394">
          <caret line="32" selection-start-line="32" selection-end-line="32" />
          <folding>
            <element signature="e#520#548#1" expanded="true" />
            <element signature="e#597#621#1" expanded="true" />
            <element signature="e#667#696#1" expanded="true" />
            <element signature="e#738#767#1" expanded="true" />
            <element signature="e#809#833#1" expanded="true" />
            <element signature="e#870#896#1" expanded="true" />
            <element signature="e#932#961#1" expanded="true" />
          </folding>
        </state>
      </provider>
    </entry>
    <entry file="file://$PROJECT_DIR$/xxl-job-executor-samples/xxl-job-executor-sample-springboot/src/main/java/com/xxl/job/executor/mvc/controller/IndexController.java">
      <provider selected="true" editor-type-id="text-editor">
        <state>
          <folding>
            <element signature="e#0#513#0" expanded="true" />
          </folding>
        </state>
      </provider>
    </entry>
    <entry file="file://$PROJECT_DIR$/xxl-job-executor-samples/xxl-job-executor-sample-springboot/src/main/java/com/xxl/job/executor/service/jobhandler/SampleXxlJob.java">
      <provider selected="true" editor-type-id="text-editor">
        <state relative-caret-position="926">
          <caret line="223" column="55" selection-start-line="223" selection-start-column="50" selection-end-line="223" selection-end-column="55" />
        </state>
      </provider>
    </entry>
  </component>
</project>