<project version="4">
  <component name="FileEditorManager">
    <leaf>
      <file pinned="false" current-in-tab="false">
        <entry file="file://$PROJECT_DIR$/services-zuul/src/main/resources/application.yml">
          <provider selected="true" editor-type-id="text-editor">
            <state relative-caret-position="176">
              <caret line="19" column="27" selection-start-line="19" selection-start-column="27" selection-end-line="19" selection-end-column="27" />
            </state>
          </provider>
        </entry>
      </file>
      <file pinned="false" current-in-tab="false">
        <entry file="file://$PROJECT_DIR$/services-admin/pom.xml">
          <provider selected="true" editor-type-id="text-editor">
            <state relative-caret-position="216">
              <caret line="9" column="13" selection-start-line="4" selection-start-column="4" selection-end-line="9" selection-end-column="13" />
            </state>
          </provider>
        </entry>
      </file>
      <file pinned="false" current-in-tab="false">
        <entry file="file://$PROJECT_DIR$/README.md">
          <provider selected="true" editor-type-id="split-provider[text-editor;markdown-preview-editor]">
            <state split_layout="SPLIT">
              <first_editor />
              <second_editor />
            </state>
          </provider>
        </entry>
      </file>
      <file pinned="false" current-in-tab="false">
        <entry file="file://$PROJECT_DIR$/pom.xml">
          <provider selected="true" editor-type-id="text-editor">
            <state relative-caret-position="162">
              <caret line="16" selection-start-line="16" selection-end-line="16" />
            </state>
          </provider>
        </entry>
      </file>
      <file pinned="false" current-in-tab="false">
        <entry file="file://$PROJECT_DIR$/services-gateway/pom.xml">
          <provider selected="true" editor-type-id="text-editor">
            <state relative-caret-position="-268">
              <caret line="53" selection-start-line="53" selection-end-line="53" />
            </state>
          </provider>
        </entry>
      </file>
      <file pinned="false" current-in-tab="true">
        <entry file="file://$PROJECT_DIR$/services-gateway/src/main/java/pri/zxx/servicesgateway/ServicesGatewayApplication.java">
          <provider selected="true" editor-type-id="text-editor">
            <state relative-caret-position="120">
              <caret line="7" column="22" selection-start-line="7" selection-start-column="22" selection-end-line="7" selection-end-column="22" />
            </state>
          </provider>
        </entry>
      </file>
      <file pinned="false" current-in-tab="false">
        <entry file="file://$PROJECT_DIR$/services-gateway/src/main/resources/application.yml">
          <provider selected="true" editor-type-id="text-editor">
            <state relative-caret-position="648">
              <caret line="27" column="12" selection-start-line="27" selection-start-column="12" selection-end-line="27" selection-end-column="12" />
            </state>
          </provider>
        </entry>
      </file>
    </leaf>
  </component>
  <component name="IdeDocumentHistory">
    <option name="CHANGED_PATHS">
      <list>
        <option value="$PROJECT_DIR$/services-gateway/src/main/java/pri/zxx/servicesadmin/ServicesGateWayApplication.java" />
        <option value="$PROJECT_DIR$/services-gateway/src/main/java/pri/zxx/gateway/config/config.java" />
        <option value="$PROJECT_DIR$/services-gateway/src/main/java/pri/zxx/gateway/ServicesGateWayApplication.java" />
        <option value="$PROJECT_DIR$/services-gateway/src/main/java/pri/zxx/gateway/GateWayApplication.java" />
        <option value="$PROJECT_DIR$/services-gateway/src/main/resources/application.yml" />
        <option value="$PROJECT_DIR$/services-gateway/pom.xml" />
        <option value="$PROJECT_DIR$/pom.xml" />
      </list>
    </option>
  </component>
  <component name="MavenProjectNavigator">
    <treeState>
      <expand />
      <select />
    </treeState>
  </component>
  <component name="ProjectFrameBounds" extendedState="6">
    <option name="x" value="1912" />
    <option name="y" value="-8" />
    <option name="width" value="1936" />
    <option name="height" value="1066" />
  </component>
  <component name="ProjectView">
    <navigator proportions="" version="1">
      <foldersAlwaysOnTop value="true" />
    </navigator>
    <panes>
      <pane id="ProjectPane">
        <subPane>
          <expand>
            <path>
              <item name="components-learn" type="b2602c69:ProjectViewProjectNode" />
              <item name="spring-cloud-components" type="462c0819:PsiDirectoryNode" />
            </path>
            <path>
              <item name="components-learn" type="b2602c69:ProjectViewProjectNode" />
              <item name="spring-cloud-components" type="462c0819:PsiDirectoryNode" />
              <item name="services-gateway" type="462c0819:PsiDirectoryNode" />
            </path>
            <path>
              <item name="components-learn" type="b2602c69:ProjectViewProjectNode" />
              <item name="spring-cloud-components" type="462c0819:PsiDirectoryNode" />
              <item name="services-gateway" type="462c0819:PsiDirectoryNode" />
              <item name="src" type="462c0819:PsiDirectoryNode" />
            </path>
            <path>
              <item name="components-learn" type="b2602c69:ProjectViewProjectNode" />
              <item name="spring-cloud-components" type="462c0819:PsiDirectoryNode" />
              <item name="services-gateway" type="462c0819:PsiDirectoryNode" />
              <item name="src" type="462c0819:PsiDirectoryNode" />
              <item name="main" type="462c0819:PsiDirectoryNode" />
            </path>
            <path>
              <item name="components-learn" type="b2602c69:ProjectViewProjectNode" />
              <item name="spring-cloud-components" type="462c0819:PsiDirectoryNode" />
              <item name="services-gateway" type="462c0819:PsiDirectoryNode" />
              <item name="src" type="462c0819:PsiDirectoryNode" />
              <item name="main" type="462c0819:PsiDirectoryNode" />
              <item name="java" type="462c0819:PsiDirectoryNode" />
            </path>
            <path>
              <item name="components-learn" type="b2602c69:ProjectViewProjectNode" />
              <item name="spring-cloud-components" type="462c0819:PsiDirectoryNode" />
              <item name="services-gateway" type="462c0819:PsiDirectoryNode" />
              <item name="src" type="462c0819:PsiDirectoryNode" />
              <item name="main" type="462c0819:PsiDirectoryNode" />
              <item name="java" type="462c0819:PsiDirectoryNode" />
              <item name="servicesgateway" type="462c0819:PsiDirectoryNode" />
            </path>
            <path>
              <item name="components-learn" type="b2602c69:ProjectViewProjectNode" />
              <item name="spring-cloud-components" type="462c0819:PsiDirectoryNode" />
              <item name="services-gateway" type="462c0819:PsiDirectoryNode" />
              <item name="src" type="462c0819:PsiDirectoryNode" />
              <item name="main" type="462c0819:PsiDirectoryNode" />
              <item name="resources" type="462c0819:PsiDirectoryNode" />
            </path>
          </expand>
          <select />
        </subPane>
      </pane>
      <pane id="Scope" />
      <pane id="PackagesPane" />
    </panes>
  </component>
  <component name="TimeTrackingManager">
    <option name="totallyTimeSpent" value="2769000" />
  </component>
  <component name="ToolWindowManager">
    <frame x="1912" y="-8" width="1936" height="1066" extended-state="6" />
    <layout>
      <window_info id="Web" side_tool="true" />
      <window_info id="Favorites" side_tool="true" />
      <window_info content_ui="combo" id="Project" order="0" visible="true" weight="0.24986595" />
      <window_info id="Structure" order="1" side_tool="true" weight="0.25" />
      <window_info active="true" anchor="bottom" id="Services" visible="true" weight="0.41523606" />
      <window_info anchor="bottom" id="Problems" weight="0.32939914" />
      <window_info anchor="bottom" id="Database Changes" />
      <window_info anchor="bottom" id="Version Control" />
      <window_info anchor="bottom" id="Messages" weight="0.32939914" />
      <window_info anchor="bottom" id="Spring" />
      <window_info anchor="bottom" id="Java Enterprise" />
      <window_info anchor="bottom" id="Terminal" />
      <window_info anchor="bottom" id="Event Log" side_tool="true" />
      <window_info anchor="bottom" id="Build" />
      <window_info anchor="bottom" id="Message" order="0" />
      <window_info anchor="bottom" id="Find" order="1" />
      <window_info anchor="bottom" id="Run" order="2" weight="0.32939914" />
      <window_info anchor="bottom" id="Debug" order="3" weight="0.4" />
      <window_info anchor="bottom" id="Cvs" order="4" weight="0.25" />
      <window_info anchor="bottom" id="Inspection" order="5" weight="0.4" />
      <window_info anchor="bottom" id="TODO" order="6" />
      <window_info anchor="right" id="Ant" />
      <window_info anchor="right" id="Maven" visible="true" weight="0.18230563" />
      <window_info anchor="right" id="Bean Validation" />
      <window_info anchor="right" id="JSON Utils" />
      <window_info anchor="right" id="Database" weight="0.3297587" />
      <window_info anchor="right" id="Commander" internal_type="SLIDING" order="0" type="SLIDING" weight="0.4" />
      <window_info anchor="right" id="Ant Build" order="1" weight="0.25" />
      <window_info anchor="right" content_ui="combo" id="Hierarchy" order="2" weight="0.25" />
    </layout>
  </component>
  <component name="editorHistoryManager">
    <entry file="file://$PROJECT_DIR$/zxx-commons/pom.xml">
      <provider selected="true" editor-type-id="text-editor">
        <state relative-caret-position="336">
          <caret line="14" column="39" selection-start-line="14" selection-start-column="32" selection-end-line="14" selection-end-column="39" />
        </state>
      </provider>
    </entry>
    <entry file="file://D:/.m2/com/alibaba/cloud/spring-cloud-alibaba-dependencies/2.2.1.RELEASE/spring-cloud-alibaba-dependencies-2.2.1.RELEASE.pom">
      <provider selected="true" editor-type-id="text-editor">
        <state relative-caret-position="196">
          <caret line="197" column="6" selection-start-line="197" selection-start-column="6" selection-end-line="197" selection-end-column="6" />
        </state>
      </provider>
    </entry>
    <entry file="file://$PROJECT_DIR$/services-gateway/src/main/java/pri/zxx/gateway/config/config.java">
      <provider selected="true" editor-type-id="text-editor">
        <state relative-caret-position="72">
          <caret line="7" column="13" selection-start-line="7" selection-start-column="13" selection-end-line="7" selection-end-column="13" />
        </state>
      </provider>
    </entry>
    <entry file="file://$PROJECT_DIR$/services-gateway/src/main/java/pri/zxx/gateway/ServicesGateWayApplication.java">
      <provider selected="true" editor-type-id="text-editor">
        <state relative-caret-position="192">
          <caret line="8" column="13" selection-start-line="8" selection-start-column="13" selection-end-line="8" selection-end-column="13" />
          <folding>
            <element signature="imports" expanded="true" />
          </folding>
        </state>
      </provider>
    </entry>
    <entry file="file://$PROJECT_DIR$/services-zuul/pom.xml">
      <provider selected="true" editor-type-id="text-editor">
        <state relative-caret-position="273">
          <caret line="22" column="12" selection-start-line="14" selection-start-column="3" selection-end-line="22" selection-end-column="12" />
        </state>
      </provider>
    </entry>
    <entry file="file://$PROJECT_DIR$/services-admin/src/main/resources/application.yml">
      <provider selected="true" editor-type-id="text-editor" />
    </entry>
    <entry file="file://$PROJECT_DIR$/services-zuul/src/main/resources/application.yml">
      <provider selected="true" editor-type-id="text-editor">
        <state relative-caret-position="176">
          <caret line="19" column="27" selection-start-line="19" selection-start-column="27" selection-end-line="19" selection-end-column="27" />
        </state>
      </provider>
    </entry>
    <entry file="file://$PROJECT_DIR$/services-admin/pom.xml">
      <provider selected="true" editor-type-id="text-editor">
        <state relative-caret-position="216">
          <caret line="9" column="13" selection-start-line="4" selection-start-column="4" selection-end-line="9" selection-end-column="13" />
        </state>
      </provider>
    </entry>
    <entry file="file://$PROJECT_DIR$/services-gateway/src/main/java/pri/zxx/gateway/GateWayApplication.java">
      <provider selected="true" editor-type-id="text-editor">
        <state relative-caret-position="192">
          <caret line="12" column="22" selection-start-line="12" selection-start-column="22" selection-end-line="12" selection-end-column="22" />
          <folding>
            <element signature="imports" expanded="true" />
          </folding>
        </state>
      </provider>
    </entry>
    <entry file="file://$PROJECT_DIR$/README.md">
      <provider selected="true" editor-type-id="split-provider[text-editor;markdown-preview-editor]">
        <state split_layout="SPLIT">
          <first_editor />
          <second_editor />
        </state>
      </provider>
    </entry>
    <entry file="file://$PROJECT_DIR$/services-gateway/HELP.md">
      <provider selected="true" editor-type-id="split-provider[text-editor;markdown-preview-editor]">
        <state split_layout="SPLIT">
          <first_editor />
          <second_editor />
        </state>
      </provider>
    </entry>
    <entry file="file://$PROJECT_DIR$/services-gateway/src/main/resources/application.yml">
      <provider selected="true" editor-type-id="text-editor">
        <state relative-caret-position="648">
          <caret line="27" column="12" selection-start-line="27" selection-start-column="12" selection-end-line="27" selection-end-column="12" />
        </state>
      </provider>
    </entry>
    <entry file="file://$PROJECT_DIR$/pom.xml">
      <provider selected="true" editor-type-id="text-editor">
        <state relative-caret-position="162">
          <caret line="16" selection-start-line="16" selection-end-line="16" />
        </state>
      </provider>
    </entry>
    <entry file="file://$PROJECT_DIR$/services-gateway/pom.xml">
      <provider selected="true" editor-type-id="text-editor">
        <state relative-caret-position="-268">
          <caret line="53" selection-start-line="53" selection-end-line="53" />
        </state>
      </provider>
    </entry>
    <entry file="file://$PROJECT_DIR$/services-gateway/src/main/java/pri/zxx/servicesgateway/ServicesGatewayApplication.java">
      <provider selected="true" editor-type-id="text-editor">
        <state relative-caret-position="120">
          <caret line="7" column="22" selection-start-line="7" selection-start-column="22" selection-end-line="7" selection-end-column="22" />
        </state>
      </provider>
    </entry>
  </component>
  <component name="masterDetails">
    <states>
      <state key="ArtifactsStructureConfigurable.UI">
        <settings>
          <artifact-editor />
          <splitter-proportions>
            <option name="proportions">
              <list>
                <option value="0.2" />
              </list>
            </option>
          </splitter-proportions>
        </settings>
      </state>
      <state key="FacetStructureConfigurable.UI">
        <settings>
          <splitter-proportions>
            <option name="proportions">
              <list>
                <option value="0.2" />
              </list>
            </option>
          </splitter-proportions>
        </settings>
      </state>
      <state key="GlobalLibrariesConfigurable.UI">
        <settings>
          <splitter-proportions>
            <option name="proportions">
              <list>
                <option value="0.2" />
              </list>
            </option>
          </splitter-proportions>
        </settings>
      </state>
      <state key="JdkListConfigurable.UI">
        <settings>
          <splitter-proportions>
            <option name="proportions">
              <list>
                <option value="0.2" />
              </list>
            </option>
          </splitter-proportions>
        </settings>
      </state>
      <state key="ModuleStructureConfigurable.UI">
        <settings>
          <last-edited>services-admin</last-edited>
          <splitter-proportions>
            <option name="proportions">
              <list>
                <option value="0.2" />
                <option value="0.6" />
              </list>
            </option>
          </splitter-proportions>
        </settings>
      </state>
      <state key="ProjectLibrariesConfigurable.UI">
        <settings>
          <splitter-proportions>
            <option name="proportions">
              <list>
                <option value="0.2" />
              </list>
            </option>
          </splitter-proportions>
        </settings>
      </state>
    </states>
  </component>
</project>