<project version="4">
  <component name="FileEditorManager">
    <leaf>
      <file pinned="false" current-in-tab="true">
        <entry file="file://$PROJECT_DIR$/pom.xml">
          <provider selected="true" editor-type-id="text-editor">
            <state relative-caret-position="-889" />
          </provider>
        </entry>
      </file>
      <file pinned="false" current-in-tab="false">
        <entry file="file://$PROJECT_DIR$/src/main/java/com/chuanxi/wow/gateway/controller/IndexController.java">
          <provider selected="true" editor-type-id="text-editor">
            <state relative-caret-position="192">
              <caret line="14" column="13" selection-start-line="14" selection-start-column="13" selection-end-line="14" selection-end-column="13" />
            </state>
          </provider>
        </entry>
      </file>
      <file pinned="false" current-in-tab="false">
        <entry file="file://$PROJECT_DIR$/src/main/java/com/chuanxi/wow/gateway/GatewayApplication.java">
          <provider selected="true" editor-type-id="text-editor">
            <state relative-caret-position="144">
              <caret line="9" column="13" selection-start-line="9" selection-start-column="13" selection-end-line="9" selection-end-column="13" />
            </state>
          </provider>
        </entry>
      </file>
      <file pinned="false" current-in-tab="false">
        <entry file="file://$PROJECT_DIR$/src/main/resources/application.yml">
          <provider selected="true" editor-type-id="text-editor">
            <state relative-caret-position="192">
              <caret line="8" column="19" lean-forward="true" selection-start-line="8" selection-start-column="19" selection-end-line="8" selection-end-column="19" />
            </state>
          </provider>
        </entry>
      </file>
      <file pinned="false" current-in-tab="false">
        <entry file="file://$PROJECT_DIR$/src/main/java/com/chuanxi/wow/gateway/mapper/UserRepository.java">
          <provider selected="true" editor-type-id="text-editor">
            <state relative-caret-position="144">
              <caret line="11" column="17" selection-start-line="11" selection-start-column="17" selection-end-line="11" selection-end-column="17" />
            </state>
          </provider>
        </entry>
      </file>
      <file pinned="false" current-in-tab="false">
        <entry file="file://$PROJECT_DIR$/src/main/java/com/chuanxi/wow/gateway/mapper/UserMapper.java">
          <provider selected="true" editor-type-id="text-editor">
            <state relative-caret-position="144">
              <caret line="11" column="17" selection-start-line="11" selection-start-column="17" selection-end-line="11" selection-end-column="17" />
            </state>
          </provider>
        </entry>
      </file>
      <file pinned="false" current-in-tab="false">
        <entry file="file://$PROJECT_DIR$/src/main/java/com/chuanxi/wow/gateway/filter/AuthFilter.java">
          <provider selected="true" editor-type-id="text-editor">
            <state relative-caret-position="440">
              <caret line="37" column="60" selection-start-line="37" selection-start-column="35" selection-end-line="37" selection-end-column="60" />
            </state>
          </provider>
        </entry>
      </file>
    </leaf>
  </component>
  <component name="MavenProjectNavigator">
    <treeState>
      <expand />
      <select />
    </treeState>
  </component>
  <component name="ProjectFrameBounds" extendedState="6">
    <option name="x" value="1912" />
    <option name="y" value="-8" />
    <option name="width" value="1936" />
    <option name="height" value="1066" />
  </component>
  <component name="ProjectView">
    <navigator proportions="" version="1">
      <foldersAlwaysOnTop value="true" />
    </navigator>
    <panes>
      <pane id="ProjectPane">
        <subPane>
          <expand>
            <path>
              <item name="gateway" type="b2602c69:ProjectViewProjectNode" />
              <item name="gateway" type="462c0819:PsiDirectoryNode" />
            </path>
            <path>
              <item name="gateway" type="b2602c69:ProjectViewProjectNode" />
              <item name="gateway" type="462c0819:PsiDirectoryNode" />
              <item name="src" type="462c0819:PsiDirectoryNode" />
            </path>
            <path>
              <item name="gateway" type="b2602c69:ProjectViewProjectNode" />
              <item name="gateway" type="462c0819:PsiDirectoryNode" />
              <item name="src" type="462c0819:PsiDirectoryNode" />
              <item name="main" type="462c0819:PsiDirectoryNode" />
            </path>
            <path>
              <item name="gateway" type="b2602c69:ProjectViewProjectNode" />
              <item name="gateway" type="462c0819:PsiDirectoryNode" />
              <item name="src" type="462c0819:PsiDirectoryNode" />
              <item name="main" type="462c0819:PsiDirectoryNode" />
              <item name="java" type="462c0819:PsiDirectoryNode" />
            </path>
            <path>
              <item name="gateway" type="b2602c69:ProjectViewProjectNode" />
              <item name="gateway" type="462c0819:PsiDirectoryNode" />
              <item name="src" type="462c0819:PsiDirectoryNode" />
              <item name="main" type="462c0819:PsiDirectoryNode" />
              <item name="java" type="462c0819:PsiDirectoryNode" />
              <item name="gateway" type="462c0819:PsiDirectoryNode" />
            </path>
            <path>
              <item name="gateway" type="b2602c69:ProjectViewProjectNode" />
              <item name="gateway" type="462c0819:PsiDirectoryNode" />
              <item name="src" type="462c0819:PsiDirectoryNode" />
              <item name="main" type="462c0819:PsiDirectoryNode" />
              <item name="java" type="462c0819:PsiDirectoryNode" />
              <item name="gateway" type="462c0819:PsiDirectoryNode" />
              <item name="filter" type="462c0819:PsiDirectoryNode" />
            </path>
            <path>
              <item name="gateway" type="b2602c69:ProjectViewProjectNode" />
              <item name="gateway" type="462c0819:PsiDirectoryNode" />
              <item name="src" type="462c0819:PsiDirectoryNode" />
              <item name="main" type="462c0819:PsiDirectoryNode" />
              <item name="java" type="462c0819:PsiDirectoryNode" />
              <item name="gateway" type="462c0819:PsiDirectoryNode" />
              <item name="mapper" type="462c0819:PsiDirectoryNode" />
            </path>
            <path>
              <item name="gateway" type="b2602c69:ProjectViewProjectNode" />
              <item name="gateway" type="462c0819:PsiDirectoryNode" />
              <item name="src" type="462c0819:PsiDirectoryNode" />
              <item name="main" type="462c0819:PsiDirectoryNode" />
              <item name="resources" type="462c0819:PsiDirectoryNode" />
            </path>
          </expand>
          <select />
        </subPane>
      </pane>
      <pane id="PackagesPane" />
      <pane id="Scope" />
    </panes>
  </component>
  <component name="TimeTrackingManager">
    <option name="totallyTimeSpent" value="114000" />
  </component>
  <component name="ToolWindowManager">
    <frame x="1912" y="-8" width="1936" height="1066" extended-state="6" />
    <layout>
      <window_info id="Favorites" side_tool="true" />
      <window_info active="true" content_ui="combo" id="Project" order="0" visible="true" weight="0.24986595" />
      <window_info id="Structure" order="1" side_tool="true" weight="0.25" />
      <window_info anchor="bottom" id="Services" />
      <window_info anchor="bottom" id="Problems" />
      <window_info anchor="bottom" id="Database Changes" />
      <window_info anchor="bottom" id="Version Control" />
      <window_info anchor="bottom" id="Terminal" />
      <window_info anchor="bottom" id="Event Log" side_tool="true" />
      <window_info anchor="bottom" id="Build" />
      <window_info anchor="bottom" id="Message" order="0" />
      <window_info anchor="bottom" id="Find" order="1" />
      <window_info anchor="bottom" id="Run" order="2" />
      <window_info anchor="bottom" id="Debug" order="3" weight="0.4" />
      <window_info anchor="bottom" id="Cvs" order="4" weight="0.25" />
      <window_info anchor="bottom" id="Inspection" order="5" weight="0.4" />
      <window_info anchor="bottom" id="TODO" order="6" />
      <window_info anchor="right" id="Ant" />
      <window_info anchor="right" id="Maven" visible="true" weight="0.19088472" />
      <window_info anchor="right" id="JSON Utils" />
      <window_info anchor="right" id="Database" />
      <window_info anchor="right" id="Commander" internal_type="SLIDING" order="0" type="SLIDING" weight="0.4" />
      <window_info anchor="right" id="Ant Build" order="1" weight="0.25" />
      <window_info anchor="right" content_ui="combo" id="Hierarchy" order="2" weight="0.25" />
    </layout>
  </component>
  <component name="editorHistoryManager">
    <entry file="file://$PROJECT_DIR$/.gitignore">
      <provider selected="true" editor-type-id="text-editor" />
    </entry>
    <entry file="file://$PROJECT_DIR$/src/main/resources/application.yml">
      <provider selected="true" editor-type-id="text-editor">
        <state relative-caret-position="192">
          <caret line="8" column="19" lean-forward="true" selection-start-line="8" selection-start-column="19" selection-end-line="8" selection-end-column="19" />
        </state>
      </provider>
    </entry>
    <entry file="file://$PROJECT_DIR$/src/main/java/com/chuanxi/wow/gateway/GatewayApplication.java">
      <provider selected="true" editor-type-id="text-editor">
        <state relative-caret-position="144">
          <caret line="9" column="13" selection-start-line="9" selection-start-column="13" selection-end-line="9" selection-end-column="13" />
        </state>
      </provider>
    </entry>
    <entry file="file://$PROJECT_DIR$/src/main/java/com/chuanxi/wow/gateway/controller/IndexController.java">
      <provider selected="true" editor-type-id="text-editor">
        <state relative-caret-position="192">
          <caret line="14" column="13" selection-start-line="14" selection-start-column="13" selection-end-line="14" selection-end-column="13" />
        </state>
      </provider>
    </entry>
    <entry file="file://$PROJECT_DIR$/src/main/java/com/chuanxi/wow/gateway/mapper/UserRepository.java">
      <provider selected="true" editor-type-id="text-editor">
        <state relative-caret-position="144">
          <caret line="11" column="17" selection-start-line="11" selection-start-column="17" selection-end-line="11" selection-end-column="17" />
        </state>
      </provider>
    </entry>
    <entry file="file://$PROJECT_DIR$/src/main/java/com/chuanxi/wow/gateway/mapper/UserMapper.java">
      <provider selected="true" editor-type-id="text-editor">
        <state relative-caret-position="144">
          <caret line="11" column="17" selection-start-line="11" selection-start-column="17" selection-end-line="11" selection-end-column="17" />
        </state>
      </provider>
    </entry>
    <entry file="file://$PROJECT_DIR$/src/main/java/com/chuanxi/wow/gateway/filter/AuthFilter.java">
      <provider selected="true" editor-type-id="text-editor">
        <state relative-caret-position="440">
          <caret line="37" column="60" selection-start-line="37" selection-start-column="35" selection-end-line="37" selection-end-column="60" />
        </state>
      </provider>
    </entry>
    <entry file="file://$PROJECT_DIR$/pom.xml">
      <provider selected="true" editor-type-id="text-editor">
        <state relative-caret-position="-889" />
      </provider>
    </entry>
  </component>
</project>