<project version="4">
  <component name="FileEditorManager">
    <leaf>
      <file pinned="false" current-in-tab="false">
        <entry file="file://$PROJECT_DIR$/src/main/java/pri/zxx/servicesgateway/ServicesGatewayApplication.java">
          <provider selected="true" editor-type-id="text-editor">
            <state relative-caret-position="110">
              <caret line="7" column="22" selection-start-line="7" selection-start-column="22" selection-end-line="7" selection-end-column="22" />
            </state>
          </provider>
        </entry>
      </file>
      <file pinned="false" current-in-tab="false">
        <entry file="file://$PROJECT_DIR$/src/main/resources/application.yml">
          <provider selected="true" editor-type-id="text-editor" />
        </entry>
      </file>
      <file pinned="false" current-in-tab="true">
        <entry file="file://$PROJECT_DIR$/pom.xml">
          <provider selected="true" editor-type-id="text-editor">
            <state relative-caret-position="390">
              <caret line="35" column="21" selection-start-line="35" selection-start-column="21" selection-end-line="35" selection-end-column="21" />
            </state>
          </provider>
        </entry>
      </file>
      <file pinned="false" current-in-tab="false">
        <entry file="jar://D:/.m2/org/springframework/cloud/spring-cloud-gateway-core/2.2.2.RELEASE/spring-cloud-gateway-core-2.2.2.RELEASE.jar!/org/springframework/cloud/gateway/config/GatewayAutoConfiguration.class">
          <provider selected="true" editor-type-id="text-editor">
            <state relative-caret-position="10516">
              <caret line="622" selection-start-line="622" selection-end-line="622" />
            </state>
          </provider>
        </entry>
      </file>
      <file pinned="false" current-in-tab="false">
        <entry file="file://$PROJECT_DIR$/services-gateway.log">
          <provider selected="true" editor-type-id="text-editor" />
        </entry>
      </file>
    </leaf>
  </component>
  <component name="IdeDocumentHistory">
    <option name="CHANGED_PATHS">
      <list>
        <option value="$PROJECT_DIR$/src/main/java/pri/zxx/servicesgateway/ServicesGatewayApplication.java" />
        <option value="$PROJECT_DIR$/pom.xml" />
      </list>
    </option>
  </component>
  <component name="MavenProjectNavigator">
    <treeState>
      <expand>
        <path>
          <item name="" type="16c1761:MavenProjectsStructure$RootNode" />
          <item name="services-gateway" type="9519ce18:MavenProjectsStructure$ProjectNode" />
        </path>
        <path>
          <item name="" type="16c1761:MavenProjectsStructure$RootNode" />
          <item name="services-gateway" type="9519ce18:MavenProjectsStructure$ProjectNode" />
          <item name="Dependencies" type="f4be9f2a:MavenProjectsStructure$DependenciesNode" />
        </path>
      </expand>
      <select />
    </treeState>
  </component>
  <component name="ProjectFrameBounds" extendedState="6">
    <option name="x" value="1912" />
    <option name="y" value="-8" />
    <option name="width" value="1936" />
    <option name="height" value="1066" />
  </component>
  <component name="ProjectView">
    <navigator proportions="" version="1">
      <foldersAlwaysOnTop value="true" />
    </navigator>
    <panes>
      <pane id="PackagesPane" />
      <pane id="Scope" />
      <pane id="ProjectPane">
        <subPane>
          <expand>
            <path>
              <item name="services-gateway" type="b2602c69:ProjectViewProjectNode" />
              <item name="services-gateway" type="462c0819:PsiDirectoryNode" />
            </path>
            <path>
              <item name="services-gateway" type="b2602c69:ProjectViewProjectNode" />
              <item name="services-gateway" type="462c0819:PsiDirectoryNode" />
              <item name="src" type="462c0819:PsiDirectoryNode" />
            </path>
            <path>
              <item name="services-gateway" type="b2602c69:ProjectViewProjectNode" />
              <item name="services-gateway" type="462c0819:PsiDirectoryNode" />
              <item name="src" type="462c0819:PsiDirectoryNode" />
              <item name="main" type="462c0819:PsiDirectoryNode" />
            </path>
            <path>
              <item name="services-gateway" type="b2602c69:ProjectViewProjectNode" />
              <item name="services-gateway" type="462c0819:PsiDirectoryNode" />
              <item name="src" type="462c0819:PsiDirectoryNode" />
              <item name="main" type="462c0819:PsiDirectoryNode" />
              <item name="java" type="462c0819:PsiDirectoryNode" />
            </path>
            <path>
              <item name="services-gateway" type="b2602c69:ProjectViewProjectNode" />
              <item name="services-gateway" type="462c0819:PsiDirectoryNode" />
              <item name="src" type="462c0819:PsiDirectoryNode" />
              <item name="main" type="462c0819:PsiDirectoryNode" />
              <item name="java" type="462c0819:PsiDirectoryNode" />
              <item name="pri" type="462c0819:PsiDirectoryNode" />
            </path>
            <path>
              <item name="services-gateway" type="b2602c69:ProjectViewProjectNode" />
              <item name="services-gateway" type="462c0819:PsiDirectoryNode" />
              <item name="src" type="462c0819:PsiDirectoryNode" />
              <item name="main" type="462c0819:PsiDirectoryNode" />
              <item name="java" type="462c0819:PsiDirectoryNode" />
              <item name="pri" type="462c0819:PsiDirectoryNode" />
              <item name="zxx" type="462c0819:PsiDirectoryNode" />
            </path>
            <path>
              <item name="services-gateway" type="b2602c69:ProjectViewProjectNode" />
              <item name="services-gateway" type="462c0819:PsiDirectoryNode" />
              <item name="src" type="462c0819:PsiDirectoryNode" />
              <item name="main" type="462c0819:PsiDirectoryNode" />
              <item name="resources" type="462c0819:PsiDirectoryNode" />
            </path>
          </expand>
          <select />
        </subPane>
      </pane>
    </panes>
  </component>
  <component name="TimeTrackingManager">
    <option name="totallyTimeSpent" value="1075000" />
  </component>
  <component name="ToolWindowManager">
    <frame x="1912" y="-8" width="1936" height="1066" extended-state="6" />
    <layout>
      <window_info active="true" content_ui="combo" id="Project" order="0" visible="true" weight="0.22359249" />
      <window_info id="Structure" order="1" side_tool="true" weight="0.25" />
      <window_info id="Favorites" order="2" side_tool="true" />
      <window_info anchor="bottom" id="Message" order="0" />
      <window_info anchor="bottom" id="Find" order="1" />
      <window_info anchor="bottom" id="Run" order="2" />
      <window_info anchor="bottom" id="Debug" order="3" weight="0.32869378" />
      <window_info anchor="bottom" id="Cvs" order="4" weight="0.25" />
      <window_info anchor="bottom" id="Inspection" order="5" weight="0.4" />
      <window_info anchor="bottom" id="TODO" order="6" />
      <window_info anchor="bottom" id="Services" order="7" />
      <window_info anchor="bottom" id="Version Control" order="8" />
      <window_info anchor="bottom" id="Problems" order="9" />
      <window_info anchor="bottom" id="Spring" order="10" />
      <window_info anchor="bottom" id="Database Changes" order="11" />
      <window_info anchor="bottom" id="Terminal" order="12" />
      <window_info anchor="bottom" id="Event Log" order="13" side_tool="true" />
      <window_info anchor="bottom" id="Build" order="14" />
      <window_info anchor="bottom" id="Messages" order="15" weight="0.32976446" />
      <window_info anchor="right" id="leetcode" side_tool="true" />
      <window_info anchor="right" id="Commander" internal_type="SLIDING" order="0" type="SLIDING" weight="0.4" />
      <window_info anchor="right" id="Ant Build" order="1" weight="0.25" />
      <window_info anchor="right" content_ui="combo" id="Hierarchy" order="2" weight="0.25" />
      <window_info anchor="right" id="Maven" order="3" weight="0.37285408" />
      <window_info anchor="right" id="Database" order="4" weight="0.3299356" />
      <window_info anchor="right" id="Ant" order="5" />
      <window_info anchor="right" id="Bean Validation" order="6" />
      <window_info anchor="right" id="JSON Utils" order="7" />
    </layout>
  </component>
  <component name="editorHistoryManager">
    <entry file="file://$PROJECT_DIR$/src/main/resources/application.properties" />
    <entry file="file://$PROJECT_DIR$/HELP.md" />
    <entry file="file://$PROJECT_DIR$/src/test/java/pri/zxx/servicesgateway/ServicesGatewayApplicationTests.java" />
    <entry file="file://$PROJECT_DIR$/src/main/java/pri/zxx/servicesgateway/ServicesGatewayApplication.java">
      <provider selected="true" editor-type-id="text-editor">
        <state relative-caret-position="110">
          <caret line="7" column="22" selection-start-line="7" selection-start-column="22" selection-end-line="7" selection-end-column="22" />
        </state>
      </provider>
    </entry>
    <entry file="file://$PROJECT_DIR$/src/main/resources/application.yml">
      <provider selected="true" editor-type-id="text-editor" />
    </entry>
    <entry file="file://$PROJECT_DIR$/pom.xml">
      <provider selected="true" editor-type-id="text-editor">
        <state relative-caret-position="390">
          <caret line="35" column="21" selection-start-line="35" selection-start-column="21" selection-end-line="35" selection-end-column="21" />
        </state>
      </provider>
    </entry>
    <entry file="jar://D:/.m2/org/springframework/cloud/spring-cloud-gateway-core/2.2.2.RELEASE/spring-cloud-gateway-core-2.2.2.RELEASE.jar!/org/springframework/cloud/gateway/config/GatewayAutoConfiguration.class">
      <provider selected="true" editor-type-id="text-editor">
        <state relative-caret-position="10516">
          <caret line="622" selection-start-line="622" selection-end-line="622" />
        </state>
      </provider>
    </entry>
    <entry file="file://$PROJECT_DIR$/services-gateway.log">
      <provider selected="true" editor-type-id="text-editor" />
    </entry>
  </component>
</project>