<project version="4">
  <component name="FileEditorManager">
    <leaf>
      <file pinned="false" current-in-tab="true">
        <entry file="file://$PROJECT_DIR$/zxx-commons/pom.xml">
          <provider selected="true" editor-type-id="text-editor">
            <state relative-caret-position="120">
              <caret line="8" column="34" selection-start-line="8" selection-start-column="34" selection-end-line="8" selection-end-column="34" />
            </state>
          </provider>
        </entry>
      </file>
      <file pinned="false" current-in-tab="false">
        <entry file="file://$PROJECT_DIR$/dynamic-dataSource.log">
          <provider selected="true" editor-type-id="text-editor" />
        </entry>
      </file>
      <file pinned="false" current-in-tab="false">
        <entry file="file://$PROJECT_DIR$/services-admin/pom.xml">
          <provider selected="true" editor-type-id="text-editor">
            <state relative-caret-position="1386">
              <caret line="63" column="29" selection-start-line="63" selection-start-column="29" selection-end-line="63" selection-end-column="29" />
            </state>
          </provider>
        </entry>
      </file>
      <file pinned="false" current-in-tab="false">
        <entry file="file://$PROJECT_DIR$/services-gateway/pom.xml">
          <provider selected="true" editor-type-id="text-editor">
            <state relative-caret-position="2156">
              <caret line="98" column="29" selection-start-line="98" selection-start-column="29" selection-end-line="98" selection-end-column="29" />
            </state>
          </provider>
        </entry>
      </file>
      <file pinned="false" current-in-tab="false">
        <entry file="file://$PROJECT_DIR$/services-webflux/pom.xml">
          <provider selected="true" editor-type-id="text-editor">
            <state relative-caret-position="1254">
              <caret line="57" column="29" selection-start-line="57" selection-start-column="29" selection-end-line="57" selection-end-column="29" />
            </state>
          </provider>
        </entry>
      </file>
      <file pinned="false" current-in-tab="false">
        <entry file="file://$PROJECT_DIR$/services-webflux/src/main/java/pri/zxx/WebFluxApplication.java">
          <provider selected="true" editor-type-id="text-editor">
            <state relative-caret-position="154">
              <caret line="14" column="13" selection-start-line="14" selection-start-column="13" selection-end-line="14" selection-end-column="13" />
              <folding>
                <element signature="imports" expanded="true" />
              </folding>
            </state>
          </provider>
        </entry>
      </file>
      <file pinned="false" current-in-tab="false">
        <entry file="file://$PROJECT_DIR$/services-webflux/src/main/resources/application.yml">
          <provider selected="true" editor-type-id="text-editor">
            <state relative-caret-position="308">
              <caret line="14" column="24" selection-start-line="14" selection-start-column="24" selection-end-line="14" selection-end-column="24" />
            </state>
          </provider>
        </entry>
      </file>
    </leaf>
  </component>
  <component name="IdeDocumentHistory">
    <option name="CHANGED_PATHS">
      <list>
        <option value="$PROJECT_DIR$/services-gateway/src/main/java/pri/zxx/servicesgateway/swaggerconfig/DocumentationConfig.java" />
        <option value="$PROJECT_DIR$/services-gateway/src/main/resources/application.yml" />
        <option value="$PROJECT_DIR$/services-gateway/src/main/java/pri/zxx/servicesgateway/ServicesGatewayApplication.java" />
        <option value="$PROJECT_DIR$/services-gateway/src/main/java/pri/zxx/servicesgateway/swaggerconfig/SwaggerAutoConfiguration.java" />
        <option value="$PROJECT_DIR$/services-webflux/src/main/java/pri/zxx/controller/WebFluxController.java" />
        <option value="$PROJECT_DIR$/services-webflux/src/main/java/pri/zxx/services/WebFluxService.java" />
        <option value="$PROJECT_DIR$/services-webflux/src/main/resources/application.yml" />
        <option value="$PROJECT_DIR$/services-webflux/src/main/java/pri/zxx/WebFluxApplication.java" />
        <option value="$PROJECT_DIR$/services-zuul/pom.xml" />
        <option value="$PROJECT_DIR$/services-producer/pom.xml" />
        <option value="$PROJECT_DIR$/pom.xml" />
        <option value="$PROJECT_DIR$/services-admin/pom.xml" />
        <option value="$PROJECT_DIR$/services-gateway/pom.xml" />
        <option value="$PROJECT_DIR$/services-webflux/pom.xml" />
        <option value="$PROJECT_DIR$/zxx-commons/pom.xml" />
      </list>
    </option>
  </component>
  <component name="MavenProjectNavigator">
    <treeState>
      <expand>
        <path>
          <item name="" type="16c1761:MavenProjectsStructure$RootNode" />
          <item name="services-admin" type="9519ce18:MavenProjectsStructure$ProjectNode" />
        </path>
        <path>
          <item name="" type="16c1761:MavenProjectsStructure$RootNode" />
          <item name="zxx-commons" type="9519ce18:MavenProjectsStructure$ProjectNode" />
        </path>
        <path>
          <item name="" type="16c1761:MavenProjectsStructure$RootNode" />
          <item name="zxx-commons" type="9519ce18:MavenProjectsStructure$ProjectNode" />
          <item name="Lifecycle" type="58874e2:MavenProjectsStructure$LifecycleNode" />
        </path>
      </expand>
      <select />
    </treeState>
  </component>
  <component name="ProjectFrameBounds" extendedState="6">
    <option name="width" value="1920" />
    <option name="height" value="1050" />
  </component>
  <component name="ProjectView">
    <navigator proportions="" version="1">
      <hideEmptyPackages ProjectPane="false" />
      <foldersAlwaysOnTop value="true" />
    </navigator>
    <panes>
      <pane id="PackagesPane" />
      <pane id="Scope" />
      <pane id="ProjectPane">
        <subPane>
          <expand>
            <path>
              <item name="components-learn" type="b2602c69:ProjectViewProjectNode" />
              <item name="spring-cloud-components" type="462c0819:PsiDirectoryNode" />
            </path>
            <path>
              <item name="components-learn" type="b2602c69:ProjectViewProjectNode" />
              <item name="spring-cloud-components" type="462c0819:PsiDirectoryNode" />
              <item name="services-admin" type="462c0819:PsiDirectoryNode" />
            </path>
            <path>
              <item name="components-learn" type="b2602c69:ProjectViewProjectNode" />
              <item name="spring-cloud-components" type="462c0819:PsiDirectoryNode" />
              <item name="services-gateway" type="462c0819:PsiDirectoryNode" />
            </path>
            <path>
              <item name="components-learn" type="b2602c69:ProjectViewProjectNode" />
              <item name="spring-cloud-components" type="462c0819:PsiDirectoryNode" />
              <item name="services-producer" type="462c0819:PsiDirectoryNode" />
            </path>
            <path>
              <item name="components-learn" type="b2602c69:ProjectViewProjectNode" />
              <item name="spring-cloud-components" type="462c0819:PsiDirectoryNode" />
              <item name="services-zuul" type="462c0819:PsiDirectoryNode" />
            </path>
            <path>
              <item name="components-learn" type="b2602c69:ProjectViewProjectNode" />
              <item name="spring-cloud-components" type="462c0819:PsiDirectoryNode" />
              <item name="zxx-commons" type="462c0819:PsiDirectoryNode" />
            </path>
          </expand>
          <select />
        </subPane>
      </pane>
    </panes>
  </component>
  <component name="TimeTrackingManager">
    <option name="totallyTimeSpent" value="13181000" />
  </component>
  <component name="ToolWindowManager">
    <frame x="-8" y="-8" width="1936" height="1066" extended-state="6" />
    <editor active="true" />
    <layout>
      <window_info content_ui="combo" id="Project" order="0" visible="true" weight="0.27453083" />
      <window_info id="Structure" order="1" side_tool="true" weight="0.25" />
      <window_info id="Web" order="2" side_tool="true" />
      <window_info id="Favorites" order="3" side_tool="true" />
      <window_info anchor="bottom" id="Message" order="0" />
      <window_info anchor="bottom" id="Find" order="1" />
      <window_info anchor="bottom" id="Run" order="2" weight="0.47639486" />
      <window_info anchor="bottom" id="Debug" order="3" weight="0.4" />
      <window_info anchor="bottom" id="Cvs" order="4" weight="0.25" />
      <window_info anchor="bottom" id="Inspection" order="5" weight="0.4" />
      <window_info anchor="bottom" id="TODO" order="6" />
      <window_info anchor="bottom" id="Services" order="7" weight="0.41416308" />
      <window_info anchor="bottom" id="Version Control" order="8" weight="0.32939914" />
      <window_info anchor="bottom" id="Problems" order="9" />
      <window_info anchor="bottom" id="Spring" order="10" />
      <window_info anchor="bottom" id="Database Changes" order="11" />
      <window_info anchor="bottom" id="Terminal" order="12" />
      <window_info anchor="bottom" id="Event Log" order="13" side_tool="true" />
      <window_info anchor="bottom" id="Messages" order="14" weight="0.32939914" />
      <window_info anchor="bottom" id="Build" order="15" />
      <window_info anchor="bottom" id="Java Enterprise" order="16" />
      <window_info anchor="right" id="Commander" internal_type="SLIDING" order="0" type="SLIDING" weight="0.4" />
      <window_info anchor="right" id="Ant Build" order="1" weight="0.25" />
      <window_info anchor="right" content_ui="combo" id="Hierarchy" order="2" weight="0.25" />
      <window_info anchor="right" id="Maven" order="3" visible="true" weight="0.3152815" />
      <window_info anchor="right" id="Database" order="4" weight="0.3297587" />
      <window_info anchor="right" id="Ant" order="5" />
      <window_info anchor="right" id="Bean Validation" order="6" />
      <window_info anchor="right" id="JSON Utils" order="7" weight="0.3297587" />
      <window_info anchor="right" id="leetcode" order="8" side_tool="true" />
    </layout>
  </component>
  <component name="editorHistoryManager">
    <entry file="file://$PROJECT_DIR$/services-gateway/services-gateway.log">
      <provider selected="true" editor-type-id="text-editor" />
    </entry>
    <entry file="jar://D:/.m2/org/springframework/spring-webflux/5.2.2.RELEASE/spring-webflux-5.2.2.RELEASE.jar!/org/springframework/web/reactive/DispatcherHandler.class">
      <provider selected="true" editor-type-id="text-editor">
        <state relative-caret-position="144">
          <caret line="24" column="30" selection-start-line="24" selection-start-column="13" selection-end-line="24" selection-end-column="30" />
        </state>
      </provider>
    </entry>
    <entry file="jar://D:/.m2/org/springframework/cloud/spring-cloud-gateway-core/2.2.1.RELEASE/spring-cloud-gateway-core-2.2.1.RELEASE.jar!/org/springframework/cloud/gateway/config/GatewayAutoConfiguration.class">
      <provider selected="true" editor-type-id="text-editor">
        <state relative-caret-position="161">
          <caret line="226" column="23" selection-start-line="226" selection-start-column="23" selection-end-line="226" selection-end-column="23" />
        </state>
      </provider>
    </entry>
    <entry file="jar://D:/.m2/org/springframework/cloud/spring-cloud-gateway-core/2.2.1.RELEASE/spring-cloud-gateway-core-2.2.1.RELEASE.jar!/org/springframework/cloud/gateway/config/GatewayProperties.class">
      <provider selected="true" editor-type-id="text-editor">
        <state relative-caret-position="192">
          <caret line="22" column="30" selection-start-line="22" selection-start-column="13" selection-end-line="22" selection-end-column="30" />
        </state>
      </provider>
    </entry>
    <entry file="file://$PROJECT_DIR$/services-gateway/src/main/resources/application.yml">
      <provider selected="true" editor-type-id="text-editor">
        <state relative-caret-position="120">
          <caret line="5" column="16" selection-start-line="5" selection-start-column="16" selection-end-line="5" selection-end-column="16" />
        </state>
      </provider>
    </entry>
    <entry file="jar://D:/.m2/org/springframework/boot/spring-boot-autoconfigure/2.2.2.RELEASE/spring-boot-autoconfigure-2.2.2.RELEASE.jar!/org/springframework/boot/autoconfigure/condition/SpringBootCondition.class">
      <provider selected="true" editor-type-id="text-editor">
        <state relative-caret-position="168">
          <caret line="28" selection-start-line="28" selection-end-line="28" />
        </state>
      </provider>
    </entry>
    <entry file="file://$PROJECT_DIR$/services-gateway/src/main/java/pri/zxx/servicesgateway/swaggerconfig/SwaggerAutoConfiguration.java">
      <provider selected="true" editor-type-id="text-editor">
        <state relative-caret-position="600">
          <caret line="29" column="16" selection-start-line="29" selection-start-column="16" selection-end-line="29" selection-end-column="16" />
          <folding>
            <element signature="imports" expanded="true" />
          </folding>
        </state>
      </provider>
    </entry>
    <entry file="jar://D:/.m2/org/springframework/spring-core/5.2.2.RELEASE/spring-core-5.2.2.RELEASE.jar!/org/springframework/util/ReflectionUtils.class">
      <provider selected="true" editor-type-id="text-editor">
        <state relative-caret-position="6288">
          <caret line="276" selection-start-line="276" selection-end-line="276" />
        </state>
      </provider>
    </entry>
    <entry file="jar://D:/.m2/org/springframework/spring-beans/5.2.2.RELEASE/spring-beans-5.2.2.RELEASE.jar!/org/springframework/beans/factory/support/AbstractAutowireCapableBeanFactory.class">
      <provider selected="true" editor-type-id="text-editor">
        <state relative-caret-position="10248">
          <caret line="494" selection-start-line="494" selection-end-line="494" />
        </state>
      </provider>
    </entry>
    <entry file="file://$PROJECT_DIR$/services-gateway/src/main/java/pri/zxx/servicesgateway/ServicesGatewayApplication.java">
      <provider selected="true" editor-type-id="text-editor">
        <state relative-caret-position="216">
          <caret line="11" column="26" selection-start-line="11" selection-start-column="26" selection-end-line="11" selection-end-column="26" />
        </state>
      </provider>
    </entry>
    <entry file="file://$PROJECT_DIR$/services-gateway/src/main/java/pri/zxx/servicesgateway/swaggerconfig/properties/SwaggerProperties.java">
      <provider selected="true" editor-type-id="text-editor">
        <state relative-caret-position="168">
          <caret line="18" column="12" selection-start-line="18" selection-start-column="12" selection-end-line="18" selection-end-column="12" />
        </state>
      </provider>
    </entry>
    <entry file="file://$PROJECT_DIR$/services-gateway/src/main/java/pri/zxx/servicesgateway/swaggerconfig/DocumentationConfig.java">
      <provider selected="true" editor-type-id="text-editor">
        <state relative-caret-position="288">
          <caret line="21" column="11" selection-start-line="21" selection-start-column="11" selection-end-line="21" selection-end-column="11" />
          <folding>
            <element signature="imports" expanded="true" />
          </folding>
        </state>
      </provider>
    </entry>
    <entry file="file://$PROJECT_DIR$/services-admin/src/main/resources/application.yml">
      <provider selected="true" editor-type-id="text-editor">
        <state relative-caret-position="408">
          <caret line="17" column="16" selection-start-line="17" selection-start-column="16" selection-end-line="17" selection-end-column="16" />
        </state>
      </provider>
    </entry>
    <entry file="file://$PROJECT_DIR$/zxx-commons/src/main/java/com/configs/vo/ResultData.java">
      <provider selected="true" editor-type-id="text-editor">
        <state relative-caret-position="120">
          <caret line="9" column="13" selection-start-line="9" selection-start-column="13" selection-end-line="9" selection-end-column="13" />
        </state>
      </provider>
    </entry>
    <entry file="file://$PROJECT_DIR$/zxx-commons/src/main/java/com/configs/vo/ResultEnum.java">
      <provider selected="true" editor-type-id="text-editor">
        <state relative-caret-position="360">
          <caret line="19" selection-start-line="19" selection-end-line="19" />
        </state>
      </provider>
    </entry>
    <entry file="file://$PROJECT_DIR$/services-webflux/src/main/java/pri/zxx/controller/WebFluxController.java">
      <provider selected="true" editor-type-id="text-editor">
        <state relative-caret-position="120">
          <caret line="9" column="15" selection-start-line="9" selection-start-column="15" selection-end-line="9" selection-end-column="15" />
        </state>
      </provider>
    </entry>
    <entry file="file://$PROJECT_DIR$/services-webflux/src/main/java/pri/zxx/services/WebFluxService.java">
      <provider selected="true" editor-type-id="text-editor">
        <state relative-caret-position="110">
          <caret line="9" column="8" selection-start-line="9" selection-start-column="8" selection-end-line="9" selection-end-column="8" />
        </state>
      </provider>
    </entry>
    <entry file="file://$PROJECT_DIR$/zxx-commons/src/main/java/com/configs/datasourceConfig/CustomDataSourceAutoConfig.java">
      <provider selected="true" editor-type-id="text-editor">
        <state relative-caret-position="176">
          <caret line="24" column="39" selection-start-line="24" selection-start-column="13" selection-end-line="24" selection-end-column="39" />
        </state>
      </provider>
    </entry>
    <entry file="file://$PROJECT_DIR$/services-admin/src/main/java/pri/zxx/gateway/ServicesAdminApplication.java">
      <provider selected="true" editor-type-id="text-editor">
        <state relative-caret-position="308">
          <caret line="17" selection-start-line="17" selection-end-line="17" />
        </state>
      </provider>
    </entry>
    <entry file="file://$PROJECT_DIR$/dynamic-dataSource/src/main/resources/application.yml">
      <provider selected="true" editor-type-id="text-editor" />
    </entry>
    <entry file="file://$PROJECT_DIR$/dynamic-dataSource/src/main/java/pri/zxx/DynamicApplication.java">
      <provider selected="true" editor-type-id="text-editor">
        <state relative-caret-position="198">
          <caret line="16" column="13" selection-start-line="16" selection-start-column="13" selection-end-line="16" selection-end-column="13" />
        </state>
      </provider>
    </entry>
    <entry file="file://$PROJECT_DIR$/services-producer/src/main/java/pri/intercaptors/CustomInterceptor.java">
      <provider selected="true" editor-type-id="text-editor">
        <state relative-caret-position="440">
          <caret line="38" column="38" selection-start-line="38" selection-start-column="38" selection-end-line="38" selection-end-column="38" />
        </state>
      </provider>
    </entry>
    <entry file="file://$PROJECT_DIR$/services-producer/pom.xml">
      <provider selected="true" editor-type-id="text-editor">
        <state relative-caret-position="638">
          <caret line="29" column="25" selection-start-line="29" selection-start-column="16" selection-end-line="29" selection-end-column="25" />
        </state>
      </provider>
    </entry>
    <entry file="file://$PROJECT_DIR$/dynamic-dataSource/src/main/java/pri/zxx/properties/DruidProperties.java">
      <provider selected="true" editor-type-id="text-editor">
        <state relative-caret-position="242">
          <caret line="15" column="13" selection-start-line="15" selection-start-column="13" selection-end-line="15" selection-end-column="13" />
          <folding>
            <element signature="imports" expanded="true" />
          </folding>
        </state>
      </provider>
    </entry>
    <entry file="file://$PROJECT_DIR$/services-zuul/pom.xml">
      <provider selected="true" editor-type-id="text-editor">
        <state relative-caret-position="660">
          <caret line="30" column="25" selection-start-line="30" selection-start-column="16" selection-end-line="30" selection-end-column="25" />
        </state>
      </provider>
    </entry>
    <entry file="file://$PROJECT_DIR$/pom.xml">
      <provider selected="true" editor-type-id="text-editor">
        <state relative-caret-position="360">
          <caret line="107" column="29" selection-start-line="96" selection-start-column="3" selection-end-line="107" selection-end-column="29" />
        </state>
      </provider>
    </entry>
    <entry file="file://$PROJECT_DIR$/services-admin/pom.xml">
      <provider selected="true" editor-type-id="text-editor">
        <state relative-caret-position="1386">
          <caret line="63" column="29" selection-start-line="63" selection-start-column="29" selection-end-line="63" selection-end-column="29" />
        </state>
      </provider>
    </entry>
    <entry file="file://$PROJECT_DIR$/services-gateway/pom.xml">
      <provider selected="true" editor-type-id="text-editor">
        <state relative-caret-position="2156">
          <caret line="98" column="29" selection-start-line="98" selection-start-column="29" selection-end-line="98" selection-end-column="29" />
        </state>
      </provider>
    </entry>
    <entry file="file://$PROJECT_DIR$/services-webflux/pom.xml">
      <provider selected="true" editor-type-id="text-editor">
        <state relative-caret-position="1254">
          <caret line="57" column="29" selection-start-line="57" selection-start-column="29" selection-end-line="57" selection-end-column="29" />
        </state>
      </provider>
    </entry>
    <entry file="file://$PROJECT_DIR$/services-webflux/src/main/java/pri/zxx/WebFluxApplication.java">
      <provider selected="true" editor-type-id="text-editor">
        <state relative-caret-position="154">
          <caret line="14" column="13" selection-start-line="14" selection-start-column="13" selection-end-line="14" selection-end-column="13" />
          <folding>
            <element signature="imports" expanded="true" />
          </folding>
        </state>
      </provider>
    </entry>
    <entry file="file://$PROJECT_DIR$/services-webflux/src/main/resources/application.yml">
      <provider selected="true" editor-type-id="text-editor">
        <state relative-caret-position="308">
          <caret line="14" column="24" selection-start-line="14" selection-start-column="24" selection-end-line="14" selection-end-column="24" />
        </state>
      </provider>
    </entry>
    <entry file="file://$PROJECT_DIR$/dynamic-dataSource.log">
      <provider selected="true" editor-type-id="text-editor" />
    </entry>
    <entry file="file://$PROJECT_DIR$/zxx-commons/pom.xml">
      <provider selected="true" editor-type-id="text-editor">
        <state relative-caret-position="120">
          <caret line="8" column="34" selection-start-line="8" selection-start-column="34" selection-end-line="8" selection-end-column="34" />
        </state>
      </provider>
    </entry>
  </component>
</project>