<project version="4">
  <component name="FileEditorManager">
    <leaf>
      <file pinned="false" current-in-tab="false">
        <entry file="file://$PROJECT_DIR$/dynamic-dataSource/src/main/resources/application-redis.yml">
          <provider selected="true" editor-type-id="text-editor">
            <state relative-caret-position="220">
              <caret line="10" column="19" lean-forward="true" selection-start-line="10" selection-start-column="19" selection-end-line="10" selection-end-column="19" />
            </state>
          </provider>
        </entry>
      </file>
      <file pinned="false" current-in-tab="false">
        <entry file="file://$PROJECT_DIR$/dynamic-dataSource/src/main/java/pri/zxx/controller/ProducerController.java">
          <provider selected="true" editor-type-id="text-editor">
            <state relative-caret-position="474">
              <caret line="91" column="5" lean-forward="true" selection-start-line="91" selection-start-column="5" selection-end-line="91" selection-end-column="5" />
              <folding>
                <element signature="docComment;method#orderOne#0;class#ProducerController#0" expanded="true" />
              </folding>
            </state>
          </provider>
        </entry>
      </file>
      <file pinned="false" current-in-tab="false">
        <entry file="file://$PROJECT_DIR$/dynamic-dataSource/src/main/java/pri/zxx/service/ProductService.java">
          <provider selected="true" editor-type-id="text-editor">
            <state relative-caret-position="146">
              <caret line="22" column="23" lean-forward="true" selection-start-line="22" selection-start-column="23" selection-end-line="22" selection-end-column="23" />
              <folding>
                <element signature="imports" expanded="true" />
              </folding>
            </state>
          </provider>
        </entry>
      </file>
      <file pinned="false" current-in-tab="false">
        <entry file="file://$PROJECT_DIR$/dynamic-dataSource/src/main/java/pri/zxx/mapper/ProductMapper.java">
          <provider selected="true" editor-type-id="text-editor">
            <state relative-caret-position="168">
              <caret line="15" column="22" lean-forward="true" selection-start-line="15" selection-start-column="22" selection-end-line="15" selection-end-column="22" />
              <folding>
                <element signature="imports" expanded="true" />
              </folding>
            </state>
          </provider>
        </entry>
      </file>
      <file pinned="false" current-in-tab="false">
        <entry file="file://$PROJECT_DIR$/zxx-commons/src/main/java/com/configs/redisconfigs/JedisPoolConfig.java">
          <provider selected="true" editor-type-id="text-editor">
            <state relative-caret-position="132">
              <caret line="10" column="13" selection-start-line="10" selection-start-column="13" selection-end-line="10" selection-end-column="13" />
            </state>
          </provider>
        </entry>
      </file>
      <file pinned="false" current-in-tab="false">
        <entry file="file://$PROJECT_DIR$/zxx-commons/src/main/java/com/configs/redisconfigs/JedisConfigProperties.java">
          <provider selected="true" editor-type-id="text-editor">
            <state relative-caret-position="18">
              <caret line="11" column="13" selection-start-line="11" selection-start-column="13" selection-end-line="11" selection-end-column="13" />
            </state>
          </provider>
        </entry>
      </file>
      <file pinned="false" current-in-tab="true">
        <entry file="file://$PROJECT_DIR$/zxx-commons/src/main/java/com/configs/redisconfigs/RedisAutoConfig.java">
          <provider selected="true" editor-type-id="text-editor">
            <state relative-caret-position="46">
              <caret line="60" column="31" selection-start-line="60" selection-start-column="17" selection-end-line="60" selection-end-column="31" />
            </state>
          </provider>
        </entry>
      </file>
    </leaf>
  </component>
  <component name="FindInProjectRecents">
    <findStrings>
      <find>com.TProduct</find>
      <find>druid</find>
      <find>Hikari</find>
      <find>spring.datasource.hikari</find>
      <find>customDuridDataSourceProperties</find>
      <find>spring.datasource.</find>
      <find>重置数据源为</find>
      <find>log.warn</find>
    </findStrings>
    <replaceStrings>
      <replace />
      <replace>pri.vo.TProduct</replace>
      <replace>this</replace>
    </replaceStrings>
  </component>
  <component name="IdeDocumentHistory">
    <option name="CHANGED_PATHS">
      <list>
        <option value="$PROJECT_DIR$/services-producer/pom.xml" />
        <option value="$PROJECT_DIR$/zxx-commons/src/main/java/com/configs/mongodb/MongoDbAutoConfig.java" />
        <option value="$PROJECT_DIR$/services-producer/src/main/java/pri/service/ProductService.java" />
        <option value="$PROJECT_DIR$/services-producer/src/main/java/pri/ProducerApplication.java" />
        <option value="$PROJECT_DIR$/services-producer/src/main/java/pri/intercapter/CustomCepeter.java" />
        <option value="$PROJECT_DIR$/services-producer/src/main/java/pri/intercapter/CustomInterceptor.java" />
        <option value="$PROJECT_DIR$/services-producer/src/main/java/pri/intercapter/WebConfig.java" />
        <option value="$PROJECT_DIR$/services-producer/src/main/java/pri/intercaptors/WebConfig.java" />
        <option value="$PROJECT_DIR$/services-producer/src/main/resources/application-redis.yml" />
        <option value="$PROJECT_DIR$/zxx-commons/src/main/java/com/configs/conmonsentity/ResultUtil.java" />
        <option value="$PROJECT_DIR$/zxx-commons/src/main/java/com/configs/conmonsentity/ResultCode.java" />
        <option value="$PROJECT_DIR$/zxx-commons/src/main/java/com/configs/conmonsentity/ResultData.java" />
        <option value="$PROJECT_DIR$/services-producer/src/main/java/pri/intercaptors/CustomInterceptor.java" />
        <option value="$PROJECT_DIR$/dynamic-dataSource/src/main/java/pri/zxx/services/Service.java" />
        <option value="$PROJECT_DIR$/dynamic-dataSource/src/main/java/pri/zxx/services/TestService.java" />
        <option value="$PROJECT_DIR$/dynamic-dataSource/src/main/java/pri/zxx/config/DataSourcesProperties.java" />
        <option value="$PROJECT_DIR$/dynamic-dataSource/src/main/java/pri/zxx/config/DataSourceProperties.java" />
        <option value="$PROJECT_DIR$/dynamic-dataSource/src/main/java/pri/zxx/configproperties/DataSourceBaseConfig.java" />
        <option value="$PROJECT_DIR$/dynamic-dataSource/src/main/java/pri/zxx/configproperties/DruidProperties.java" />
        <option value="$PROJECT_DIR$/dynamic-dataSource/src/main/java/pri/zxx/config/DataSourcesList.java" />
        <option value="$PROJECT_DIR$/dynamic-dataSource/src/main/java/pri/zxx/config/DruidDataSourceConfig.java" />
        <option value="$PROJECT_DIR$/dynamic-dataSource/src/main/java/pri/zxx/config/DruidDataSourceProperties.java" />
        <option value="$PROJECT_DIR$/dynamic-dataSource/pom.xml" />
        <option value="$PROJECT_DIR$/dynamic-dataSource/src/main/resources/mappers/ProductMapper.xml" />
        <option value="$PROJECT_DIR$/dynamic-dataSource/src/main/java/pri/zxx/service/ProductService.java" />
        <option value="$PROJECT_DIR$/dynamic-dataSource/src/main/java/pri/zxx/config/DynamicDataSourceContextHolder.java" />
        <option value="$PROJECT_DIR$/dynamic-dataSource/src/main/java/pri/zxx/config/DynamicDataSource.java" />
        <option value="$PROJECT_DIR$/dynamic-dataSource/src/main/java/pri/zxx/annotion/PickDataSource.java" />
        <option value="$PROJECT_DIR$/dynamic-dataSource/src/main/java/pri/zxx/config/DruidProperties.java" />
        <option value="$PROJECT_DIR$/dynamic-dataSource/src/main/resources/META-INF/additional-spring-configuration-metadata.json" />
        <option value="$PROJECT_DIR$/dynamic-dataSource/src/main/resources/application-jdbcs.yml" />
        <option value="$PROJECT_DIR$/dynamic-dataSource/src/main/java/pri/zxx/properties/DruidProperties.java" />
        <option value="$PROJECT_DIR$/dynamic-dataSource/src/main/java/pri/zxx/properties/HikariProperties.java" />
        <option value="$PROJECT_DIR$/dynamic-dataSource/src/main/resources/application-druids.yml" />
        <option value="$PROJECT_DIR$/dynamic-dataSource/src/main/java/pri/zxx/aspects/DynamicDataSourceAspect.java" />
        <option value="$PROJECT_DIR$/dynamic-dataSource/src/main/resources/application-hikaris.yml" />
        <option value="$PROJECT_DIR$/services-zuul/pom.xml" />
        <option value="$PROJECT_DIR$/services-zuul/src/main/java/pri/zxx/ZuulApplication.java" />
        <option value="$PROJECT_DIR$/services-producer/src/main/resources/application.yml" />
        <option value="$PROJECT_DIR$/services-consumer/src/main/resources/application.yml" />
        <option value="$PROJECT_DIR$/services-zuul/src/main/resources/application.yml" />
        <option value="$PROJECT_DIR$/services-zuul/src/main/resources/banner.txt" />
        <option value="$PROJECT_DIR$/dynamic-dataSource/src/main/java/pri/zxx/config/DataSourceConfig.java" />
        <option value="$PROJECT_DIR$/dynamic-dataSource/src/main/java/pri/zxx/DynamicApplication.java" />
        <option value="$PROJECT_DIR$/dynamic-dataSource/src/main/resources/application.yml" />
        <option value="$PROJECT_DIR$/dynamic-dataSource/src/main/resources/application-test.yml" />
        <option value="$PROJECT_DIR$/zxx-commons/src/main/java/com/configs/redisconfigs/RedisAutoConfig.java" />
        <option value="$PROJECT_DIR$/zxx-commons/src/main/resources/application-redis.yml" />
        <option value="$PROJECT_DIR$/dynamic-dataSource/src/main/resources/application-redis.yml" />
        <option value="$PROJECT_DIR$/dynamic-dataSource/src/main/java/pri/zxx/mapper/ProductMapper.java" />
        <option value="$PROJECT_DIR$/dynamic-dataSource/src/main/java/pri/zxx/controller/ProducerController.java" />
      </list>
    </option>
  </component>
  <component name="MavenProjectNavigator">
    <treeState>
      <expand>
        <path>
          <item name="" type="16c1761:MavenProjectsStructure$RootNode" />
          <item name="zxx-commons" type="9519ce18:MavenProjectsStructure$ProjectNode" />
        </path>
        <path>
          <item name="" type="16c1761:MavenProjectsStructure$RootNode" />
          <item name="zxx-commons" type="9519ce18:MavenProjectsStructure$ProjectNode" />
          <item name="Lifecycle" type="58874e2:MavenProjectsStructure$LifecycleNode" />
        </path>
      </expand>
      <select />
    </treeState>
  </component>
  <component name="ProjectFrameBounds" extendedState="6">
    <option name="x" value="1912" />
    <option name="y" value="-8" />
    <option name="width" value="1936" />
    <option name="height" value="1066" />
  </component>
  <component name="ProjectView">
    <navigator proportions="" version="1">
      <foldersAlwaysOnTop value="true" />
    </navigator>
    <panes>
      <pane id="Scope" />
      <pane id="ProjectPane">
        <subPane>
          <expand>
            <path>
              <item name="components-learn" type="b2602c69:ProjectViewProjectNode" />
              <item name="components-learn" type="462c0819:PsiDirectoryNode" />
            </path>
            <path>
              <item name="components-learn" type="b2602c69:ProjectViewProjectNode" />
              <item name="components-learn" type="462c0819:PsiDirectoryNode" />
              <item name="dynamic-dataSource" type="462c0819:PsiDirectoryNode" />
            </path>
            <path>
              <item name="components-learn" type="b2602c69:ProjectViewProjectNode" />
              <item name="components-learn" type="462c0819:PsiDirectoryNode" />
              <item name="dynamic-dataSource" type="462c0819:PsiDirectoryNode" />
              <item name="src" type="462c0819:PsiDirectoryNode" />
            </path>
            <path>
              <item name="components-learn" type="b2602c69:ProjectViewProjectNode" />
              <item name="components-learn" type="462c0819:PsiDirectoryNode" />
              <item name="dynamic-dataSource" type="462c0819:PsiDirectoryNode" />
              <item name="src" type="462c0819:PsiDirectoryNode" />
              <item name="main" type="462c0819:PsiDirectoryNode" />
            </path>
            <path>
              <item name="components-learn" type="b2602c69:ProjectViewProjectNode" />
              <item name="components-learn" type="462c0819:PsiDirectoryNode" />
              <item name="dynamic-dataSource" type="462c0819:PsiDirectoryNode" />
              <item name="src" type="462c0819:PsiDirectoryNode" />
              <item name="main" type="462c0819:PsiDirectoryNode" />
              <item name="java" type="462c0819:PsiDirectoryNode" />
            </path>
            <path>
              <item name="components-learn" type="b2602c69:ProjectViewProjectNode" />
              <item name="components-learn" type="462c0819:PsiDirectoryNode" />
              <item name="dynamic-dataSource" type="462c0819:PsiDirectoryNode" />
              <item name="src" type="462c0819:PsiDirectoryNode" />
              <item name="main" type="462c0819:PsiDirectoryNode" />
              <item name="java" type="462c0819:PsiDirectoryNode" />
              <item name="zxx" type="462c0819:PsiDirectoryNode" />
            </path>
            <path>
              <item name="components-learn" type="b2602c69:ProjectViewProjectNode" />
              <item name="components-learn" type="462c0819:PsiDirectoryNode" />
              <item name="dynamic-dataSource" type="462c0819:PsiDirectoryNode" />
              <item name="src" type="462c0819:PsiDirectoryNode" />
              <item name="main" type="462c0819:PsiDirectoryNode" />
              <item name="java" type="462c0819:PsiDirectoryNode" />
              <item name="zxx" type="462c0819:PsiDirectoryNode" />
              <item name="controller" type="462c0819:PsiDirectoryNode" />
            </path>
            <path>
              <item name="components-learn" type="b2602c69:ProjectViewProjectNode" />
              <item name="components-learn" type="462c0819:PsiDirectoryNode" />
              <item name="dynamic-dataSource" type="462c0819:PsiDirectoryNode" />
              <item name="src" type="462c0819:PsiDirectoryNode" />
              <item name="main" type="462c0819:PsiDirectoryNode" />
              <item name="java" type="462c0819:PsiDirectoryNode" />
              <item name="zxx" type="462c0819:PsiDirectoryNode" />
              <item name="mapper" type="462c0819:PsiDirectoryNode" />
            </path>
            <path>
              <item name="components-learn" type="b2602c69:ProjectViewProjectNode" />
              <item name="components-learn" type="462c0819:PsiDirectoryNode" />
              <item name="dynamic-dataSource" type="462c0819:PsiDirectoryNode" />
              <item name="src" type="462c0819:PsiDirectoryNode" />
              <item name="main" type="462c0819:PsiDirectoryNode" />
              <item name="java" type="462c0819:PsiDirectoryNode" />
              <item name="zxx" type="462c0819:PsiDirectoryNode" />
              <item name="properties" type="462c0819:PsiDirectoryNode" />
            </path>
            <path>
              <item name="components-learn" type="b2602c69:ProjectViewProjectNode" />
              <item name="components-learn" type="462c0819:PsiDirectoryNode" />
              <item name="dynamic-dataSource" type="462c0819:PsiDirectoryNode" />
              <item name="src" type="462c0819:PsiDirectoryNode" />
              <item name="main" type="462c0819:PsiDirectoryNode" />
              <item name="java" type="462c0819:PsiDirectoryNode" />
              <item name="zxx" type="462c0819:PsiDirectoryNode" />
              <item name="service" type="462c0819:PsiDirectoryNode" />
            </path>
            <path>
              <item name="components-learn" type="b2602c69:ProjectViewProjectNode" />
              <item name="components-learn" type="462c0819:PsiDirectoryNode" />
              <item name="dynamic-dataSource" type="462c0819:PsiDirectoryNode" />
              <item name="src" type="462c0819:PsiDirectoryNode" />
              <item name="main" type="462c0819:PsiDirectoryNode" />
              <item name="resources" type="462c0819:PsiDirectoryNode" />
            </path>
            <path>
              <item name="components-learn" type="b2602c69:ProjectViewProjectNode" />
              <item name="components-learn" type="462c0819:PsiDirectoryNode" />
              <item name="zxx-commons" type="462c0819:PsiDirectoryNode" />
            </path>
            <path>
              <item name="components-learn" type="b2602c69:ProjectViewProjectNode" />
              <item name="components-learn" type="462c0819:PsiDirectoryNode" />
              <item name="zxx-commons" type="462c0819:PsiDirectoryNode" />
              <item name="src" type="462c0819:PsiDirectoryNode" />
            </path>
            <path>
              <item name="components-learn" type="b2602c69:ProjectViewProjectNode" />
              <item name="components-learn" type="462c0819:PsiDirectoryNode" />
              <item name="zxx-commons" type="462c0819:PsiDirectoryNode" />
              <item name="src" type="462c0819:PsiDirectoryNode" />
              <item name="main" type="462c0819:PsiDirectoryNode" />
            </path>
            <path>
              <item name="components-learn" type="b2602c69:ProjectViewProjectNode" />
              <item name="components-learn" type="462c0819:PsiDirectoryNode" />
              <item name="zxx-commons" type="462c0819:PsiDirectoryNode" />
              <item name="src" type="462c0819:PsiDirectoryNode" />
              <item name="main" type="462c0819:PsiDirectoryNode" />
              <item name="java" type="462c0819:PsiDirectoryNode" />
            </path>
            <path>
              <item name="components-learn" type="b2602c69:ProjectViewProjectNode" />
              <item name="components-learn" type="462c0819:PsiDirectoryNode" />
              <item name="zxx-commons" type="462c0819:PsiDirectoryNode" />
              <item name="src" type="462c0819:PsiDirectoryNode" />
              <item name="main" type="462c0819:PsiDirectoryNode" />
              <item name="java" type="462c0819:PsiDirectoryNode" />
              <item name="configs" type="462c0819:PsiDirectoryNode" />
            </path>
            <path>
              <item name="components-learn" type="b2602c69:ProjectViewProjectNode" />
              <item name="components-learn" type="462c0819:PsiDirectoryNode" />
              <item name="zxx-commons" type="462c0819:PsiDirectoryNode" />
              <item name="src" type="462c0819:PsiDirectoryNode" />
              <item name="main" type="462c0819:PsiDirectoryNode" />
              <item name="java" type="462c0819:PsiDirectoryNode" />
              <item name="configs" type="462c0819:PsiDirectoryNode" />
              <item name="redisconfigs" type="462c0819:PsiDirectoryNode" />
            </path>
            <path>
              <item name="components-learn" type="b2602c69:ProjectViewProjectNode" />
              <item name="components-learn" type="462c0819:PsiDirectoryNode" />
              <item name="zxx-commons" type="462c0819:PsiDirectoryNode" />
              <item name="src" type="462c0819:PsiDirectoryNode" />
              <item name="main" type="462c0819:PsiDirectoryNode" />
              <item name="resources" type="462c0819:PsiDirectoryNode" />
            </path>
            <path>
              <item name="components-learn" type="b2602c69:ProjectViewProjectNode" />
              <item name="External Libraries" type="cb654da1:ExternalLibrariesNode" />
            </path>
            <path>
              <item name="components-learn" type="b2602c69:ProjectViewProjectNode" />
              <item name="External Libraries" type="cb654da1:ExternalLibrariesNode" />
              <item name="Maven: org.springframework.boot:spring-boot-autoconfigure:2.2.2.RELEASE" type="70bed36:NamedLibraryElementNode" />
            </path>
            <path>
              <item name="components-learn" type="b2602c69:ProjectViewProjectNode" />
              <item name="External Libraries" type="cb654da1:ExternalLibrariesNode" />
              <item name="Maven: org.springframework.boot:spring-boot-autoconfigure:2.2.2.RELEASE" type="70bed36:NamedLibraryElementNode" />
              <item name="spring-boot-autoconfigure-2.2.2.RELEASE.jar" type="462c0819:PsiDirectoryNode" />
            </path>
            <path>
              <item name="components-learn" type="b2602c69:ProjectViewProjectNode" />
              <item name="External Libraries" type="cb654da1:ExternalLibrariesNode" />
              <item name="Maven: org.springframework.boot:spring-boot-autoconfigure:2.2.2.RELEASE" type="70bed36:NamedLibraryElementNode" />
              <item name="spring-boot-autoconfigure-2.2.2.RELEASE.jar" type="462c0819:PsiDirectoryNode" />
              <item name="autoconfigure" type="462c0819:PsiDirectoryNode" />
            </path>
            <path>
              <item name="components-learn" type="b2602c69:ProjectViewProjectNode" />
              <item name="External Libraries" type="cb654da1:ExternalLibrariesNode" />
              <item name="Maven: org.springframework.boot:spring-boot-autoconfigure:2.2.2.RELEASE" type="70bed36:NamedLibraryElementNode" />
              <item name="spring-boot-autoconfigure-2.2.2.RELEASE.jar" type="462c0819:PsiDirectoryNode" />
              <item name="autoconfigure" type="462c0819:PsiDirectoryNode" />
              <item name="cache" type="462c0819:PsiDirectoryNode" />
            </path>
          </expand>
          <select />
        </subPane>
      </pane>
      <pane id="PackagesPane" />
    </panes>
  </component>
  <component name="TimeTrackingManager">
    <option name="totallyTimeSpent" value="70020000" />
  </component>
  <component name="TodoView">
    <todo-panel id="selected-file">
      <is-autoscroll-to-source value="true" />
    </todo-panel>
    <todo-panel id="all">
      <are-packages-shown value="true" />
      <is-autoscroll-to-source value="true" />
    </todo-panel>
  </component>
  <component name="ToolWindowManager">
    <frame x="1912" y="-8" width="1936" height="1066" extended-state="6" />
    <layout>
      <window_info content_ui="combo" id="Project" order="0" visible="true" weight="0.22144772" />
      <window_info id="Structure" order="1" side_tool="true" weight="0.25" />
      <window_info id="Favorites" order="2" side_tool="true" />
      <window_info id="Web" order="3" side_tool="true" />
      <window_info anchor="bottom" id="Message" order="0" />
      <window_info anchor="bottom" id="Find" order="1" weight="0.32939914" />
      <window_info anchor="bottom" id="Run" order="2" weight="0.35193133" />
      <window_info anchor="bottom" id="Debug" order="3" weight="0.19527897" />
      <window_info anchor="bottom" id="Cvs" order="4" weight="0.25" />
      <window_info anchor="bottom" id="Inspection" order="5" weight="0.4" />
      <window_info anchor="bottom" id="TODO" order="6" weight="0.32939914" />
      <window_info anchor="bottom" id="Build" order="7" weight="0.32939914" />
      <window_info anchor="bottom" id="Java Enterprise" order="8" weight="0.32939914" />
      <window_info anchor="bottom" id="Messages" order="9" weight="0.32939914" />
      <window_info anchor="bottom" id="Spring" order="10" weight="0.32939914" />
      <window_info active="true" anchor="bottom" id="Services" order="11" visible="true" weight="0.7017167" />
      <window_info anchor="bottom" id="Terminal" order="12" weight="0.32939914" />
      <window_info anchor="bottom" id="Event Log" order="13" side_tool="true" />
      <window_info anchor="bottom" id="Problems" order="14" weight="0.32939914" />
      <window_info anchor="bottom" id="Database Changes" order="15" weight="0.32939914" />
      <window_info anchor="bottom" id="Version Control" order="16" weight="0.32939914" />
      <window_info anchor="right" id="Commander" internal_type="SLIDING" order="0" type="SLIDING" weight="0.4" />
      <window_info anchor="right" id="Ant Build" order="1" weight="0.25" />
      <window_info anchor="right" content_ui="combo" id="Hierarchy" order="2" weight="0.25" />
      <window_info anchor="right" id="Maven" order="3" visible="true" weight="0.14530832" />
      <window_info anchor="right" id="JSON Utils" order="4" />
      <window_info anchor="right" id="Key Promoter X" order="5" />
      <window_info anchor="right" id="Ant" order="6" weight="0.18230563" />
      <window_info anchor="right" id="Database" order="7" weight="0.19142091" />
      <window_info anchor="right" id="Bean Validation" order="8" weight="0.3297587" />
    </layout>
  </component>
  <component name="antWorkspaceConfiguration">
    <option name="IS_AUTOSCROLL_TO_SOURCE" value="false" />
    <option name="FILTER_TARGETS" value="false" />
  </component>
  <component name="debuggerHistoryManager">
    <expressions id="evaluateExpression">
      <expression>
        <expression-string>datasource.setDriverClassName(customDuridDataSourceProperties.getDriverClassName())</expression-string>
        <language-id>JAVA</language-id>
        <evaluation-mode>EXPRESSION</evaluation-mode>
      </expression>
    </expressions>
  </component>
  <component name="editorHistoryManager">
    <entry file="file://$PROJECT_DIR$/dynamic-dataSource/src/main/java/pri/zxx/properties/DruidProperties.java">
      <provider selected="true" editor-type-id="text-editor">
        <state relative-caret-position="160">
          <caret line="155" column="31" selection-start-line="155" selection-start-column="31" selection-end-line="155" selection-end-column="31" />
          <folding>
            <element signature="imports" expanded="true" />
            <element signature="docComment;class#DruidProperties#0" expanded="true" />
          </folding>
        </state>
      </provider>
    </entry>
    <entry file="jar://D:/.m2/org/springframework/spring-core/5.2.2.RELEASE/spring-core-5.2.2.RELEASE.jar!/org/springframework/cglib/proxy/MethodProxy.class">
      <provider selected="true" editor-type-id="text-editor">
        <state relative-caret-position="160">
          <caret line="120" selection-start-line="120" selection-end-line="120" />
        </state>
      </provider>
    </entry>
    <entry file="file://$PROJECT_DIR$/dynamic-dataSource/src/main/java/pri/zxx/properties/HikariProperties.java">
      <provider selected="true" editor-type-id="text-editor">
        <state relative-caret-position="208">
          <caret line="95" lean-forward="true" selection-start-line="95" selection-end-line="95" />
          <folding>
            <element signature="docComment;class#HikariProperties#0" expanded="true" />
          </folding>
        </state>
      </provider>
    </entry>
    <entry file="file://$PROJECT_DIR$/dynamic-dataSource/src/main/resources/mappers/ProductMapper.xml">
      <provider selected="true" editor-type-id="text-editor">
        <state relative-caret-position="253">
          <caret line="79" column="4" selection-start-line="79" selection-start-column="4" selection-end-line="79" selection-end-column="4" />
        </state>
      </provider>
    </entry>
    <entry file="file://$PROJECT_DIR$/services-zuul/src/main/java/pri/zxx/ZuulApplication.java">
      <provider selected="true" editor-type-id="text-editor">
        <state relative-caret-position="198">
          <caret line="13" column="66" selection-start-line="13" selection-start-column="66" selection-end-line="13" selection-end-column="66" />
          <folding>
            <element signature="imports" expanded="true" />
          </folding>
        </state>
      </provider>
    </entry>
    <entry file="file://$PROJECT_DIR$/services-zuul/pom.xml">
      <provider selected="true" editor-type-id="text-editor">
        <state relative-caret-position="242">
          <caret line="11" selection-start-line="11" selection-end-line="11" />
        </state>
      </provider>
    </entry>
    <entry file="file://$PROJECT_DIR$/admin-oo.log" />
    <entry file="file://$PROJECT_DIR$/services-producer/pom.xml">
      <provider selected="true" editor-type-id="text-editor">
        <state relative-caret-position="258">
          <caret line="17" column="31" selection-start-line="17" selection-start-column="31" selection-end-line="17" selection-end-column="31" />
        </state>
      </provider>
    </entry>
    <entry file="jar://D:/.m2/org/springframework/cloud/spring-cloud-netflix-zuul/2.2.0.RELEASE/spring-cloud-netflix-zuul-2.2.0.RELEASE.jar!/org/springframework/cloud/netflix/zuul/filters/ZuulProperties.class">
      <provider selected="true" editor-type-id="text-editor">
        <state relative-caret-position="180">
          <caret line="139" column="16" selection-start-line="139" selection-start-column="16" selection-end-line="139" selection-end-column="16" />
        </state>
      </provider>
    </entry>
    <entry file="file://$PROJECT_DIR$/services-admin/pom.xml">
      <provider selected="true" editor-type-id="text-editor">
        <state relative-caret-position="-890" />
      </provider>
    </entry>
    <entry file="file://$PROJECT_DIR$/services-consumer/src/main/resources/application.yml">
      <provider selected="true" editor-type-id="text-editor">
        <state relative-caret-position="528">
          <caret line="24" column="20" selection-start-line="24" selection-start-column="20" selection-end-line="24" selection-end-column="20" />
        </state>
      </provider>
    </entry>
    <entry file="file://$PROJECT_DIR$/services-consumer/pom.xml">
      <provider selected="true" editor-type-id="text-editor">
        <state relative-caret-position="290">
          <caret line="17" column="25" lean-forward="true" selection-start-line="17" selection-start-column="25" selection-end-line="17" selection-end-column="25" />
        </state>
      </provider>
    </entry>
    <entry file="file://$PROJECT_DIR$/services-consumer/src/main/java/pri/controller/ConsumerController.java">
      <provider selected="true" editor-type-id="text-editor">
        <state relative-caret-position="159">
          <caret line="17" column="19" lean-forward="true" selection-start-line="17" selection-start-column="19" selection-end-line="17" selection-end-column="19" />
        </state>
      </provider>
    </entry>
    <entry file="file://$PROJECT_DIR$/services-consumer/src/main/java/pri/ConsumerApplication.java">
      <provider selected="true" editor-type-id="text-editor">
        <state relative-caret-position="154">
          <caret line="14" column="13" selection-start-line="14" selection-start-column="13" selection-end-line="14" selection-end-column="13" />
        </state>
      </provider>
    </entry>
    <entry file="file://$PROJECT_DIR$/services-producer/src/main/resources/application.yml">
      <provider selected="true" editor-type-id="text-editor">
        <state relative-caret-position="44">
          <caret line="2" column="18" selection-start-line="2" selection-start-column="10" selection-end-line="2" selection-end-column="18" />
        </state>
      </provider>
    </entry>
    <entry file="file://$PROJECT_DIR$/services-zuul/src/main/resources/application.yml">
      <provider selected="true" editor-type-id="text-editor">
        <state relative-caret-position="400">
          <caret line="20" column="23" lean-forward="true" selection-start-line="20" selection-start-column="23" selection-end-line="20" selection-end-column="23" />
        </state>
      </provider>
    </entry>
    <entry file="file://$PROJECT_DIR$/services-zuul/src/main/resources/banner.txt">
      <provider selected="true" editor-type-id="text-editor">
        <state relative-caret-position="88">
          <caret line="4" column="78" selection-start-line="4" selection-start-column="78" selection-end-line="4" selection-end-column="78" />
        </state>
      </provider>
    </entry>
    <entry file="file://$PROJECT_DIR$/services-zuul.log" />
    <entry file="file://$PROJECT_DIR$/services-admin/src/main/java/pri/zxx/servicesadmin/ServicesAdminApplication.java">
      <provider selected="true" editor-type-id="text-editor">
        <state relative-caret-position="154">
          <caret line="10" column="13" selection-start-line="10" selection-start-column="13" selection-end-line="10" selection-end-column="13" />
        </state>
      </provider>
    </entry>
    <entry file="file://$PROJECT_DIR$/pom.xml">
      <provider selected="true" editor-type-id="text-editor">
        <state relative-caret-position="-6">
          <caret line="15" column="38" selection-start-line="15" selection-start-column="38" selection-end-line="15" selection-end-column="38" />
        </state>
      </provider>
    </entry>
    <entry file="file://$PROJECT_DIR$/services-admin/src/main/resources/application.yml">
      <provider selected="true" editor-type-id="text-editor">
        <state relative-caret-position="198">
          <caret line="9" column="7" selection-start-line="9" selection-start-column="7" selection-end-line="9" selection-end-column="7" />
        </state>
      </provider>
    </entry>
    <entry file="jar://D:/.m2/org/springframework/spring-jdbc/5.2.2.RELEASE/spring-jdbc-5.2.2.RELEASE.jar!/org/springframework/jdbc/datasource/lookup/AbstractRoutingDataSource.class">
      <provider selected="true" editor-type-id="text-editor">
        <state relative-caret-position="280">
          <caret line="32" column="36" selection-start-line="32" selection-start-column="16" selection-end-line="32" selection-end-column="36" />
        </state>
      </provider>
    </entry>
    <entry file="jar://D:/.m2/org/springframework/spring-jdbc/5.2.2.RELEASE/spring-jdbc-5.2.2.RELEASE.jar!/org/springframework/jdbc/datasource/AbstractDataSource.class">
      <provider selected="true" editor-type-id="text-editor">
        <state relative-caret-position="132">
          <caret line="14" column="22" selection-start-line="14" selection-start-column="22" selection-end-line="14" selection-end-column="22" />
        </state>
      </provider>
    </entry>
    <entry file="file://$PROJECT_DIR$/dynamic-dataSource/src/main/java/pri/zxx/aspects/DynamicDataSourceAspect.java">
      <provider selected="true" editor-type-id="text-editor">
        <state relative-caret-position="-5">
          <caret line="46" column="20" selection-start-line="46" selection-start-column="20" selection-end-line="46" selection-end-column="20" />
        </state>
      </provider>
    </entry>
    <entry file="file://$PROJECT_DIR$/dynamic-dataSource/src/main/java/pri/zxx/config/DynamicDataSourceContextHolder.java">
      <provider selected="true" editor-type-id="text-editor">
        <state relative-caret-position="38">
          <caret line="19" column="9" selection-start-line="19" selection-start-column="9" selection-end-line="19" selection-end-column="9" />
          <folding>
            <element signature="imports" expanded="true" />
            <element signature="docComment;class#DynamicDataSourceContextHolder#0" expanded="true" />
            <element signature="e#282#479#0" expanded="true" />
            <element signature="docComment;field#dataSourceKeys#0;class#DynamicDataSourceContextHolder#0" expanded="true" />
            <element signature="docComment;method#getDataSourceKey#0;class#DynamicDataSourceContextHolder#0" expanded="true" />
            <element signature="docComment;method#setDataSourceKey#0;class#DynamicDataSourceContextHolder#0" expanded="true" />
            <element signature="docComment;method#clearDataSourceKey#0;class#DynamicDataSourceContextHolder#0" expanded="true" />
            <element signature="docComment;method#containDataSourceKey#0;class#DynamicDataSourceContextHolder#0" expanded="true" />
            <element signature="docComment;method#addDataSourceKeys#0;class#DynamicDataSourceContextHolder#0" expanded="true" />
          </folding>
        </state>
      </provider>
    </entry>
    <entry file="file://$PROJECT_DIR$/dynamic-dataSource/src/main/java/pri/zxx/config/DynamicDataSource.java">
      <provider selected="true" editor-type-id="text-editor">
        <state relative-caret-position="13">
          <caret line="11" column="13" selection-start-line="11" selection-start-column="13" selection-end-line="11" selection-end-column="13" />
          <folding>
            <element signature="imports" expanded="true" />
            <element signature="docComment;class#DynamicDataSource#0" expanded="true" />
            <element signature="docComment;method#setDataSources#0;class#DynamicDataSource#0" expanded="true" />
          </folding>
        </state>
      </provider>
    </entry>
    <entry file="file://$PROJECT_DIR$/dynamic-dataSource/src/main/java/pri/zxx/DynamicApplication.java">
      <provider selected="true" editor-type-id="text-editor">
        <state relative-caret-position="330">
          <caret line="22" selection-start-line="22" selection-end-line="22" />
        </state>
      </provider>
    </entry>
    <entry file="file://$PROJECT_DIR$/dynamic-dataSource/src/main/resources/application.yml">
      <provider selected="true" editor-type-id="text-editor">
        <state relative-caret-position="88">
          <caret line="4" column="13" lean-forward="true" selection-start-line="4" selection-start-column="13" selection-end-line="4" selection-end-column="13" />
        </state>
      </provider>
    </entry>
    <entry file="file://$PROJECT_DIR$/dynamic-dataSource/src/main/java/pri/zxx/config/DataSourceConfig.java">
      <provider selected="true" editor-type-id="text-editor">
        <state relative-caret-position="149">
          <caret line="41" column="18" selection-start-line="41" selection-start-column="18" selection-end-line="41" selection-end-column="18" />
          <folding>
            <element signature="docComment;class#DataSourceConfig#0" expanded="true" />
          </folding>
        </state>
      </provider>
    </entry>
    <entry file="file://$PROJECT_DIR$/dynamic-dataSource/src/main/resources/application-druids.yml">
      <provider selected="true" editor-type-id="text-editor">
        <state relative-caret-position="352">
          <caret line="16" column="20" selection-start-line="16" selection-start-column="20" selection-end-line="16" selection-end-column="20" />
        </state>
      </provider>
    </entry>
    <entry file="file://$PROJECT_DIR$/zxx-commons/src/main/java/com/configs/redisconfigs/RedisHealthIndicator.java">
      <provider selected="true" editor-type-id="text-editor">
        <state relative-caret-position="132">
          <caret line="11" column="13" selection-start-line="11" selection-start-column="13" selection-end-line="11" selection-end-column="13" />
        </state>
      </provider>
    </entry>
    <entry file="file://$PROJECT_DIR$/zxx-commons/src/main/java/com/configs/redisconfigs/RedisHealthConfig.java">
      <provider selected="true" editor-type-id="text-editor">
        <state relative-caret-position="154">
          <caret line="13" column="13" selection-start-line="13" selection-start-column="13" selection-end-line="13" selection-end-column="13" />
        </state>
      </provider>
    </entry>
    <entry file="jar://D:/.m2/org/springframework/boot/spring-boot-autoconfigure/2.2.2.RELEASE/spring-boot-autoconfigure-2.2.2.RELEASE.jar!/org/springframework/boot/autoconfigure/cache/CacheAutoConfiguration.class">
      <provider selected="true" editor-type-id="text-editor">
        <state relative-caret-position="163">
          <caret line="55" column="150" selection-start-line="55" selection-start-column="150" selection-end-line="55" selection-end-column="150" />
        </state>
      </provider>
    </entry>
    <entry file="file://$PROJECT_DIR$/zxx-commons/src/main/resources/application-cors.yml">
      <provider selected="true" editor-type-id="text-editor" />
    </entry>
    <entry file="file://$PROJECT_DIR$/zxx-commons/src/main/resources/application-druid.yml">
      <provider selected="true" editor-type-id="text-editor" />
    </entry>
    <entry file="file://$PROJECT_DIR$/zxx-commons/src/main/resources/application-es.yml">
      <provider selected="true" editor-type-id="text-editor" />
    </entry>
    <entry file="file://$PROJECT_DIR$/zxx-commons/src/main/resources/application-monogdb.yml">
      <provider selected="true" editor-type-id="text-editor" />
    </entry>
    <entry file="file://$PROJECT_DIR$/dynamic-dataSource.log">
      <provider selected="true" editor-type-id="text-editor" />
    </entry>
    <entry file="file://$PROJECT_DIR$/zxx-commons/src/main/resources/application-redis.yml">
      <provider selected="true" editor-type-id="text-editor">
        <state relative-caret-position="180">
          <caret line="12" column="21" lean-forward="true" selection-start-line="12" selection-start-column="21" selection-end-line="12" selection-end-column="21" />
        </state>
      </provider>
    </entry>
    <entry file="file://$PROJECT_DIR$/zxx-commons/src/main/resources/application-ftp.yml">
      <provider selected="true" editor-type-id="text-editor" />
    </entry>
    <entry file="file://$PROJECT_DIR$/zxx-commons/src/main/resources/application-rabbit.yml">
      <provider selected="true" editor-type-id="text-editor" />
    </entry>
    <entry file="file://$PROJECT_DIR$/zxx-commons/src/main/resources/application-kafka.yml">
      <provider selected="true" editor-type-id="text-editor" />
    </entry>
    <entry file="file://$PROJECT_DIR$/dynamic-dataSource/src/main/resources/application-test.yml">
      <provider selected="true" editor-type-id="text-editor">
        <state relative-caret-position="146">
          <caret line="11" column="33" lean-forward="true" selection-start-line="11" selection-start-column="33" selection-end-line="11" selection-end-column="33" />
        </state>
      </provider>
    </entry>
    <entry file="file://$PROJECT_DIR$/dynamic-dataSource/src/main/resources/application-hikaris.yml">
      <provider selected="true" editor-type-id="text-editor">
        <state relative-caret-position="308">
          <caret line="14" column="18" selection-start-line="14" selection-start-column="13" selection-end-line="14" selection-end-column="18" />
        </state>
      </provider>
    </entry>
    <entry file="file://$PROJECT_DIR$/dynamic-dataSource/src/main/java/pri/zxx/mapper/ProductMapper.java">
      <provider selected="true" editor-type-id="text-editor">
        <state relative-caret-position="168">
          <caret line="15" column="22" lean-forward="true" selection-start-line="15" selection-start-column="22" selection-end-line="15" selection-end-column="22" />
          <folding>
            <element signature="imports" expanded="true" />
          </folding>
        </state>
      </provider>
    </entry>
    <entry file="file://$PROJECT_DIR$/dynamic-dataSource/src/main/java/pri/zxx/service/ProductService.java">
      <provider selected="true" editor-type-id="text-editor">
        <state relative-caret-position="146">
          <caret line="22" column="23" lean-forward="true" selection-start-line="22" selection-start-column="23" selection-end-line="22" selection-end-column="23" />
          <folding>
            <element signature="imports" expanded="true" />
          </folding>
        </state>
      </provider>
    </entry>
    <entry file="file://$PROJECT_DIR$/dynamic-dataSource/src/main/java/pri/zxx/controller/ProducerController.java">
      <provider selected="true" editor-type-id="text-editor">
        <state relative-caret-position="474">
          <caret line="91" column="5" lean-forward="true" selection-start-line="91" selection-start-column="5" selection-end-line="91" selection-end-column="5" />
          <folding>
            <element signature="docComment;method#orderOne#0;class#ProducerController#0" expanded="true" />
          </folding>
        </state>
      </provider>
    </entry>
    <entry file="file://$PROJECT_DIR$/dynamic-dataSource/src/main/resources/application-redis.yml">
      <provider selected="true" editor-type-id="text-editor">
        <state relative-caret-position="220">
          <caret line="10" column="19" lean-forward="true" selection-start-line="10" selection-start-column="19" selection-end-line="10" selection-end-column="19" />
        </state>
      </provider>
    </entry>
    <entry file="file://$PROJECT_DIR$/zxx-commons/src/main/java/com/configs/redisconfigs/JedisPoolConfig.java">
      <provider selected="true" editor-type-id="text-editor">
        <state relative-caret-position="132">
          <caret line="10" column="13" selection-start-line="10" selection-start-column="13" selection-end-line="10" selection-end-column="13" />
        </state>
      </provider>
    </entry>
    <entry file="file://$PROJECT_DIR$/zxx-commons/src/main/java/com/configs/redisconfigs/JedisConfigProperties.java">
      <provider selected="true" editor-type-id="text-editor">
        <state relative-caret-position="18">
          <caret line="11" column="13" selection-start-line="11" selection-start-column="13" selection-end-line="11" selection-end-column="13" />
        </state>
      </provider>
    </entry>
    <entry file="file://$PROJECT_DIR$/zxx-commons/src/main/java/com/configs/redisconfigs/RedisAutoConfig.java">
      <provider selected="true" editor-type-id="text-editor">
        <state relative-caret-position="46">
          <caret line="60" column="31" selection-start-line="60" selection-start-column="17" selection-end-line="60" selection-end-column="31" />
        </state>
      </provider>
    </entry>
  </component>
</project>