<project version="4">
  <component name="FileEditorManager">
    <leaf>
      <file pinned="false" current-in-tab="false">
        <entry file="file://$PROJECT_DIR$/yunce-cloud-zuul/pom.xml">
          <provider selected="true" editor-type-id="text-editor">
            <state relative-caret-position="1826">
              <caret line="83" column="19" selection-start-line="83" selection-start-column="19" selection-end-line="83" selection-end-column="19" />
            </state>
          </provider>
        </entry>
      </file>
      <file pinned="false" current-in-tab="false">
        <entry file="file://$PROJECT_DIR$/yunce-cloud-zuul/src/main/java/com/yunce/cloud/zuul/YunceZuulApplication.java">
          <provider selected="true" editor-type-id="text-editor">
            <state relative-caret-position="286">
              <caret line="24" column="16" selection-start-line="24" selection-start-column="16" selection-end-line="24" selection-end-column="16" />
            </state>
          </provider>
        </entry>
      </file>
      <file pinned="false" current-in-tab="false">
        <entry file="file://$PROJECT_DIR$/yunce-cloud-zuul/src/main/resources/bootstrap.yml">
          <provider selected="true" editor-type-id="text-editor">
            <state relative-caret-position="176">
              <caret line="8" column="20" selection-start-line="8" selection-start-column="15" selection-end-line="8" selection-end-column="20" />
            </state>
          </provider>
        </entry>
      </file>
      <file pinned="false" current-in-tab="false">
        <entry file="file://$PROJECT_DIR$/yunce-cloud-zuul/src/main/resources/application-back.yml">
          <provider selected="true" editor-type-id="text-editor" />
        </entry>
      </file>
      <file pinned="false" current-in-tab="false">
        <entry file="file://$PROJECT_DIR$/yunce-cloud-zuul/src/main/resources/bootstrap-test.yml.bak">
          <provider selected="true" editor-type-id="text-editor">
            <state relative-caret-position="132">
              <caret line="6" column="30" selection-start-line="6" selection-start-column="30" selection-end-line="6" selection-end-column="30" />
            </state>
          </provider>
        </entry>
      </file>
      <file pinned="false" current-in-tab="true">
        <entry file="file://$PROJECT_DIR$/configuration-commons/src/main/java/com/configs/redisconfigs/RedisAutoConfig.java">
          <provider selected="true" editor-type-id="text-editor">
            <state relative-caret-position="932">
              <caret line="88" column="5" lean-forward="true" selection-start-line="85" selection-start-column="3" selection-end-line="88" selection-end-column="5" />
            </state>
          </provider>
        </entry>
      </file>
    </leaf>
  </component>
  <component name="IdeDocumentHistory">
    <option name="CHANGED_PATHS">
      <list>
        <option value="$PROJECT_DIR$/yunce-cloud-zuul/src/main/java/com/yunce/cloud/zuul/logrecorder/UrlFilter.java" />
        <option value="$PROJECT_DIR$/yunce-cloud-zuul/src/main/resources/bootstrap-prod.yml" />
        <option value="$PROJECT_DIR$/yunce-cloud-zuul/src/main/resources/bootstrap-test.yml" />
        <option value="$PROJECT_DIR$/yunce-cloud-zuul/src/main/resources/bootstrap.yml" />
      </list>
    </option>
  </component>
  <component name="MavenProjectNavigator">
    <treeState>
      <expand />
      <select />
    </treeState>
  </component>
  <component name="ProjectFrameBounds" extendedState="6">
    <option name="x" value="-8" />
    <option name="y" value="-8" />
    <option name="width" value="1936" />
    <option name="height" value="1066" />
  </component>
  <component name="ProjectView">
    <navigator proportions="" version="1">
      <foldersAlwaysOnTop value="true" />
    </navigator>
    <panes>
      <pane id="Scope" />
      <pane id="PackagesPane" />
      <pane id="ProjectPane">
        <subPane>
          <expand>
            <path>
              <item name="yunce-cloud" type="b2602c69:ProjectViewProjectNode" />
              <item name="yunce-cloud" type="462c0819:PsiDirectoryNode" />
            </path>
            <path>
              <item name="yunce-cloud" type="b2602c69:ProjectViewProjectNode" />
              <item name="yunce-cloud" type="462c0819:PsiDirectoryNode" />
              <item name="configuration-commons" type="462c0819:PsiDirectoryNode" />
            </path>
            <path>
              <item name="yunce-cloud" type="b2602c69:ProjectViewProjectNode" />
              <item name="yunce-cloud" type="462c0819:PsiDirectoryNode" />
              <item name="configuration-commons" type="462c0819:PsiDirectoryNode" />
              <item name="src" type="462c0819:PsiDirectoryNode" />
            </path>
            <path>
              <item name="yunce-cloud" type="b2602c69:ProjectViewProjectNode" />
              <item name="yunce-cloud" type="462c0819:PsiDirectoryNode" />
              <item name="configuration-commons" type="462c0819:PsiDirectoryNode" />
              <item name="src" type="462c0819:PsiDirectoryNode" />
              <item name="main" type="462c0819:PsiDirectoryNode" />
            </path>
            <path>
              <item name="yunce-cloud" type="b2602c69:ProjectViewProjectNode" />
              <item name="yunce-cloud" type="462c0819:PsiDirectoryNode" />
              <item name="configuration-commons" type="462c0819:PsiDirectoryNode" />
              <item name="src" type="462c0819:PsiDirectoryNode" />
              <item name="main" type="462c0819:PsiDirectoryNode" />
              <item name="java" type="462c0819:PsiDirectoryNode" />
            </path>
            <path>
              <item name="yunce-cloud" type="b2602c69:ProjectViewProjectNode" />
              <item name="yunce-cloud" type="462c0819:PsiDirectoryNode" />
              <item name="configuration-commons" type="462c0819:PsiDirectoryNode" />
              <item name="src" type="462c0819:PsiDirectoryNode" />
              <item name="main" type="462c0819:PsiDirectoryNode" />
              <item name="java" type="462c0819:PsiDirectoryNode" />
              <item name="configs" type="462c0819:PsiDirectoryNode" />
            </path>
            <path>
              <item name="yunce-cloud" type="b2602c69:ProjectViewProjectNode" />
              <item name="yunce-cloud" type="462c0819:PsiDirectoryNode" />
              <item name="configuration-commons" type="462c0819:PsiDirectoryNode" />
              <item name="src" type="462c0819:PsiDirectoryNode" />
              <item name="main" type="462c0819:PsiDirectoryNode" />
              <item name="java" type="462c0819:PsiDirectoryNode" />
              <item name="configs" type="462c0819:PsiDirectoryNode" />
              <item name="redisconfigs" type="462c0819:PsiDirectoryNode" />
            </path>
          </expand>
          <select />
        </subPane>
      </pane>
    </panes>
  </component>
  <component name="TimeTrackingManager">
    <option name="totallyTimeSpent" value="3694000" />
  </component>
  <component name="ToolWindowManager">
    <frame x="-8" y="-8" width="1936" height="1066" extended-state="6" />
    <layout>
      <window_info active="true" content_ui="combo" id="Project" order="0" visible="true" weight="0.2607296" />
      <window_info id="Structure" order="1" side_tool="true" weight="0.25" />
      <window_info id="Web" order="2" side_tool="true" />
      <window_info id="Favorites" order="3" side_tool="true" />
      <window_info anchor="bottom" id="Message" order="0" />
      <window_info anchor="bottom" id="Find" order="1" />
      <window_info anchor="bottom" id="Run" order="2" />
      <window_info anchor="bottom" id="Debug" order="3" weight="0.4464668" />
      <window_info anchor="bottom" id="Cvs" order="4" weight="0.25" />
      <window_info anchor="bottom" id="Inspection" order="5" weight="0.4" />
      <window_info anchor="bottom" id="TODO" order="6" />
      <window_info anchor="bottom" id="Services" order="7" />
      <window_info anchor="bottom" id="Version Control" order="8" />
      <window_info anchor="bottom" id="Problems" order="9" />
      <window_info anchor="bottom" id="Spring" order="10" />
      <window_info anchor="bottom" id="Database Changes" order="11" />
      <window_info anchor="bottom" id="Terminal" order="12" />
      <window_info anchor="bottom" id="Event Log" order="13" side_tool="true" />
      <window_info anchor="bottom" id="Build" order="14" />
      <window_info anchor="bottom" id="Java Enterprise" order="15" />
      <window_info anchor="bottom" id="Messages" order="16" weight="0.32976446" />
      <window_info anchor="right" id="Commander" internal_type="SLIDING" order="0" type="SLIDING" weight="0.4" />
      <window_info anchor="right" id="Ant Build" order="1" weight="0.25" />
      <window_info anchor="right" content_ui="combo" id="Hierarchy" order="2" weight="0.25" />
      <window_info anchor="right" id="Maven" order="3" weight="0.21394102" />
      <window_info anchor="right" id="Database" order="4" />
      <window_info anchor="right" id="Ant" order="5" />
      <window_info anchor="right" id="Bean Validation" order="6" />
      <window_info anchor="right" id="JSON Utils" order="7" />
    </layout>
  </component>
  <component name="editorHistoryManager">
    <entry file="file://$PROJECT_DIR$/yunce-cloud-zuul/src/main/java/com/yunce/cloud/zuul/fallbackconfig/FallBackConfig.java.bak" />
    <entry file="file://$PROJECT_DIR$/yunce-cloud-zuul/src/main/java/com/yunce/cloud/zuul/controller/UserAgreement.java">
      <provider selected="true" editor-type-id="text-editor">
        <state relative-caret-position="132">
          <caret line="10" column="13" selection-start-line="10" selection-start-column="13" selection-end-line="10" selection-end-column="13" />
        </state>
      </provider>
    </entry>
    <entry file="file://$PROJECT_DIR$/yunce-cloud-zuul/src/main/java/com/yunce/cloud/zuul/entity/ResDto.java">
      <provider selected="true" editor-type-id="text-editor">
        <state relative-caret-position="66">
          <caret line="6" column="13" selection-start-line="6" selection-start-column="13" selection-end-line="6" selection-end-column="13" />
        </state>
      </provider>
    </entry>
    <entry file="file://$PROJECT_DIR$/yunce-cloud-zuul/src/main/java/com/yunce/cloud/zuul/entity/UserInfo.java">
      <provider selected="true" editor-type-id="text-editor">
        <state relative-caret-position="-292">
          <caret line="2" column="13" selection-start-line="2" selection-start-column="13" selection-end-line="2" selection-end-column="13" />
        </state>
      </provider>
    </entry>
    <entry file="file://$PROJECT_DIR$/yunce-cloud-zuul/src/main/java/com/yunce/cloud/zuul/vaildUser/SendToRemote.java">
      <provider selected="true" editor-type-id="text-editor">
        <state relative-caret-position="88">
          <caret line="9" selection-start-line="9" selection-end-line="9" />
        </state>
      </provider>
    </entry>
    <entry file="file://$PROJECT_DIR$/yunce-cloud-zuul/src/main/java/com/yunce/cloud/zuul/vaildUser/JwtTokenFactory.java">
      <provider selected="true" editor-type-id="text-editor">
        <state relative-caret-position="132">
          <caret line="25" column="13" selection-start-line="25" selection-start-column="13" selection-end-line="25" selection-end-column="13" />
        </state>
      </provider>
    </entry>
    <entry file="file://$PROJECT_DIR$/yunce-cloud-zuul/src/main/java/com/yunce/cloud/zuul/logrecorder/UrlFilter.java">
      <provider selected="true" editor-type-id="text-editor">
        <state relative-caret-position="796">
          <caret line="129" column="34" selection-start-line="129" selection-start-column="28" selection-end-line="129" selection-end-column="34" />
        </state>
      </provider>
    </entry>
    <entry file="file://$PROJECT_DIR$/yunce-cloud-zuul/src/main/java/com/yunce/cloud/zuul/fallbackconfig/fallbackImp/SentinelTimeOutFallBack.java">
      <provider selected="true" editor-type-id="text-editor">
        <state relative-caret-position="110">
          <caret line="16" column="63" selection-start-line="16" selection-start-column="48" selection-end-line="16" selection-end-column="63" />
        </state>
      </provider>
    </entry>
    <entry file="file://$PROJECT_DIR$/yunce-cloud-zuul/src/main/java/com/yunce/cloud/zuul/fallbackconfig/fallbackImp/HystrixFallBack.java">
      <provider selected="true" editor-type-id="text-editor">
        <state relative-caret-position="562">
          <caret line="51" column="13" lean-forward="true" selection-start-line="51" selection-start-column="13" selection-end-line="51" selection-end-column="13" />
        </state>
      </provider>
    </entry>
    <entry file="file://$PROJECT_DIR$/yunce-cloud-zuul/src/main/java/com/yunce/cloud/zuul/fallbackconfig/FallBackConfig.java">
      <provider selected="true" editor-type-id="text-editor">
        <state relative-caret-position="374">
          <caret line="25" column="42" selection-start-line="25" selection-start-column="19" selection-end-line="25" selection-end-column="42" />
        </state>
      </provider>
    </entry>
    <entry file="file://$PROJECT_DIR$/yunce-cloud-zuul/src/main/java/com/yunce/cloud/zuul/fallbackconfig/exceptionEntity/DegradedException.java">
      <provider selected="true" editor-type-id="text-editor">
        <state relative-caret-position="53">
          <caret line="9" column="13" selection-start-line="9" selection-start-column="13" selection-end-line="9" selection-end-column="13" />
        </state>
      </provider>
    </entry>
    <entry file="file://$PROJECT_DIR$/yunce-cloud-zuul/src/main/resources/bootstrap.yml.bak" />
    <entry file="file://$PROJECT_DIR$/yunce-cloud-zuul/pom.xml">
      <provider selected="true" editor-type-id="text-editor">
        <state relative-caret-position="1826">
          <caret line="83" column="19" selection-start-line="83" selection-start-column="19" selection-end-line="83" selection-end-column="19" />
        </state>
      </provider>
    </entry>
    <entry file="file://$PROJECT_DIR$/yunce-cloud-zuul/src/main/java/com/yunce/cloud/zuul/YunceZuulApplication.java">
      <provider selected="true" editor-type-id="text-editor">
        <state relative-caret-position="286">
          <caret line="24" column="16" selection-start-line="24" selection-start-column="16" selection-end-line="24" selection-end-column="16" />
        </state>
      </provider>
    </entry>
    <entry file="file://$PROJECT_DIR$/yunce-cloud-zuul/src/main/resources/bootstrap.yml">
      <provider selected="true" editor-type-id="text-editor">
        <state relative-caret-position="176">
          <caret line="8" column="20" selection-start-line="8" selection-start-column="15" selection-end-line="8" selection-end-column="20" />
        </state>
      </provider>
    </entry>
    <entry file="file://$PROJECT_DIR$/yunce-cloud-zuul/src/main/resources/application-back.yml">
      <provider selected="true" editor-type-id="text-editor" />
    </entry>
    <entry file="file://$PROJECT_DIR$/yunce-cloud-zuul/src/main/resources/bootstrap-test.yml.bak">
      <provider selected="true" editor-type-id="text-editor">
        <state relative-caret-position="132">
          <caret line="6" column="30" selection-start-line="6" selection-start-column="30" selection-end-line="6" selection-end-column="30" />
        </state>
      </provider>
    </entry>
    <entry file="file://$PROJECT_DIR$/configuration-commons/src/main/java/com/configs/redisconfigs/RedisAutoConfig.java">
      <provider selected="true" editor-type-id="text-editor">
        <state relative-caret-position="932">
          <caret line="88" column="5" lean-forward="true" selection-start-line="85" selection-start-column="3" selection-end-line="88" selection-end-column="5" />
        </state>
      </provider>
    </entry>
  </component>
</project>