<project version="4">
  <component name="FileEditorManager">
    <leaf>
      <file pinned="false" current-in-tab="false">
        <entry file="file://$PROJECT_DIR$/pom.xml">
          <provider selected="true" editor-type-id="text-editor" />
        </entry>
      </file>
      <file pinned="false" current-in-tab="false">
        <entry file="file://$PROJECT_DIR$/src/main/java/com/yunce/cloud/usercenter/controller/QRCodeController.java">
          <provider selected="true" editor-type-id="text-editor">
            <state relative-caret-position="648">
              <caret line="50" column="49" selection-start-line="50" selection-start-column="49" selection-end-line="50" selection-end-column="49" />
            </state>
          </provider>
        </entry>
      </file>
      <file pinned="false" current-in-tab="false">
        <entry file="file://$PROJECT_DIR$/src/main/java/com/yunce/cloud/usercenter/controller/UserController.java">
          <provider selected="true" editor-type-id="text-editor">
            <state relative-caret-position="168">
              <caret line="43" column="13" selection-start-line="43" selection-start-column="13" selection-end-line="43" selection-end-column="13" />
            </state>
          </provider>
        </entry>
      </file>
      <file pinned="false" current-in-tab="false">
        <entry file="file://$PROJECT_DIR$/src/main/java/com/yunce/cloud/usercenter/utils/QRCodeUtil.java">
          <provider selected="true" editor-type-id="text-editor">
            <state relative-caret-position="645">
              <caret line="58" column="52" selection-start-line="58" selection-start-column="52" selection-end-line="58" selection-end-column="52" />
              <folding>
                <element signature="imports" expanded="true" />
              </folding>
            </state>
          </provider>
        </entry>
      </file>
      <file pinned="false" current-in-tab="true">
        <entry file="jar://D:/.m2/org/apache/tomcat/embed/tomcat-embed-core/8.5.34/tomcat-embed-core-8.5.34.jar!/org/apache/catalina/manager/Constants.class">
          <provider selected="true" editor-type-id="text-editor">
            <state relative-caret-position="48">
              <caret line="5" column="36" selection-start-line="5" selection-start-column="36" selection-end-line="5" selection-end-column="36" />
            </state>
          </provider>
        </entry>
      </file>
    </leaf>
  </component>
  <component name="MavenProjectNavigator">
    <treeState>
      <expand>
        <path>
          <item name="" type="16c1761:MavenProjectsStructure$RootNode" />
          <item name="yunce-cloud-usercenter" type="9519ce18:MavenProjectsStructure$ProjectNode" />
        </path>
      </expand>
      <select />
    </treeState>
  </component>
  <component name="ProjectFrameBounds" extendedState="6">
    <option name="width" value="1920" />
    <option name="height" value="1050" />
  </component>
  <component name="ProjectView">
    <navigator proportions="" version="1">
      <foldersAlwaysOnTop value="true" />
    </navigator>
    <panes>
      <pane id="PackagesPane" />
      <pane id="ProjectPane">
        <subPane>
          <expand>
            <path>
              <item name="yunce-cloud-usercenter" type="b2602c69:ProjectViewProjectNode" />
              <item name="yunce-cloud-usercenter" type="462c0819:PsiDirectoryNode" />
            </path>
            <path>
              <item name="yunce-cloud-usercenter" type="b2602c69:ProjectViewProjectNode" />
              <item name="yunce-cloud-usercenter" type="462c0819:PsiDirectoryNode" />
              <item name="src" type="462c0819:PsiDirectoryNode" />
            </path>
            <path>
              <item name="yunce-cloud-usercenter" type="b2602c69:ProjectViewProjectNode" />
              <item name="yunce-cloud-usercenter" type="462c0819:PsiDirectoryNode" />
              <item name="src" type="462c0819:PsiDirectoryNode" />
              <item name="main" type="462c0819:PsiDirectoryNode" />
            </path>
            <path>
              <item name="yunce-cloud-usercenter" type="b2602c69:ProjectViewProjectNode" />
              <item name="yunce-cloud-usercenter" type="462c0819:PsiDirectoryNode" />
              <item name="src" type="462c0819:PsiDirectoryNode" />
              <item name="main" type="462c0819:PsiDirectoryNode" />
              <item name="java" type="462c0819:PsiDirectoryNode" />
            </path>
            <path>
              <item name="yunce-cloud-usercenter" type="b2602c69:ProjectViewProjectNode" />
              <item name="yunce-cloud-usercenter" type="462c0819:PsiDirectoryNode" />
              <item name="src" type="462c0819:PsiDirectoryNode" />
              <item name="main" type="462c0819:PsiDirectoryNode" />
              <item name="java" type="462c0819:PsiDirectoryNode" />
              <item name="com" type="462c0819:PsiDirectoryNode" />
            </path>
            <path>
              <item name="yunce-cloud-usercenter" type="b2602c69:ProjectViewProjectNode" />
              <item name="yunce-cloud-usercenter" type="462c0819:PsiDirectoryNode" />
              <item name="src" type="462c0819:PsiDirectoryNode" />
              <item name="main" type="462c0819:PsiDirectoryNode" />
              <item name="java" type="462c0819:PsiDirectoryNode" />
              <item name="com" type="462c0819:PsiDirectoryNode" />
              <item name="yunce" type="462c0819:PsiDirectoryNode" />
            </path>
            <path>
              <item name="yunce-cloud-usercenter" type="b2602c69:ProjectViewProjectNode" />
              <item name="yunce-cloud-usercenter" type="462c0819:PsiDirectoryNode" />
              <item name="src" type="462c0819:PsiDirectoryNode" />
              <item name="main" type="462c0819:PsiDirectoryNode" />
              <item name="java" type="462c0819:PsiDirectoryNode" />
              <item name="com" type="462c0819:PsiDirectoryNode" />
              <item name="yunce" type="462c0819:PsiDirectoryNode" />
              <item name="cloud" type="462c0819:PsiDirectoryNode" />
            </path>
            <path>
              <item name="yunce-cloud-usercenter" type="b2602c69:ProjectViewProjectNode" />
              <item name="yunce-cloud-usercenter" type="462c0819:PsiDirectoryNode" />
              <item name="src" type="462c0819:PsiDirectoryNode" />
              <item name="main" type="462c0819:PsiDirectoryNode" />
              <item name="java" type="462c0819:PsiDirectoryNode" />
              <item name="com" type="462c0819:PsiDirectoryNode" />
              <item name="yunce" type="462c0819:PsiDirectoryNode" />
              <item name="cloud" type="462c0819:PsiDirectoryNode" />
              <item name="usercenter" type="462c0819:PsiDirectoryNode" />
            </path>
            <path>
              <item name="yunce-cloud-usercenter" type="b2602c69:ProjectViewProjectNode" />
              <item name="yunce-cloud-usercenter" type="462c0819:PsiDirectoryNode" />
              <item name="src" type="462c0819:PsiDirectoryNode" />
              <item name="main" type="462c0819:PsiDirectoryNode" />
              <item name="java" type="462c0819:PsiDirectoryNode" />
              <item name="com" type="462c0819:PsiDirectoryNode" />
              <item name="yunce" type="462c0819:PsiDirectoryNode" />
              <item name="cloud" type="462c0819:PsiDirectoryNode" />
              <item name="usercenter" type="462c0819:PsiDirectoryNode" />
              <item name="controller" type="462c0819:PsiDirectoryNode" />
            </path>
            <path>
              <item name="yunce-cloud-usercenter" type="b2602c69:ProjectViewProjectNode" />
              <item name="yunce-cloud-usercenter" type="462c0819:PsiDirectoryNode" />
              <item name="src" type="462c0819:PsiDirectoryNode" />
              <item name="main" type="462c0819:PsiDirectoryNode" />
              <item name="java" type="462c0819:PsiDirectoryNode" />
              <item name="com" type="462c0819:PsiDirectoryNode" />
              <item name="yunce" type="462c0819:PsiDirectoryNode" />
              <item name="cloud" type="462c0819:PsiDirectoryNode" />
              <item name="usercenter" type="462c0819:PsiDirectoryNode" />
              <item name="utils" type="462c0819:PsiDirectoryNode" />
            </path>
            <path>
              <item name="yunce-cloud-usercenter" type="b2602c69:ProjectViewProjectNode" />
              <item name="yunce-cloud-usercenter" type="462c0819:PsiDirectoryNode" />
              <item name="src" type="462c0819:PsiDirectoryNode" />
              <item name="main" type="462c0819:PsiDirectoryNode" />
              <item name="resources" type="462c0819:PsiDirectoryNode" />
            </path>
            <path>
              <item name="yunce-cloud-usercenter" type="b2602c69:ProjectViewProjectNode" />
              <item name="External Libraries" type="cb654da1:ExternalLibrariesNode" />
            </path>
            <path>
              <item name="yunce-cloud-usercenter" type="b2602c69:ProjectViewProjectNode" />
              <item name="External Libraries" type="cb654da1:ExternalLibrariesNode" />
              <item name="Maven: org.apache.tomcat.embed:tomcat-embed-core:8.5.34" type="70bed36:NamedLibraryElementNode" />
            </path>
            <path>
              <item name="yunce-cloud-usercenter" type="b2602c69:ProjectViewProjectNode" />
              <item name="External Libraries" type="cb654da1:ExternalLibrariesNode" />
              <item name="Maven: org.apache.tomcat.embed:tomcat-embed-core:8.5.34" type="70bed36:NamedLibraryElementNode" />
              <item name="tomcat-embed-core-8.5.34.jar" type="462c0819:PsiDirectoryNode" />
            </path>
            <path>
              <item name="yunce-cloud-usercenter" type="b2602c69:ProjectViewProjectNode" />
              <item name="External Libraries" type="cb654da1:ExternalLibrariesNode" />
              <item name="Maven: org.apache.tomcat.embed:tomcat-embed-core:8.5.34" type="70bed36:NamedLibraryElementNode" />
              <item name="tomcat-embed-core-8.5.34.jar" type="462c0819:PsiDirectoryNode" />
              <item name="org" type="462c0819:PsiDirectoryNode" />
            </path>
            <path>
              <item name="yunce-cloud-usercenter" type="b2602c69:ProjectViewProjectNode" />
              <item name="External Libraries" type="cb654da1:ExternalLibrariesNode" />
              <item name="Maven: org.apache.tomcat.embed:tomcat-embed-core:8.5.34" type="70bed36:NamedLibraryElementNode" />
              <item name="tomcat-embed-core-8.5.34.jar" type="462c0819:PsiDirectoryNode" />
              <item name="org" type="462c0819:PsiDirectoryNode" />
              <item name="apache" type="462c0819:PsiDirectoryNode" />
            </path>
            <path>
              <item name="yunce-cloud-usercenter" type="b2602c69:ProjectViewProjectNode" />
              <item name="External Libraries" type="cb654da1:ExternalLibrariesNode" />
              <item name="Maven: org.apache.tomcat.embed:tomcat-embed-core:8.5.34" type="70bed36:NamedLibraryElementNode" />
              <item name="tomcat-embed-core-8.5.34.jar" type="462c0819:PsiDirectoryNode" />
              <item name="org" type="462c0819:PsiDirectoryNode" />
              <item name="apache" type="462c0819:PsiDirectoryNode" />
              <item name="catalina" type="462c0819:PsiDirectoryNode" />
            </path>
            <path>
              <item name="yunce-cloud-usercenter" type="b2602c69:ProjectViewProjectNode" />
              <item name="External Libraries" type="cb654da1:ExternalLibrariesNode" />
              <item name="Maven: org.apache.tomcat.embed:tomcat-embed-core:8.5.34" type="70bed36:NamedLibraryElementNode" />
              <item name="tomcat-embed-core-8.5.34.jar" type="462c0819:PsiDirectoryNode" />
              <item name="org" type="462c0819:PsiDirectoryNode" />
              <item name="apache" type="462c0819:PsiDirectoryNode" />
              <item name="catalina" type="462c0819:PsiDirectoryNode" />
              <item name="manager" type="462c0819:PsiDirectoryNode" />
            </path>
          </expand>
          <select />
        </subPane>
      </pane>
      <pane id="Scope" />
    </panes>
  </component>
  <component name="TimeTrackingManager">
    <option name="totallyTimeSpent" value="211000" />
  </component>
  <component name="ToolWindowManager">
    <frame x="-8" y="-8" width="1936" height="1066" extended-state="6" />
    <layout>
      <window_info active="true" content_ui="combo" id="Project" order="0" visible="true" weight="0.25697425" />
      <window_info id="Structure" order="1" side_tool="true" weight="0.25" />
      <window_info id="Web" order="2" side_tool="true" />
      <window_info id="Favorites" order="3" side_tool="true" />
      <window_info anchor="bottom" id="Message" order="0" />
      <window_info anchor="bottom" id="Find" order="1" />
      <window_info anchor="bottom" id="Run" order="2" />
      <window_info anchor="bottom" id="Debug" order="3" weight="0.4" />
      <window_info anchor="bottom" id="Cvs" order="4" weight="0.25" />
      <window_info anchor="bottom" id="Inspection" order="5" weight="0.4" />
      <window_info anchor="bottom" id="TODO" order="6" />
      <window_info anchor="bottom" id="Services" order="7" />
      <window_info anchor="bottom" id="Version Control" order="8" />
      <window_info anchor="bottom" id="Problems" order="9" />
      <window_info anchor="bottom" id="Spring" order="10" />
      <window_info anchor="bottom" id="Database Changes" order="11" />
      <window_info anchor="bottom" id="Terminal" order="12" />
      <window_info anchor="bottom" id="Event Log" order="13" side_tool="true" />
      <window_info anchor="bottom" id="Build" order="14" />
      <window_info anchor="bottom" id="Java Enterprise" order="15" />
      <window_info anchor="right" id="Commander" internal_type="SLIDING" order="0" type="SLIDING" weight="0.4" />
      <window_info anchor="right" id="Ant Build" order="1" weight="0.25" />
      <window_info anchor="right" content_ui="combo" id="Hierarchy" order="2" weight="0.25" />
      <window_info anchor="right" id="Maven" order="3" visible="true" weight="0.1502146" />
      <window_info anchor="right" id="Database" order="4" />
      <window_info anchor="right" id="Ant" order="5" />
      <window_info anchor="right" id="Bean Validation" order="6" />
      <window_info anchor="right" id="JSON Utils" order="7" />
    </layout>
  </component>
  <component name="editorHistoryManager">
    <entry file="file://$PROJECT_DIR$/pom.xml">
      <provider selected="true" editor-type-id="text-editor" />
    </entry>
    <entry file="file://$PROJECT_DIR$/src/main/java/com/yunce/cloud/usercenter/controller/QRCodeController.java">
      <provider selected="true" editor-type-id="text-editor">
        <state relative-caret-position="648">
          <caret line="50" column="49" selection-start-line="50" selection-start-column="49" selection-end-line="50" selection-end-column="49" />
        </state>
      </provider>
    </entry>
    <entry file="file://$PROJECT_DIR$/src/main/java/com/yunce/cloud/usercenter/controller/UserController.java">
      <provider selected="true" editor-type-id="text-editor">
        <state relative-caret-position="168">
          <caret line="43" column="13" selection-start-line="43" selection-start-column="13" selection-end-line="43" selection-end-column="13" />
        </state>
      </provider>
    </entry>
    <entry file="file://$PROJECT_DIR$/src/main/java/com/yunce/cloud/usercenter/utils/QRCodeUtil.java">
      <provider selected="true" editor-type-id="text-editor">
        <state relative-caret-position="645">
          <caret line="58" column="52" selection-start-line="58" selection-start-column="52" selection-end-line="58" selection-end-column="52" />
          <folding>
            <element signature="imports" expanded="true" />
          </folding>
        </state>
      </provider>
    </entry>
    <entry file="jar://D:/.m2/org/apache/tomcat/embed/tomcat-embed-core/8.5.34/tomcat-embed-core-8.5.34.jar!/org/apache/catalina/manager/Constants.class">
      <provider selected="true" editor-type-id="text-editor">
        <state relative-caret-position="48">
          <caret line="5" column="36" selection-start-line="5" selection-start-column="36" selection-end-line="5" selection-end-column="36" />
        </state>
      </provider>
    </entry>
  </component>
</project>