<project version="4">
  <component name="FileEditorManager">
    <leaf SIDE_TABS_SIZE_LIMIT_KEY="-1">
      <file pinned="false" current-in-tab="false">
        <entry file="file://$PROJECT_DIR$/msg-center-api/src/main/resources/application-test.yaml">
          <provider selected="true" editor-type-id="text-editor">
            <state relative-caret-position="1586">
              <caret line="61" column="21" selection-start-line="61" selection-start-column="21" selection-end-line="61" selection-end-column="21" />
            </state>
          </provider>
        </entry>
      </file>
      <file pinned="false" current-in-tab="false">
        <entry file="file://$PROJECT_DIR$/msg-center-api/src/main/java/com/tanjiu/service/messageconsumer/sms/SmsServiceImpl.java">
          <provider selected="true" editor-type-id="text-editor">
            <state relative-caret-position="546">
              <caret line="40" column="42" selection-start-line="40" selection-start-column="25" selection-end-line="40" selection-end-column="42" />
            </state>
          </provider>
        </entry>
      </file>
      <file pinned="false" current-in-tab="true">
        <entry file="file://$PROJECT_DIR$/msg-center-api/src/main/resources/application-pro.yaml">
          <provider selected="true" editor-type-id="text-editor">
            <state relative-caret-position="711">
              <caret line="71" column="31" selection-start-line="71" selection-start-column="31" selection-end-line="71" selection-end-column="31" />
            </state>
          </provider>
        </entry>
      </file>
      <file pinned="false" current-in-tab="false">
        <entry file="file://$PROJECT_DIR$/msg-center-api/src/main/resources/application-dev.yaml">
          <provider selected="true" editor-type-id="text-editor">
            <state relative-caret-position="1612">
              <caret line="62" column="24" selection-start-line="62" selection-start-column="24" selection-end-line="62" selection-end-column="24" />
            </state>
          </provider>
        </entry>
      </file>
      <file pinned="false" current-in-tab="false">
        <entry file="file://$PROJECT_DIR$/msg-center-api/src/main/java/com/tanjiu/config/SwaggerConfig.java">
          <provider selected="true" editor-type-id="text-editor">
            <state relative-caret-position="182">
              <caret line="26" column="25" selection-start-line="26" selection-start-column="25" selection-end-line="26" selection-end-column="25" />
            </state>
          </provider>
        </entry>
      </file>
      <file pinned="false" current-in-tab="false">
        <entry file="file://$PROJECT_DIR$/msg-center-api/src/main/resources/logback-spring.xml">
          <provider selected="true" editor-type-id="text-editor" />
        </entry>
      </file>
      <file pinned="false" current-in-tab="false">
        <entry file="file://$PROJECT_DIR$/msg-center-api/src/main/java/com/tanjiu/config/FJsonConfig.java">
          <provider selected="true" editor-type-id="text-editor">
            <state relative-caret-position="156">
              <caret line="21" column="13" selection-start-line="21" selection-start-column="13" selection-end-line="21" selection-end-column="13" />
            </state>
          </provider>
        </entry>
      </file>
    </leaf>
  </component>
  <component name="FindInProjectRecents">
    <replaceStrings>
      <replace />
    </replaceStrings>
  </component>
  <component name="IdeDocumentHistory">
    <option name="CHANGED_PATHS">
      <list>
        <option value="$PROJECT_DIR$/msg-center-api/src/main/resources/application-pro.yaml" />
        <option value="$PROJECT_DIR$/msg-center-api/src/main/resources/application-dev.yaml" />
        <option value="$PROJECT_DIR$/msg-center-api/src/main/java/com/tanjiu/config/SwaggerConfig.java" />
      </list>
    </option>
  </component>
  <component name="IgnoredFileRootStore">
    <option name="generatedRoots">
      <set>
        <option value="$PROJECT_DIR$/.idea" />
      </set>
    </option>
  </component>
  <component name="MavenProjectNavigator">
    <treeState>
      <expand />
      <select />
    </treeState>
  </component>
  <component name="ProjectFrameBounds" x="-8" y="-8" width="1936" height="1066" extendedState="6" />
  <component name="ProjectView">
    <navigator currentView="ProjectPane" proportions="" version="1" />
    <panes>
      <pane id="ProjectPane">
        <subPane>
          <expand>
            <path>
              <item name="msg-center-parent" type="b2602c69:ProjectViewProjectNode" />
              <item name="msg-center" type="462c0819:PsiDirectoryNode" />
            </path>
            <path>
              <item name="msg-center-parent" type="b2602c69:ProjectViewProjectNode" />
              <item name="msg-center" type="462c0819:PsiDirectoryNode" />
              <item name="msg-center-api" type="462c0819:PsiDirectoryNode" />
            </path>
            <path>
              <item name="msg-center-parent" type="b2602c69:ProjectViewProjectNode" />
              <item name="msg-center" type="462c0819:PsiDirectoryNode" />
              <item name="msg-center-api" type="462c0819:PsiDirectoryNode" />
              <item name="src" type="462c0819:PsiDirectoryNode" />
            </path>
            <path>
              <item name="msg-center-parent" type="b2602c69:ProjectViewProjectNode" />
              <item name="msg-center" type="462c0819:PsiDirectoryNode" />
              <item name="msg-center-api" type="462c0819:PsiDirectoryNode" />
              <item name="src" type="462c0819:PsiDirectoryNode" />
              <item name="main" type="462c0819:PsiDirectoryNode" />
            </path>
            <path>
              <item name="msg-center-parent" type="b2602c69:ProjectViewProjectNode" />
              <item name="msg-center" type="462c0819:PsiDirectoryNode" />
              <item name="msg-center-api" type="462c0819:PsiDirectoryNode" />
              <item name="src" type="462c0819:PsiDirectoryNode" />
              <item name="main" type="462c0819:PsiDirectoryNode" />
              <item name="java" type="462c0819:PsiDirectoryNode" />
            </path>
            <path>
              <item name="msg-center-parent" type="b2602c69:ProjectViewProjectNode" />
              <item name="msg-center" type="462c0819:PsiDirectoryNode" />
              <item name="msg-center-api" type="462c0819:PsiDirectoryNode" />
              <item name="src" type="462c0819:PsiDirectoryNode" />
              <item name="main" type="462c0819:PsiDirectoryNode" />
              <item name="java" type="462c0819:PsiDirectoryNode" />
              <item name="com" type="462c0819:PsiDirectoryNode" />
            </path>
            <path>
              <item name="msg-center-parent" type="b2602c69:ProjectViewProjectNode" />
              <item name="msg-center" type="462c0819:PsiDirectoryNode" />
              <item name="msg-center-api" type="462c0819:PsiDirectoryNode" />
              <item name="src" type="462c0819:PsiDirectoryNode" />
              <item name="main" type="462c0819:PsiDirectoryNode" />
              <item name="java" type="462c0819:PsiDirectoryNode" />
              <item name="com" type="462c0819:PsiDirectoryNode" />
              <item name="tanjiu" type="462c0819:PsiDirectoryNode" />
            </path>
            <path>
              <item name="msg-center-parent" type="b2602c69:ProjectViewProjectNode" />
              <item name="msg-center" type="462c0819:PsiDirectoryNode" />
              <item name="msg-center-api" type="462c0819:PsiDirectoryNode" />
              <item name="src" type="462c0819:PsiDirectoryNode" />
              <item name="main" type="462c0819:PsiDirectoryNode" />
              <item name="java" type="462c0819:PsiDirectoryNode" />
              <item name="com" type="462c0819:PsiDirectoryNode" />
              <item name="tanjiu" type="462c0819:PsiDirectoryNode" />
              <item name="config" type="462c0819:PsiDirectoryNode" />
            </path>
            <path>
              <item name="msg-center-parent" type="b2602c69:ProjectViewProjectNode" />
              <item name="msg-center" type="462c0819:PsiDirectoryNode" />
              <item name="msg-center-api" type="462c0819:PsiDirectoryNode" />
              <item name="src" type="462c0819:PsiDirectoryNode" />
              <item name="main" type="462c0819:PsiDirectoryNode" />
              <item name="java" type="462c0819:PsiDirectoryNode" />
              <item name="com" type="462c0819:PsiDirectoryNode" />
              <item name="tanjiu" type="462c0819:PsiDirectoryNode" />
              <item name="service" type="462c0819:PsiDirectoryNode" />
            </path>
            <path>
              <item name="msg-center-parent" type="b2602c69:ProjectViewProjectNode" />
              <item name="msg-center" type="462c0819:PsiDirectoryNode" />
              <item name="msg-center-api" type="462c0819:PsiDirectoryNode" />
              <item name="src" type="462c0819:PsiDirectoryNode" />
              <item name="main" type="462c0819:PsiDirectoryNode" />
              <item name="java" type="462c0819:PsiDirectoryNode" />
              <item name="com" type="462c0819:PsiDirectoryNode" />
              <item name="tanjiu" type="462c0819:PsiDirectoryNode" />
              <item name="service" type="462c0819:PsiDirectoryNode" />
              <item name="messageconsumer" type="462c0819:PsiDirectoryNode" />
            </path>
            <path>
              <item name="msg-center-parent" type="b2602c69:ProjectViewProjectNode" />
              <item name="msg-center" type="462c0819:PsiDirectoryNode" />
              <item name="msg-center-api" type="462c0819:PsiDirectoryNode" />
              <item name="src" type="462c0819:PsiDirectoryNode" />
              <item name="main" type="462c0819:PsiDirectoryNode" />
              <item name="java" type="462c0819:PsiDirectoryNode" />
              <item name="com" type="462c0819:PsiDirectoryNode" />
              <item name="tanjiu" type="462c0819:PsiDirectoryNode" />
              <item name="service" type="462c0819:PsiDirectoryNode" />
              <item name="messageconsumer" type="462c0819:PsiDirectoryNode" />
              <item name="sms" type="462c0819:PsiDirectoryNode" />
            </path>
            <path>
              <item name="msg-center-parent" type="b2602c69:ProjectViewProjectNode" />
              <item name="msg-center" type="462c0819:PsiDirectoryNode" />
              <item name="msg-center-api" type="462c0819:PsiDirectoryNode" />
              <item name="src" type="462c0819:PsiDirectoryNode" />
              <item name="main" type="462c0819:PsiDirectoryNode" />
              <item name="java" type="462c0819:PsiDirectoryNode" />
              <item name="com" type="462c0819:PsiDirectoryNode" />
              <item name="tanjiu" type="462c0819:PsiDirectoryNode" />
              <item name="service" type="462c0819:PsiDirectoryNode" />
              <item name="messageproducer" type="462c0819:PsiDirectoryNode" />
            </path>
            <path>
              <item name="msg-center-parent" type="b2602c69:ProjectViewProjectNode" />
              <item name="msg-center" type="462c0819:PsiDirectoryNode" />
              <item name="msg-center-api" type="462c0819:PsiDirectoryNode" />
              <item name="src" type="462c0819:PsiDirectoryNode" />
              <item name="main" type="462c0819:PsiDirectoryNode" />
              <item name="resources" type="462c0819:PsiDirectoryNode" />
            </path>
          </expand>
          <select />
        </subPane>
      </pane>
      <pane id="PackagesPane" />
      <pane id="Scope" />
    </panes>
  </component>
  <component name="TimeTrackingManager">
    <option name="totallyTimeSpent" value="2368000" />
  </component>
  <component name="ToolWindowManager">
    <layout>
      <window_info anchor="right" id="Maven" order="4" visible="true" weight="0.091689005" />
      <window_info anchor="bottom" id="Internal Method Tracing" order="6" />
      <window_info anchor="bottom" id="Build" order="19" />
      <window_info id="Learn" order="5" />
      <window_info anchor="bottom" id="Run" order="2" />
      <window_info anchor="bottom" id="Spring" order="15" />
      <window_info anchor="bottom" id="Services" order="12" show_stripe_button="false" />
      <window_info anchor="right" id="leetcode" order="3" side_tool="true" />
      <window_info anchor="right" id="Ant Build" order="1" weight="0.25" />
      <window_info id="Web" order="2" side_tool="true" />
      <window_info id="Favorites" order="3" side_tool="true" />
      <window_info anchor="bottom" id="Terminal" order="17" />
      <window_info anchor="right" id="Commander" internal_type="SLIDING" order="0" type="SLIDING" weight="0.4" />
      <window_info anchor="right" id="JSON Utils" order="10" />
      <window_info anchor="bottom" id="Event Log" order="18" side_tool="true" />
      <window_info anchor="bottom" id="Cvs" order="4" weight="0.25" />
      <window_info anchor="bottom" id="Messages" order="7" />
      <window_info anchor="right" content_ui="combo" id="Hierarchy" order="2" weight="0.25" />
      <window_info anchor="bottom" id="Problems" order="14" />
      <window_info anchor="bottom" id="Java Enterprise" order="20" />
      <window_info anchor="bottom" id="Project Problems" order="8" />
      <window_info anchor="bottom" id="Database Changes" order="16" show_stripe_button="false" />
      <window_info anchor="bottom" id="Version Control" order="13" />
      <window_info anchor="right" id="Ant" order="6" />
      <window_info id="Commit" order="4" />
      <window_info anchor="bottom" id="Find" order="1" />
      <window_info active="true" content_ui="combo" id="Project" order="0" visible="true" weight="0.26434317" />
      <window_info anchor="bottom" id="Endpoints" order="10" />
      <window_info anchor="right" id="Database" order="5" />
      <window_info anchor="bottom" id="Message" order="0" />
      <window_info anchor="bottom" id="TODO" order="11" />
      <window_info anchor="right" id="Codota" order="8" />
      <window_info id="Structure" order="1" side_tool="true" weight="0.25" />
      <window_info anchor="bottom" id="Problems View" order="5" />
      <window_info anchor="bottom" id="Inspection" order="9" weight="0.4" />
      <window_info anchor="right" id="Word Book" order="7" side_tool="true" />
      <window_info anchor="right" id="Bean Validation" order="9" />
      <window_info anchor="bottom" id="Debug" order="3" weight="0.35382956" />
    </layout>
  </component>
  <component name="editorHistoryManager">
    <entry file="file://$PROJECT_DIR$/msg-center-api/src/main/resources/datasource.xml">
      <provider selected="true" editor-type-id="text-editor">
        <state relative-caret-position="480">
          <caret line="20" column="65" selection-start-line="20" selection-start-column="53" selection-end-line="20" selection-end-column="65" />
        </state>
      </provider>
    </entry>
    <entry file="file://$PROJECT_DIR$/msg-center-api/src/main/java/com/tanjiu/dao/MessageMapper.java" />
    <entry file="file://$PROJECT_DIR$/msg-center-api/src/main/java/com/tanjiu/dao/MsgPushInfoMapper.java">
      <provider selected="true" editor-type-id="text-editor">
        <state relative-caret-position="234">
          <caret line="14" column="1" selection-start-line="14" selection-start-column="1" selection-end-line="14" selection-end-column="1" />
        </state>
      </provider>
    </entry>
    <entry file="file://$PROJECT_DIR$/msg-center-api/src/main/resources/mapper/MsgPushInfoMapper.xml">
      <provider selected="true" editor-type-id="text-editor">
        <state relative-caret-position="494">
          <caret line="19" column="34" selection-start-line="19" selection-start-column="20" selection-end-line="19" selection-end-column="34" />
        </state>
      </provider>
    </entry>
    <entry file="file://$PROJECT_DIR$/msg-center-api/src/main/java/com/tanjiu/service/messageconsumer/sms/SmsUtils.java">
      <provider selected="true" editor-type-id="text-editor">
        <state relative-caret-position="104">
          <caret line="31" column="13" selection-start-line="31" selection-start-column="13" selection-end-line="31" selection-end-column="13" />
        </state>
      </provider>
    </entry>
    <entry file="file://$PROJECT_DIR$/msg-center-api/src/main/resources/application-test.yaml">
      <provider selected="true" editor-type-id="text-editor">
        <state relative-caret-position="1586">
          <caret line="61" column="21" selection-start-line="61" selection-start-column="21" selection-end-line="61" selection-end-column="21" />
        </state>
      </provider>
    </entry>
    <entry file="file://$PROJECT_DIR$/msg-center-api/src/main/java/com/tanjiu/service/messageconsumer/sms/SmsServiceImpl.java">
      <provider selected="true" editor-type-id="text-editor">
        <state relative-caret-position="546">
          <caret line="40" column="42" selection-start-line="40" selection-start-column="25" selection-end-line="40" selection-end-column="42" />
        </state>
      </provider>
    </entry>
    <entry file="file://$PROJECT_DIR$/msg-center-api/src/main/resources/application-dev.yaml">
      <provider selected="true" editor-type-id="text-editor">
        <state relative-caret-position="1612">
          <caret line="62" column="24" selection-start-line="62" selection-start-column="24" selection-end-line="62" selection-end-column="24" />
        </state>
      </provider>
    </entry>
    <entry file="file://$PROJECT_DIR$/msg-center-api/src/main/java/com/tanjiu/config/SwaggerConfig.java">
      <provider selected="true" editor-type-id="text-editor">
        <state relative-caret-position="182">
          <caret line="26" column="25" selection-start-line="26" selection-start-column="25" selection-end-line="26" selection-end-column="25" />
        </state>
      </provider>
    </entry>
    <entry file="file://$PROJECT_DIR$/msg-center-api/src/main/resources/logback-spring.xml">
      <provider selected="true" editor-type-id="text-editor" />
    </entry>
    <entry file="file://$PROJECT_DIR$/msg-center-api/src/main/java/com/tanjiu/config/FJsonConfig.java">
      <provider selected="true" editor-type-id="text-editor">
        <state relative-caret-position="156">
          <caret line="21" column="13" selection-start-line="21" selection-start-column="13" selection-end-line="21" selection-end-column="13" />
        </state>
      </provider>
    </entry>
    <entry file="file://$PROJECT_DIR$/msg-center-api/src/main/resources/application-pro.yaml">
      <provider selected="true" editor-type-id="text-editor">
        <state relative-caret-position="711">
          <caret line="71" column="31" selection-start-line="71" selection-start-column="31" selection-end-line="71" selection-end-column="31" />
        </state>
      </provider>
    </entry>
  </component>
</project>