<project version="4">
  <component name="FileEditorManager">
    <leaf>
      <file pinned="false" current-in-tab="false">
        <entry file="file://$PROJECT_DIR$/pom.xml">
          <provider selected="true" editor-type-id="text-editor">
            <state relative-caret-position="62">
              <caret line="13" column="37" selection-start-line="13" selection-start-column="37" selection-end-line="13" selection-end-column="37" />
            </state>
          </provider>
        </entry>
      </file>
      <file pinned="false" current-in-tab="false">
        <entry file="file://$PROJECT_DIR$/src/main/java/com/chuanxi/LogisticsServiceApplication.java">
          <provider selected="true" editor-type-id="text-editor">
            <state relative-caret-position="176">
              <caret line="16" column="13" selection-start-line="16" selection-start-column="13" selection-end-line="16" selection-end-column="13" />
            </state>
          </provider>
        </entry>
      </file>
      <file pinned="false" current-in-tab="false">
        <entry file="file://$PROJECT_DIR$/src/main/java/com/chuanxi/service/impl/LogisticsServiceImpl.java">
          <provider selected="true" editor-type-id="text-editor">
            <state relative-caret-position="132">
              <caret line="53" column="13" selection-start-line="53" selection-start-column="13" selection-end-line="53" selection-end-column="13" />
            </state>
          </provider>
        </entry>
      </file>
      <file pinned="false" current-in-tab="true">
        <entry file="file://$PROJECT_DIR$/src/main/java/com/chuanxi/utils/exportUtils/ExportBaseService.java">
          <provider selected="true" editor-type-id="text-editor">
            <state relative-caret-position="392">
              <caret line="104" column="44" lean-forward="true" selection-start-line="104" selection-start-column="44" selection-end-line="104" selection-end-column="44" />
              <folding>
                <element signature="imports" expanded="true" />
                <element signature="docComment;class#ExportBaseService#0" expanded="true" />
              </folding>
            </state>
          </provider>
        </entry>
      </file>
      <file pinned="false" current-in-tab="false">
        <entry file="file://$PROJECT_DIR$/src/main/java/com/chuanxi/utils/exportUtils/AllOrderExportService.java">
          <provider selected="true" editor-type-id="text-editor">
            <state relative-caret-position="132">
              <caret line="21" column="13" selection-start-line="21" selection-start-column="13" selection-end-line="21" selection-end-column="13" />
            </state>
          </provider>
        </entry>
      </file>
      <file pinned="false" current-in-tab="false">
        <entry file="file://$PROJECT_DIR$/src/main/java/com/chuanxi/utils/exportUtils/LocalDateUtil.java">
          <provider selected="true" editor-type-id="text-editor">
            <state relative-caret-position="110">
              <caret line="17" column="13" selection-start-line="17" selection-start-column="13" selection-end-line="17" selection-end-column="13" />
            </state>
          </provider>
        </entry>
      </file>
    </leaf>
  </component>
  <component name="IdeDocumentHistory">
    <option name="CHANGED_PATHS">
      <list>
        <option value="$PROJECT_DIR$/src/main/java/com/chuanxi/utils/exportUtils/ExportBaseService.java" />
      </list>
    </option>
  </component>
  <component name="MavenProjectNavigator">
    <treeState>
      <expand />
      <select />
    </treeState>
  </component>
  <component name="ProjectFrameBounds" extendedState="6">
    <option name="x" value="8" />
    <option name="y" value="8" />
    <option name="width" value="1920" />
    <option name="height" value="1050" />
  </component>
  <component name="ProjectView">
    <navigator proportions="" version="1">
      <foldersAlwaysOnTop value="true" />
    </navigator>
    <panes>
      <pane id="PackagesPane" />
      <pane id="ProjectPane">
        <subPane>
          <expand>
            <path>
              <item name="service-logistics" type="b2602c69:ProjectViewProjectNode" />
              <item name="service-logistics" type="462c0819:PsiDirectoryNode" />
            </path>
            <path>
              <item name="service-logistics" type="b2602c69:ProjectViewProjectNode" />
              <item name="service-logistics" type="462c0819:PsiDirectoryNode" />
              <item name="src" type="462c0819:PsiDirectoryNode" />
            </path>
            <path>
              <item name="service-logistics" type="b2602c69:ProjectViewProjectNode" />
              <item name="service-logistics" type="462c0819:PsiDirectoryNode" />
              <item name="src" type="462c0819:PsiDirectoryNode" />
              <item name="main" type="462c0819:PsiDirectoryNode" />
            </path>
            <path>
              <item name="service-logistics" type="b2602c69:ProjectViewProjectNode" />
              <item name="service-logistics" type="462c0819:PsiDirectoryNode" />
              <item name="src" type="462c0819:PsiDirectoryNode" />
              <item name="main" type="462c0819:PsiDirectoryNode" />
              <item name="java" type="462c0819:PsiDirectoryNode" />
            </path>
            <path>
              <item name="service-logistics" type="b2602c69:ProjectViewProjectNode" />
              <item name="service-logistics" type="462c0819:PsiDirectoryNode" />
              <item name="src" type="462c0819:PsiDirectoryNode" />
              <item name="main" type="462c0819:PsiDirectoryNode" />
              <item name="java" type="462c0819:PsiDirectoryNode" />
              <item name="com" type="462c0819:PsiDirectoryNode" />
            </path>
            <path>
              <item name="service-logistics" type="b2602c69:ProjectViewProjectNode" />
              <item name="service-logistics" type="462c0819:PsiDirectoryNode" />
              <item name="src" type="462c0819:PsiDirectoryNode" />
              <item name="main" type="462c0819:PsiDirectoryNode" />
              <item name="java" type="462c0819:PsiDirectoryNode" />
              <item name="com" type="462c0819:PsiDirectoryNode" />
              <item name="chuanxi" type="462c0819:PsiDirectoryNode" />
            </path>
            <path>
              <item name="service-logistics" type="b2602c69:ProjectViewProjectNode" />
              <item name="service-logistics" type="462c0819:PsiDirectoryNode" />
              <item name="src" type="462c0819:PsiDirectoryNode" />
              <item name="main" type="462c0819:PsiDirectoryNode" />
              <item name="java" type="462c0819:PsiDirectoryNode" />
              <item name="com" type="462c0819:PsiDirectoryNode" />
              <item name="chuanxi" type="462c0819:PsiDirectoryNode" />
              <item name="service" type="462c0819:PsiDirectoryNode" />
            </path>
            <path>
              <item name="service-logistics" type="b2602c69:ProjectViewProjectNode" />
              <item name="service-logistics" type="462c0819:PsiDirectoryNode" />
              <item name="src" type="462c0819:PsiDirectoryNode" />
              <item name="main" type="462c0819:PsiDirectoryNode" />
              <item name="java" type="462c0819:PsiDirectoryNode" />
              <item name="com" type="462c0819:PsiDirectoryNode" />
              <item name="chuanxi" type="462c0819:PsiDirectoryNode" />
              <item name="service" type="462c0819:PsiDirectoryNode" />
              <item name="expimp" type="462c0819:PsiDirectoryNode" />
            </path>
            <path>
              <item name="service-logistics" type="b2602c69:ProjectViewProjectNode" />
              <item name="service-logistics" type="462c0819:PsiDirectoryNode" />
              <item name="src" type="462c0819:PsiDirectoryNode" />
              <item name="main" type="462c0819:PsiDirectoryNode" />
              <item name="java" type="462c0819:PsiDirectoryNode" />
              <item name="com" type="462c0819:PsiDirectoryNode" />
              <item name="chuanxi" type="462c0819:PsiDirectoryNode" />
              <item name="service" type="462c0819:PsiDirectoryNode" />
              <item name="impl" type="462c0819:PsiDirectoryNode" />
            </path>
            <path>
              <item name="service-logistics" type="b2602c69:ProjectViewProjectNode" />
              <item name="service-logistics" type="462c0819:PsiDirectoryNode" />
              <item name="src" type="462c0819:PsiDirectoryNode" />
              <item name="main" type="462c0819:PsiDirectoryNode" />
              <item name="java" type="462c0819:PsiDirectoryNode" />
              <item name="com" type="462c0819:PsiDirectoryNode" />
              <item name="chuanxi" type="462c0819:PsiDirectoryNode" />
              <item name="service" type="462c0819:PsiDirectoryNode" />
              <item name="jd" type="462c0819:PsiDirectoryNode" />
            </path>
            <path>
              <item name="service-logistics" type="b2602c69:ProjectViewProjectNode" />
              <item name="service-logistics" type="462c0819:PsiDirectoryNode" />
              <item name="src" type="462c0819:PsiDirectoryNode" />
              <item name="main" type="462c0819:PsiDirectoryNode" />
              <item name="java" type="462c0819:PsiDirectoryNode" />
              <item name="com" type="462c0819:PsiDirectoryNode" />
              <item name="chuanxi" type="462c0819:PsiDirectoryNode" />
              <item name="service" type="462c0819:PsiDirectoryNode" />
              <item name="jd" type="462c0819:PsiDirectoryNode" />
              <item name="impl" type="462c0819:PsiDirectoryNode" />
            </path>
            <path>
              <item name="service-logistics" type="b2602c69:ProjectViewProjectNode" />
              <item name="service-logistics" type="462c0819:PsiDirectoryNode" />
              <item name="src" type="462c0819:PsiDirectoryNode" />
              <item name="main" type="462c0819:PsiDirectoryNode" />
              <item name="java" type="462c0819:PsiDirectoryNode" />
              <item name="com" type="462c0819:PsiDirectoryNode" />
              <item name="chuanxi" type="462c0819:PsiDirectoryNode" />
              <item name="utils" type="462c0819:PsiDirectoryNode" />
            </path>
            <path>
              <item name="service-logistics" type="b2602c69:ProjectViewProjectNode" />
              <item name="service-logistics" type="462c0819:PsiDirectoryNode" />
              <item name="src" type="462c0819:PsiDirectoryNode" />
              <item name="main" type="462c0819:PsiDirectoryNode" />
              <item name="java" type="462c0819:PsiDirectoryNode" />
              <item name="com" type="462c0819:PsiDirectoryNode" />
              <item name="chuanxi" type="462c0819:PsiDirectoryNode" />
              <item name="utils" type="462c0819:PsiDirectoryNode" />
              <item name="exportUtils" type="462c0819:PsiDirectoryNode" />
            </path>
            <path>
              <item name="service-logistics" type="b2602c69:ProjectViewProjectNode" />
              <item name="service-logistics" type="462c0819:PsiDirectoryNode" />
              <item name="src" type="462c0819:PsiDirectoryNode" />
              <item name="main" type="462c0819:PsiDirectoryNode" />
              <item name="java" type="462c0819:PsiDirectoryNode" />
              <item name="com" type="462c0819:PsiDirectoryNode" />
              <item name="chuanxi" type="462c0819:PsiDirectoryNode" />
              <item name="utils" type="462c0819:PsiDirectoryNode" />
              <item name="exportUtils" type="462c0819:PsiDirectoryNode" />
              <item name="export" type="462c0819:PsiDirectoryNode" />
            </path>
            <path>
              <item name="service-logistics" type="b2602c69:ProjectViewProjectNode" />
              <item name="service-logistics" type="462c0819:PsiDirectoryNode" />
              <item name="src" type="462c0819:PsiDirectoryNode" />
              <item name="main" type="462c0819:PsiDirectoryNode" />
              <item name="resources" type="462c0819:PsiDirectoryNode" />
            </path>
          </expand>
          <select />
        </subPane>
      </pane>
      <pane id="Scope" />
    </panes>
  </component>
  <component name="TimeTrackingManager">
    <option name="totallyTimeSpent" value="179000" />
  </component>
  <component name="ToolWindowManager">
    <frame x="-8" y="-8" width="1936" height="1066" extended-state="6" />
    <layout>
      <window_info id="Favorites" side_tool="true" />
      <window_info active="true" content_ui="combo" id="Project" order="0" visible="true" weight="0.24986595" />
      <window_info id="Structure" order="1" side_tool="true" weight="0.25" />
      <window_info anchor="bottom" id="Services" />
      <window_info anchor="bottom" id="Problems" />
      <window_info anchor="bottom" id="Database Changes" />
      <window_info anchor="bottom" id="Version Control" />
      <window_info anchor="bottom" id="Terminal" />
      <window_info anchor="bottom" id="Event Log" side_tool="true" />
      <window_info anchor="bottom" id="Build" />
      <window_info anchor="bottom" id="Message" order="0" />
      <window_info anchor="bottom" id="Find" order="1" />
      <window_info anchor="bottom" id="Run" order="2" />
      <window_info anchor="bottom" id="Debug" order="3" weight="0.4" />
      <window_info anchor="bottom" id="Cvs" order="4" weight="0.25" />
      <window_info anchor="bottom" id="Inspection" order="5" weight="0.4" />
      <window_info anchor="bottom" id="TODO" order="6" />
      <window_info anchor="right" id="leetcode" side_tool="true" />
      <window_info anchor="right" id="Ant" />
      <window_info anchor="right" id="Maven" visible="true" weight="0.041823056" />
      <window_info anchor="right" id="JSON Utils" />
      <window_info anchor="right" id="Database" />
      <window_info anchor="right" id="Commander" internal_type="SLIDING" order="0" type="SLIDING" weight="0.4" />
      <window_info anchor="right" id="Ant Build" order="1" weight="0.25" />
      <window_info anchor="right" content_ui="combo" id="Hierarchy" order="2" weight="0.25" />
    </layout>
  </component>
  <component name="editorHistoryManager">
    <entry file="file://$PROJECT_DIR$/.gitignore">
      <provider selected="true" editor-type-id="text-editor" />
    </entry>
    <entry file="file://$PROJECT_DIR$/pom.xml">
      <provider selected="true" editor-type-id="text-editor">
        <state relative-caret-position="62">
          <caret line="13" column="37" selection-start-line="13" selection-start-column="37" selection-end-line="13" selection-end-column="37" />
        </state>
      </provider>
    </entry>
    <entry file="file://$PROJECT_DIR$/src/main/java/com/chuanxi/LogisticsServiceApplication.java">
      <provider selected="true" editor-type-id="text-editor">
        <state relative-caret-position="176">
          <caret line="16" column="13" selection-start-line="16" selection-start-column="13" selection-end-line="16" selection-end-column="13" />
        </state>
      </provider>
    </entry>
    <entry file="file://$PROJECT_DIR$/src/main/java/com/chuanxi/service/impl/LogisticsServiceImpl.java">
      <provider selected="true" editor-type-id="text-editor">
        <state relative-caret-position="132">
          <caret line="53" column="13" selection-start-line="53" selection-start-column="13" selection-end-line="53" selection-end-column="13" />
        </state>
      </provider>
    </entry>
    <entry file="file://$PROJECT_DIR$/src/main/java/com/chuanxi/utils/exportUtils/AllOrderExportService.java">
      <provider selected="true" editor-type-id="text-editor">
        <state relative-caret-position="132">
          <caret line="21" column="13" selection-start-line="21" selection-start-column="13" selection-end-line="21" selection-end-column="13" />
        </state>
      </provider>
    </entry>
    <entry file="file://$PROJECT_DIR$/src/main/java/com/chuanxi/utils/exportUtils/LocalDateUtil.java">
      <provider selected="true" editor-type-id="text-editor">
        <state relative-caret-position="110">
          <caret line="17" column="13" selection-start-line="17" selection-start-column="13" selection-end-line="17" selection-end-column="13" />
        </state>
      </provider>
    </entry>
    <entry file="file://$PROJECT_DIR$/src/main/java/com/chuanxi/utils/exportUtils/ExportBaseService.java">
      <provider selected="true" editor-type-id="text-editor">
        <state relative-caret-position="392">
          <caret line="104" column="44" lean-forward="true" selection-start-line="104" selection-start-column="44" selection-end-line="104" selection-end-column="44" />
          <folding>
            <element signature="imports" expanded="true" />
            <element signature="docComment;class#ExportBaseService#0" expanded="true" />
          </folding>
        </state>
      </provider>
    </entry>
  </component>
</project>