<project version="4">
  <component name="CoverageViewManager">
    <option name="myElementSize" value="294" />
  </component>
  <component name="DatabaseView">
    <expand>
      <path>
        <item name="Database" type="3277223f:DatabaseStructure$DbRootGroup" />
        <item name="learn_demo@localhost" type="feb32156:DbDataSourceImpl" />
      </path>
      <path>
        <item name="Database" type="3277223f:DatabaseStructure$DbRootGroup" />
        <item name="learn_demo@localhost" type="feb32156:DbDataSourceImpl" />
        <item name="schemas" type="d4e8921:DatabaseStructure$FamilyGroup" />
      </path>
      <path>
        <item name="Database" type="3277223f:DatabaseStructure$DbRootGroup" />
        <item name="learn_demo@localhost" type="feb32156:DbDataSourceImpl" />
        <item name="schemas" type="d4e8921:DatabaseStructure$FamilyGroup" />
        <item name="learn_demo: schema" type="76f4a085:MysqlImplModel$Schema" />
      </path>
    </expand>
    <select />
  </component>
  <component name="FileEditorManager">
    <leaf SIDE_TABS_SIZE_LIMIT_KEY="-1">
      <file pinned="false" current-in-tab="false">
        <entry file="file://$PROJECT_DIR$/src/main/java/pri/zxx/learndemo/threademo/ThraedLocalTest.java">
          <provider selected="true" editor-type-id="text-editor" />
        </entry>
      </file>
      <file pinned="false" current-in-tab="false">
        <entry file="file://$PROJECT_DIR$/src/main/java/pri/zxx/learndemo/threademo/threadOps/threadmoniter/threadmoniterImp/MyLifecycle.java">
          <provider selected="true" editor-type-id="text-editor">
            <state relative-caret-position="210">
              <caret line="10" column="13" selection-start-line="10" selection-start-column="13" selection-end-line="10" selection-end-column="13" />
            </state>
          </provider>
        </entry>
      </file>
      <file pinned="false" current-in-tab="false">
        <entry file="file://$PROJECT_DIR$/src/main/java/pri/zxx/learndemo/threademo/threadOps/threadmoniter/threadmoniterImp/ObservableThreadApp.java">
          <provider selected="true" editor-type-id="text-editor">
            <state relative-caret-position="210">
              <caret line="14" column="13" selection-start-line="14" selection-start-column="13" selection-end-line="14" selection-end-column="13" />
            </state>
          </provider>
        </entry>
      </file>
      <file pinned="false" current-in-tab="false">
        <entry file="file://$PROJECT_DIR$/src/main/java/pri/zxx/learndemo/threademo/threadOps/threadmoniter/threadmoniterImp/ObservableThreadCaller.java">
          <provider selected="true" editor-type-id="text-editor">
            <state relative-caret-position="315">
              <caret line="15" column="26" selection-start-line="15" selection-start-column="22" selection-end-line="15" selection-end-column="26" />
            </state>
          </provider>
        </entry>
      </file>
      <file pinned="false" current-in-tab="false">
        <entry file="file://$PROJECT_DIR$/src/main/java/pri/zxx/learndemo/threademo/base/TicketWindowDemo.java">
          <provider selected="true" editor-type-id="text-editor">
            <state relative-caret-position="714">
              <caret line="38" column="1" selection-start-line="38" selection-start-column="1" selection-end-line="38" selection-end-column="1" />
              <folding>
                <element signature="imports" expanded="true" />
              </folding>
            </state>
          </provider>
        </entry>
      </file>
      <file pinned="false" current-in-tab="false">
        <entry file="file://$PROJECT_DIR$/src/main/java/pri/zxx/learndemo/threademo/base/InterruptDemo.java">
          <provider selected="true" editor-type-id="text-editor">
            <state relative-caret-position="189">
              <caret line="10" column="6" selection-start-line="10" selection-start-column="6" selection-end-line="10" selection-end-column="6" />
              <folding>
                <element signature="imports" expanded="true" />
              </folding>
            </state>
          </provider>
        </entry>
      </file>
      <file pinned="false" current-in-tab="false">
        <entry file="file://$PROJECT_DIR$/src/main/java/pri/zxx/webdemo/utils/TimeUtils.java">
          <provider selected="true" editor-type-id="text-editor">
            <state relative-caret-position="273">
              <caret line="16" column="79" selection-start-line="16" selection-start-column="79" selection-end-line="16" selection-end-column="79" />
            </state>
          </provider>
        </entry>
      </file>
      <file pinned="false" current-in-tab="false">
        <entry file="file://$PROJECT_DIR$/src/main/java/pri/zxx/LearnDemoApplication.java">
          <provider selected="true" editor-type-id="text-editor">
            <state relative-caret-position="630">
              <caret line="42" selection-start-line="42" selection-end-line="42" />
              <folding>
                <element signature="e#1193#1194#0" expanded="true" />
                <element signature="e#1264#1265#0" expanded="true" />
                <element signature="e#1316#1317#0" expanded="true" />
                <element signature="e#1357#1358#0" expanded="true" />
              </folding>
            </state>
          </provider>
        </entry>
      </file>
      <file pinned="false" current-in-tab="false">
        <entry file="file://$PROJECT_DIR$/src/gitTest.txt">
          <provider selected="true" editor-type-id="text-editor">
            <state relative-caret-position="21">
              <caret line="1" selection-start-line="1" selection-end-line="1" />
            </state>
          </provider>
        </entry>
      </file>
      <file pinned="false" current-in-tab="true">
        <entry file="file://$PROJECT_DIR$/src/main/resources/files/shiro.txt">
          <provider selected="true" editor-type-id="text-editor" />
        </entry>
      </file>
    </leaf>
  </component>
  <component name="FindInProjectRecents">
    <findStrings>
      <find>全局异常信息捕获</find>
      <find>HttpMessageConverter</find>
      <find>OTHER</find>
      <find>{tEnum,jdbcType=CHAR</find>
      <find>t_enum</find>
      <find>tEnum</find>
      <find>#{tEnum,jdbcType=VARCHAR}</find>
      <find>Logger.getLogger</find>
      <find>import org\.apache\.log4j\.Logger;</find>
      <find>import java.util.logging.Logger;</find>
      <find>import org.slf4j.Logger;</find>
      <find>logger.warning</find>
      <find>No URLs will be polled as dynamic configuration sources</find>
      <find>&quot;, e</find>
      <find>@Api</find>
    </findStrings>
    <replaceStrings>
      <replace>CHAR</replace>
      <replace>{tEnum,jdbcType=VARCHAR</replace>
      <replace>#{tEnum,jdbcType=CHAR}</replace>
      <replace>LoggerFactory.getLogger</replace>
      <replace>import org.slf4j.Logger;</replace>
      <replace>logger.warn</replace>
      <replace />
    </replaceStrings>
  </component>
  <component name="IdeDocumentHistory">
    <option name="CHANGED_PATHS">
      <list>
        <option value="$PROJECT_DIR$/src/main/java/pri/zxx/learndemo/designmodels/strategymodel/AbstactMsgContent.java" />
        <option value="$PROJECT_DIR$/src/main/java/pri/zxx/learndemo/designmodels/strategymodel/WxStategy.java" />
        <option value="$PROJECT_DIR$/src/main/java/pri/zxx/learndemo/designmodels/strategymodel/wx/AppPath.java" />
        <option value="$PROJECT_DIR$/src/main/java/pri/zxx/learndemo/designmodels/strategymodel/AbstractMsgContent.java" />
        <option value="$PROJECT_DIR$/src/main/java/pri/zxx/learndemo/designmodels/strategymodel/sms/SmsContent.java" />
        <option value="$PROJECT_DIR$/src/main/java/pri/zxx/webdemo/utils/GsonUtil.java" />
        <option value="$PROJECT_DIR$/src/main/java/pri/zxx/learndemo/designmodels/strategymodel/SmsStrategy.java" />
        <option value="$PROJECT_DIR$/src/main/java/pri/zxx/learndemo/designmodels/strategymodel/WxStrategy.java" />
        <option value="$PROJECT_DIR$/src/main/java/pri/zxx/learndemo/designmodels/strategymodel/FactoryStrategy.java" />
        <option value="$PROJECT_DIR$/src/main/java/pri/zxx/learndemo/designmodels/strategymodel/wx/WxContent.java" />
        <option value="$PROJECT_DIR$/src/main/java/pri/zxx/datastructure/stack/Mystack.java" />
        <option value="$APPLICATION_CONFIG_DIR$/scratches/Learning" />
        <option value="$PROJECT_DIR$/src/main/java/pri/zxx/learndemo/designmodels/strategymodel/MsgTemplate.java" />
        <option value="$PROJECT_DIR$/src/main/java/pri/zxx/learndemo/designmodels/strategymodel/TestEntity.java" />
        <option value="$PROJECT_DIR$/src/main/java/pri/zxx/learndemo/designmodels/strategymodel/Vars.java" />
        <option value="$PROJECT_DIR$/src/main/java/pri/zxx/datastructure/stack/Vars.java" />
        <option value="$PROJECT_DIR$/src/main/java/pri/zxx/learndemo/datasource/C3poDataSourceConfig.java" />
        <option value="$PROJECT_DIR$/src/main/java/pri/zxx/learndemo/smsdemo/SmsDemo.java" />
        <option value="$PROJECT_DIR$/src/main/java/pri/zxx/LearnDemoApplication.java" />
        <option value="$PROJECT_DIR$/src/main/java/pri/zxx/datastructure/stack/MyStack.java" />
        <option value="$PROJECT_DIR$/src/main/java/pri/zxx/learndemo/designmodels/strategymodel/MsgStrategy.java" />
        <option value="$PROJECT_DIR$/src/main/java/pri/zxx/learndemo/designmodels/strategymodel/Test.java" />
        <option value="$PROJECT_DIR$/src/main/java/pri/zxx/datastructure/stack/targetClass.java" />
        <option value="$PROJECT_DIR$/src/main/java/pri/zxx/datastructure/stack/TargetClass.java" />
        <option value="$PROJECT_DIR$/src/main/java/pri/zxx/datastructure/stack/SayHi.java" />
        <option value="$PROJECT_DIR$/src/main/java/pri/zxx/datastructure/stack/SayYes.java" />
        <option value="$PROJECT_DIR$/src/main/java/pri/zxx/datastructure/stack/proxy/SayHi.java" />
        <option value="$PROJECT_DIR$/src/main/java/pri/zxx/datastructure/stack/proxy/ProxyFactory.java" />
        <option value="$PROJECT_DIR$/pom.xml" />
        <option value="$PROJECT_DIR$/src/main/java/pri/zxx/learndemo/lambdaandstream/newTimeApi/DateUtil.java" />
        <option value="$PROJECT_DIR$/src/main/java/pri/zxx/learndemo/localUtils/LocalDateUtil.java" />
        <option value="$PROJECT_DIR$/src/main/java/pri/zxx/nio/BufferTest.java" />
        <option value="$APPLICATION_CONFIG_DIR$/scratches/rest-api_3.http" />
        <option value="$APPLICATION_CONFIG_DIR$/scratches/rest-api_4.http" />
        <option value="$PROJECT_DIR$/src/main/java/pri/zxx/webdemo/entity/vo/ResultData.java" />
        <option value="$PROJECT_DIR$/src/main/java/pri/zxx/webdemo/utils/poi/ExportBaseService.java" />
        <option value="$PROJECT_DIR$/src/main/java/pri/zxx/testdemo/PCAction.java" />
        <option value="$PROJECT_DIR$/src/main/java/pri/zxx/webdemo/controllers/SysUserController.java" />
        <option value="$PROJECT_DIR$/src/main/java/pri/zxx/webdemo/controllers/PoiExportController.java" />
        <option value="$PROJECT_DIR$/src/main/java/pri/zxx/webdemo/controllers/QRCodeController.java" />
        <option value="$PROJECT_DIR$/src/main/java/pri/zxx/webdemo/controllers/RedisController.java" />
        <option value="$PROJECT_DIR$/src/main/java/pri/zxx/webdemo/quartzdemo/demo1/QuartzTestDemo.java" />
        <option value="$APPLICATION_CONFIG_DIR$/idea64.exe.vmoptions" />
        <option value="$PROJECT_DIR$/src/main/resources/META-INF/additional-spring-configuration-metadata.json" />
        <option value="$PROJECT_DIR$/src/main/resources/application-back.yml" />
        <option value="$PROJECT_DIR$/src/main/java/pri/zxx/webdemo/config/LogRecordAspect.java" />
        <option value="$PROJECT_DIR$/src/main/java/pri/zxx/webdemo/controllers/FileOpeController.java" />
        <option value="$PROJECT_DIR$/src/main/java/pri/zxx/learndemo/threademo/base/TicketWindowDemo.java" />
        <option value="$PROJECT_DIR$/src/main/java/pri/zxx/learndemo/threademo/base/InterrupteDemo.java" />
        <option value="$PROJECT_DIR$/src/main/java/pri/zxx/learndemo/threademo/base/InterruptDemo.java" />
        <option value="$PROJECT_DIR$/src/main/java/pri/zxx/webdemo/utils/TimeUtils.java" />
      </list>
    </option>
  </component>
  <component name="IgnoredFileRootStore">
    <option name="generatedRoots">
      <set>
        <option value="$PROJECT_DIR$/.idea" />
      </set>
    </option>
  </component>
  <component name="MavenProjectNavigator">
    <treeState>
      <expand />
      <select />
    </treeState>
  </component>
  <component name="ProjectFrameBounds" x="0" y="0" width="1920" height="1050" extendedState="6" />
  <component name="ProjectView">
    <navigator currentView="Scope" currentSubView="Scope 'Project Files'; set:Project Files; class com.intellij.psi.search.scope.ProjectFilesScope" proportions="" version="1" />
    <panes>
      <pane id="ProjectPane">
        <subPane>
          <expand>
            <path>
              <item name="learn_demo" type="b2602c69:ProjectViewProjectNode" />
              <item name="learn_demo" type="462c0819:PsiDirectoryNode" />
            </path>
            <path>
              <item name="learn_demo" type="b2602c69:ProjectViewProjectNode" />
              <item name="learn_demo" type="462c0819:PsiDirectoryNode" />
              <item name="src" type="462c0819:PsiDirectoryNode" />
            </path>
            <path>
              <item name="learn_demo" type="b2602c69:ProjectViewProjectNode" />
              <item name="learn_demo" type="462c0819:PsiDirectoryNode" />
              <item name="src" type="462c0819:PsiDirectoryNode" />
              <item name="main" type="462c0819:PsiDirectoryNode" />
            </path>
            <path>
              <item name="learn_demo" type="b2602c69:ProjectViewProjectNode" />
              <item name="learn_demo" type="462c0819:PsiDirectoryNode" />
              <item name="src" type="462c0819:PsiDirectoryNode" />
              <item name="main" type="462c0819:PsiDirectoryNode" />
              <item name="java" type="462c0819:PsiDirectoryNode" />
            </path>
            <path>
              <item name="learn_demo" type="b2602c69:ProjectViewProjectNode" />
              <item name="learn_demo" type="462c0819:PsiDirectoryNode" />
              <item name="src" type="462c0819:PsiDirectoryNode" />
              <item name="main" type="462c0819:PsiDirectoryNode" />
              <item name="java" type="462c0819:PsiDirectoryNode" />
              <item name="pri" type="462c0819:PsiDirectoryNode" />
            </path>
            <path>
              <item name="learn_demo" type="b2602c69:ProjectViewProjectNode" />
              <item name="learn_demo" type="462c0819:PsiDirectoryNode" />
              <item name="src" type="462c0819:PsiDirectoryNode" />
              <item name="main" type="462c0819:PsiDirectoryNode" />
              <item name="java" type="462c0819:PsiDirectoryNode" />
              <item name="pri" type="462c0819:PsiDirectoryNode" />
              <item name="zxx" type="462c0819:PsiDirectoryNode" />
            </path>
            <path>
              <item name="learn_demo" type="b2602c69:ProjectViewProjectNode" />
              <item name="learn_demo" type="462c0819:PsiDirectoryNode" />
              <item name="src" type="462c0819:PsiDirectoryNode" />
              <item name="main" type="462c0819:PsiDirectoryNode" />
              <item name="java" type="462c0819:PsiDirectoryNode" />
              <item name="pri" type="462c0819:PsiDirectoryNode" />
              <item name="zxx" type="462c0819:PsiDirectoryNode" />
              <item name="nio" type="462c0819:PsiDirectoryNode" />
            </path>
            <path>
              <item name="learn_demo" type="b2602c69:ProjectViewProjectNode" />
              <item name="learn_demo" type="462c0819:PsiDirectoryNode" />
              <item name="src" type="462c0819:PsiDirectoryNode" />
              <item name="main" type="462c0819:PsiDirectoryNode" />
              <item name="resources" type="462c0819:PsiDirectoryNode" />
            </path>
            <path>
              <item name="learn_demo" type="b2602c69:ProjectViewProjectNode" />
              <item name="learn_demo" type="462c0819:PsiDirectoryNode" />
              <item name="src" type="462c0819:PsiDirectoryNode" />
              <item name="main" type="462c0819:PsiDirectoryNode" />
              <item name="resources" type="462c0819:PsiDirectoryNode" />
              <item name="templates" type="462c0819:PsiDirectoryNode" />
            </path>
            <path>
              <item name="learn_demo" type="b2602c69:ProjectViewProjectNode" />
              <item name="External Libraries" type="cb654da1:ExternalLibrariesNode" />
            </path>
            <path>
              <item name="learn_demo" type="b2602c69:ProjectViewProjectNode" />
              <item name="Scratches and Consoles" type="1a2a3e82:ScratchProjectViewPane$MyProjectNode" />
            </path>
            <path>
              <item name="learn_demo" type="b2602c69:ProjectViewProjectNode" />
              <item name="Scratches and Consoles" type="1a2a3e82:ScratchProjectViewPane$MyProjectNode" />
              <item name="Scratches" type="d62648e6:ScratchProjectViewPane$MyRootNode" />
            </path>
          </expand>
          <select />
        </subPane>
      </pane>
      <pane id="Scope">
        <subPane subId="Scope 'Project Files'; set:Project Files; class com.intellij.psi.search.scope.ProjectFilesScope">
          <expand>
            <path>
              <item name="learn_demo" type="3d21c010:ScopeViewTreeModel$ProjectNode" />
              <item name="learn_demo" type="2674bda8:ScopeViewTreeModel$GroupNode" />
            </path>
            <path>
              <item name="learn_demo" type="3d21c010:ScopeViewTreeModel$ProjectNode" />
              <item name="learn_demo" type="2674bda8:ScopeViewTreeModel$GroupNode" />
              <item name="src" type="9f88c78c:ScopeViewTreeModel$FileNode" />
            </path>
            <path>
              <item name="learn_demo" type="3d21c010:ScopeViewTreeModel$ProjectNode" />
              <item name="learn_demo" type="2674bda8:ScopeViewTreeModel$GroupNode" />
              <item name="src" type="9f88c78c:ScopeViewTreeModel$FileNode" />
              <item name="main" type="9f88c78c:ScopeViewTreeModel$FileNode" />
            </path>
            <path>
              <item name="learn_demo" type="3d21c010:ScopeViewTreeModel$ProjectNode" />
              <item name="learn_demo" type="2674bda8:ScopeViewTreeModel$GroupNode" />
              <item name="src" type="9f88c78c:ScopeViewTreeModel$FileNode" />
              <item name="main" type="9f88c78c:ScopeViewTreeModel$FileNode" />
              <item name="java" type="9f88c78c:ScopeViewTreeModel$FileNode" />
            </path>
            <path>
              <item name="learn_demo" type="3d21c010:ScopeViewTreeModel$ProjectNode" />
              <item name="learn_demo" type="2674bda8:ScopeViewTreeModel$GroupNode" />
              <item name="src" type="9f88c78c:ScopeViewTreeModel$FileNode" />
              <item name="main" type="9f88c78c:ScopeViewTreeModel$FileNode" />
              <item name="java" type="9f88c78c:ScopeViewTreeModel$FileNode" />
              <item name="pri" type="9f88c78c:ScopeViewTreeModel$FileNode" />
            </path>
            <path>
              <item name="learn_demo" type="3d21c010:ScopeViewTreeModel$ProjectNode" />
              <item name="learn_demo" type="2674bda8:ScopeViewTreeModel$GroupNode" />
              <item name="src" type="9f88c78c:ScopeViewTreeModel$FileNode" />
              <item name="main" type="9f88c78c:ScopeViewTreeModel$FileNode" />
              <item name="java" type="9f88c78c:ScopeViewTreeModel$FileNode" />
              <item name="pri" type="9f88c78c:ScopeViewTreeModel$FileNode" />
              <item name="zxx" type="9f88c78c:ScopeViewTreeModel$FileNode" />
            </path>
            <path>
              <item name="learn_demo" type="3d21c010:ScopeViewTreeModel$ProjectNode" />
              <item name="learn_demo" type="2674bda8:ScopeViewTreeModel$GroupNode" />
              <item name="src" type="9f88c78c:ScopeViewTreeModel$FileNode" />
              <item name="main" type="9f88c78c:ScopeViewTreeModel$FileNode" />
              <item name="java" type="9f88c78c:ScopeViewTreeModel$FileNode" />
              <item name="pri" type="9f88c78c:ScopeViewTreeModel$FileNode" />
              <item name="zxx" type="9f88c78c:ScopeViewTreeModel$FileNode" />
              <item name="webdemo" type="9f88c78c:ScopeViewTreeModel$FileNode" />
            </path>
            <path>
              <item name="learn_demo" type="3d21c010:ScopeViewTreeModel$ProjectNode" />
              <item name="learn_demo" type="2674bda8:ScopeViewTreeModel$GroupNode" />
              <item name="src" type="9f88c78c:ScopeViewTreeModel$FileNode" />
              <item name="main" type="9f88c78c:ScopeViewTreeModel$FileNode" />
              <item name="java" type="9f88c78c:ScopeViewTreeModel$FileNode" />
              <item name="pri" type="9f88c78c:ScopeViewTreeModel$FileNode" />
              <item name="zxx" type="9f88c78c:ScopeViewTreeModel$FileNode" />
              <item name="webdemo" type="9f88c78c:ScopeViewTreeModel$FileNode" />
              <item name="utils" type="9f88c78c:ScopeViewTreeModel$FileNode" />
            </path>
          </expand>
          <select />
        </subPane>
      </pane>
      <pane id="PackagesPane">
        <subPane>
          <expand>
            <path>
              <item name="learn_demo" type="58d84e3e:PackageViewProjectNode" />
              <item name="learn_demo" type="616d4139:PackageViewModuleNode" />
            </path>
            <path>
              <item name="learn_demo" type="58d84e3e:PackageViewProjectNode" />
              <item name="learn_demo" type="616d4139:PackageViewModuleNode" />
              <item name="pri" type="1f31426a:PackageElementNode" />
            </path>
            <path>
              <item name="learn_demo" type="58d84e3e:PackageViewProjectNode" />
              <item name="learn_demo" type="616d4139:PackageViewModuleNode" />
              <item name="pri" type="1f31426a:PackageElementNode" />
              <item name="zxx" type="1f31426a:PackageElementNode" />
            </path>
            <path>
              <item name="learn_demo" type="58d84e3e:PackageViewProjectNode" />
              <item name="learn_demo" type="616d4139:PackageViewModuleNode" />
              <item name="pri" type="1f31426a:PackageElementNode" />
              <item name="zxx" type="1f31426a:PackageElementNode" />
              <item name="learndemo" type="1f31426a:PackageElementNode" />
            </path>
            <path>
              <item name="learn_demo" type="58d84e3e:PackageViewProjectNode" />
              <item name="learn_demo" type="616d4139:PackageViewModuleNode" />
              <item name="pri" type="1f31426a:PackageElementNode" />
              <item name="zxx" type="1f31426a:PackageElementNode" />
              <item name="learndemo" type="1f31426a:PackageElementNode" />
              <item name="gsondemo" type="1f31426a:PackageElementNode" />
            </path>
            <path>
              <item name="learn_demo" type="58d84e3e:PackageViewProjectNode" />
              <item name="learn_demo" type="616d4139:PackageViewModuleNode" />
              <item name="pri" type="1f31426a:PackageElementNode" />
              <item name="zxx" type="1f31426a:PackageElementNode" />
              <item name="webdemo" type="1f31426a:PackageElementNode" />
            </path>
            <path>
              <item name="learn_demo" type="58d84e3e:PackageViewProjectNode" />
              <item name="learn_demo" type="616d4139:PackageViewModuleNode" />
              <item name="pri" type="1f31426a:PackageElementNode" />
              <item name="zxx" type="1f31426a:PackageElementNode" />
              <item name="webdemo" type="1f31426a:PackageElementNode" />
              <item name="mappers" type="1f31426a:PackageElementNode" />
            </path>
          </expand>
          <select />
        </subPane>
      </pane>
    </panes>
  </component>
  <component name="ServiceViewManager">
    <option name="viewStates">
      <list>
        <serviceView>
          <option name="contentProportion" value="0.17067833" />
          <treeState>
            <expand>
              <path>
                <item name="services root" type="e789fda9:ObjectUtils$Sentinel" />
                <item name="Spring Boot" type="7427dc5b:ServiceModel$ServiceGroupNode" />
              </path>
            </expand>
            <select />
          </treeState>
        </serviceView>
      </list>
    </option>
  </component>
  <component name="TerminalArrangementManager">
    <option name="myTabStates">
      <TerminalTabState tabName="Local" commandHistoryFileName="history-4" />
    </option>
  </component>
  <component name="TestHistory">
    <history-entry file="MyStack_myTest - 2020.06.13 at 20h 30m 45s.xml">
      <configuration name="MyStack.myTest" configurationId="JUnit" />
    </history-entry>
    <history-entry file="MyStack_myTest2 - 2020.06.13 at 20h 49m 17s.xml">
      <configuration name="MyStack.myTest2" configurationId="JUnit" />
    </history-entry>
    <history-entry file="MyStack_myTest2 - 2020.06.13 at 20h 49m 33s.xml">
      <configuration name="MyStack.myTest2" configurationId="JUnit" />
    </history-entry>
    <history-entry file="MyStack_myTest2 - 2020.06.13 at 20h 50m 15s.xml">
      <configuration name="MyStack.myTest2" configurationId="JUnit" />
    </history-entry>
    <history-entry file="MyStack_myTest2 - 2020.06.13 at 20h 50m 32s.xml">
      <configuration name="MyStack.myTest2" configurationId="JUnit" />
    </history-entry>
    <history-entry file="MyStack_myTest2 - 2020.06.13 at 20h 50m 52s.xml">
      <configuration name="MyStack.myTest2" configurationId="JUnit" />
    </history-entry>
  </component>
  <component name="TimeTrackingManager">
    <option name="totallyTimeSpent" value="99365000" />
  </component>
  <component name="TodoView">
    <todo-panel id="selected-file">
      <is-autoscroll-to-source value="true" />
    </todo-panel>
    <todo-panel id="all">
      <are-packages-shown value="true" />
      <is-autoscroll-to-source value="true" />
    </todo-panel>
  </component>
  <component name="ToolWindowManager">
    <editor active="true" />
    <layout>
      <window_info anchor="right" id="Maven" order="3" weight="0.20214477" />
      <window_info anchor="bottom" id="Internal Method Tracing" order="6" />
      <window_info anchor="bottom" id="Build" order="15" weight="0.32901832" />
      <window_info anchor="bottom" id="Flow" order="9" />
      <window_info anchor="bottom" id="REST Client" order="7" weight="0.48651564" />
      <window_info id="Learn" order="5" weight="0.20911528" />
      <window_info anchor="bottom" id="Run" order="2" sideWeight="0.4997319" weight="0.3193096" />
      <window_info anchor="bottom" id="Spring" order="17" />
      <window_info anchor="bottom" id="TypeScript" order="10" />
      <window_info anchor="bottom" id="Services" order="18" weight="0.35814455" />
      <window_info anchor="bottom" id="Cvs" order="4" weight="0.25" />
      <window_info anchor="right" id="Ant Build" order="1" weight="0.25" />
      <window_info id="Favorites" order="2" side_tool="true" />
      <window_info anchor="bottom" id="Terminal" order="19" weight="0.5458468" />
      <window_info anchor="bottom" id="Inspection Results" order="8" weight="0.36893204" />
      <window_info anchor="right" id="Commander" internal_type="SLIDING" order="0" type="SLIDING" weight="0.4" />
      <window_info anchor="right" id="JSON Utils" order="5" />
      <window_info anchor="bottom" id="Event Log" order="20" sideWeight="0.5002681" side_tool="true" weight="0.4012945" />
      <window_info anchor="bottom" id="TODO" order="14" weight="0.3297414" />
      <window_info anchor="right" id="Word Book" order="7" side_tool="true" weight="0.3297587" />
      <window_info anchor="right" content_ui="combo" id="Hierarchy" order="2" weight="0.25" />
      <window_info anchor="bottom" id="MyBatis Log" order="25" />
      <window_info anchor="right" id="Database" order="12" weight="0.3297587" />
      <window_info anchor="bottom" id="Problems" order="21" />
      <window_info anchor="bottom" id="Java Enterprise" order="22" />
      <window_info anchor="bottom" id="Project Problems" order="11" />
      <window_info anchor="right" id="jclasslib" order="8" weight="0.4016086" />
      <window_info anchor="bottom" id="Version Control" order="24" weight="0.38079828" />
      <window_info anchor="right" id="leetcode" order="4" side_tool="true" />
      <window_info anchor="right" id="Ant" order="11" weight="0.3297587" />
      <window_info id="Commit" order="4" weight="0.3297587" />
      <window_info anchor="bottom" id="Endpoints" order="13" />
      <window_info anchor="bottom" id="Database Changes" order="23" />
      <window_info content_ui="combo" id="Project" order="0" sideWeight="0.49915683" visible="true" weight="0.20618008" />
      <window_info anchor="right" id="Translation Assistant" order="10" weight="0.3297587" />
      <window_info anchor="bottom" id="Messages" order="16" weight="0.41531822" />
      <window_info anchor="bottom" id="Message" order="0" />
      <window_info id="Web" order="3" side_tool="true" />
      <window_info anchor="right" id="Codota" order="9" weight="0.37426272" />
      <window_info id="Structure" order="1" sideWeight="0.50084317" side_tool="true" weight="0.20697051" />
      <window_info anchor="bottom" id="Problems View" order="5" />
      <window_info anchor="bottom" id="Inspection" order="12" weight="0.4" />
      <window_info anchor="right" id="Coverage" order="6" side_tool="true" weight="0.3297587" />
      <window_info anchor="bottom" id="Find" order="1" />
      <window_info anchor="right" id="Bean Validation" order="13" weight="0.3297587" />
      <window_info anchor="bottom" id="Debug" order="3" weight="0.27508092" />
    </layout>
    <layout-to-restore>
      <window_info anchor="right" id="Maven" order="3" weight="0.22402598" />
      <window_info anchor="bottom" id="Internal Method Tracing" order="6" />
      <window_info anchor="bottom" id="Build" order="13" weight="0.32938644" />
      <window_info anchor="bottom" id="Flow" order="7" />
      <window_info anchor="bottom" id="Run" order="2" weight="0.38219327" />
      <window_info anchor="bottom" id="Spring" order="15" />
      <window_info anchor="bottom" id="TypeScript" order="8" />
      <window_info anchor="bottom" id="Services" order="16" visible="true" weight="0.34196332" />
      <window_info anchor="right" id="leetcode" order="4" side_tool="true" />
      <window_info anchor="right" id="Ant Build" order="1" weight="0.25" />
      <window_info id="Favorites" order="2" side_tool="true" />
      <window_info anchor="bottom" id="Terminal" order="17" weight="0.5458468" />
      <window_info anchor="right" id="Commander" internal_type="SLIDING" order="0" type="SLIDING" weight="0.4" />
      <window_info anchor="right" id="JSON Utils" order="5" />
      <window_info anchor="bottom" id="Event Log" order="18" side_tool="true" weight="0.32972974" />
      <window_info anchor="bottom" id="Cvs" order="4" weight="0.25" />
      <window_info anchor="bottom" id="TODO" order="12" weight="0.3297414" />
      <window_info anchor="right" content_ui="combo" id="Hierarchy" order="2" weight="0.25" />
      <window_info anchor="right" id="Database" order="7" weight="0.3297587" />
      <window_info anchor="bottom" id="Problems" order="19" />
      <window_info anchor="bottom" id="Java Enterprise" order="20" />
      <window_info anchor="bottom" id="Project Problems" order="9" />
      <window_info anchor="bottom" id="Database Changes" order="21" />
      <window_info anchor="bottom" id="Version Control" order="22" weight="0.32901832" />
      <window_info anchor="right" id="Ant" order="6" />
      <window_info id="Commit" order="4" />
      <window_info anchor="bottom" id="MyBatis Log" order="23" />
      <window_info content_ui="combo" id="Project" order="0" visible="true" weight="0.20428954" />
      <window_info anchor="bottom" id="Endpoints" order="11" />
      <window_info anchor="bottom" id="Messages" order="14" weight="0.412082" />
      <window_info anchor="bottom" id="Message" order="0" />
      <window_info id="Web" order="3" side_tool="true" />
      <window_info id="Structure" order="1" side_tool="true" weight="0.25" />
      <window_info anchor="bottom" id="Problems View" order="5" />
      <window_info anchor="bottom" id="Inspection" order="10" weight="0.4" />
      <window_info anchor="bottom" id="Find" order="1" />
      <window_info anchor="right" id="Bean Validation" order="8" />
      <window_info anchor="bottom" id="Debug" order="3" weight="0.24271844" />
    </layout-to-restore>
  </component>
  <component name="antWorkspaceConfiguration">
    <option name="IS_AUTOSCROLL_TO_SOURCE" value="false" />
    <option name="FILTER_TARGETS" value="false" />
  </component>
  <component name="editorHistoryManager">
    <entry file="file://$PROJECT_DIR$/.gitignore">
      <provider selected="true" editor-type-id="text-editor">
        <state relative-caret-position="78">
          <caret line="3" lean-forward="true" selection-start-line="3" selection-end-line="3" />
        </state>
      </provider>
    </entry>
    <entry file="file://$PROJECT_DIR$/learn-demo.log">
      <provider selected="true" editor-type-id="text-editor">
        <state relative-caret-position="840">
          <caret line="130" column="84" selection-start-line="130" selection-start-column="84" selection-end-line="130" selection-end-column="84" />
        </state>
      </provider>
    </entry>
    <entry file="jar://$PROJECT_DIR$/../../../.m2/com/alibaba/fastjson/1.2.58/fastjson-1.2.58-sources.jar!/com/alibaba/fastjson/support/spring/FastJsonRedisSerializer.java">
      <provider selected="true" editor-type-id="text-editor">
        <state relative-caret-position="-555">
          <caret line="18" column="11" selection-start-line="18" selection-start-column="11" selection-end-line="18" selection-end-column="11" />
          <folding>
            <element signature="e#608#609#0" expanded="true" />
            <element signature="e#640#641#0" expanded="true" />
          </folding>
        </state>
      </provider>
    </entry>
    <entry file="file://$PROJECT_DIR$/pom.xml">
      <provider selected="true" editor-type-id="text-editor">
        <state relative-caret-position="78">
          <caret line="3" column="5" selection-start-line="3" selection-start-column="5" selection-end-line="3" selection-end-column="5" />
        </state>
      </provider>
    </entry>
    <entry file="file://$PROJECT_DIR$/src/main/resources/shiro.ini">
      <provider selected="true" editor-type-id="text-editor" />
    </entry>
    <entry file="file://$PROJECT_DIR$/src/main/resources/banner.txt">
      <provider selected="true" editor-type-id="text-editor" />
    </entry>
    <entry file="file://$PROJECT_DIR$/src/main/java/pri/zxx/datastructure/stack/GuavaDemo.java">
      <provider selected="true" editor-type-id="text-editor">
        <state relative-caret-position="86">
          <caret line="38" column="21" selection-start-line="38" selection-start-column="8" selection-end-line="38" selection-end-column="21" />
        </state>
      </provider>
    </entry>
    <entry file="file://$PROJECT_DIR$/src/main/java/pri/zxx/testdemo/PCAction.java">
      <provider selected="true" editor-type-id="text-editor">
        <state relative-caret-position="564">
          <caret line="37" column="60" selection-start-line="37" selection-start-column="60" selection-end-line="37" selection-end-column="60" />
        </state>
      </provider>
    </entry>
    <entry file="file://$PROJECT_DIR$/src/main/java/pri/zxx/nio/SocketTest.java">
      <provider selected="true" editor-type-id="text-editor">
        <state relative-caret-position="156">
          <caret line="21" column="13" selection-start-line="21" selection-start-column="13" selection-end-line="21" selection-end-column="13" />
        </state>
      </provider>
    </entry>
    <entry file="file://$PROJECT_DIR$/src/main/java/pri/zxx/nio/Base64Test.java">
      <provider selected="true" editor-type-id="text-editor">
        <state relative-caret-position="156">
          <caret line="20" column="13" selection-start-line="20" selection-start-column="13" selection-end-line="20" selection-end-column="13" />
        </state>
      </provider>
    </entry>
    <entry file="file://$PROJECT_DIR$/src/main/java/pri/zxx/nio/BufferTest.java">
      <provider selected="true" editor-type-id="text-editor">
        <state relative-caret-position="-413">
          <caret line="55" column="22" selection-start-line="55" selection-start-column="15" selection-end-line="55" selection-end-column="22" />
          <folding>
            <element signature="docComment;method#bufferTest#0;class#BufferTest#0" expanded="true" />
          </folding>
        </state>
      </provider>
    </entry>
    <entry file="file://$PROJECT_DIR$/src/main/java/pri/zxx/nio/ChannelTest.java">
      <provider selected="true" editor-type-id="text-editor">
        <state relative-caret-position="277">
          <caret line="114" column="37" lean-forward="true" selection-start-line="114" selection-start-column="37" selection-end-line="114" selection-end-column="37" />
        </state>
      </provider>
    </entry>
    <entry file="file://$PROJECT_DIR$/src/main/java/pri/zxx/nio/FileInLine.java">
      <provider selected="true" editor-type-id="text-editor">
        <state relative-caret-position="-69">
          <caret line="16" column="13" selection-start-line="16" selection-start-column="13" selection-end-line="16" selection-end-column="13" />
        </state>
      </provider>
    </entry>
    <entry file="file://$PROJECT_DIR$/src/main/java/pri/zxx/nio/Java8WatchServiceExample.java">
      <provider selected="true" editor-type-id="text-editor">
        <state relative-caret-position="-1211">
          <caret line="30" column="55" selection-start-line="30" selection-start-column="42" selection-end-line="30" selection-end-column="55" />
        </state>
      </provider>
    </entry>
    <entry file="file://$PROJECT_DIR$/src/main/java/pri/zxx/learndemo/httpclientdemo/JsoupDemo.java">
      <provider selected="true" editor-type-id="text-editor">
        <state relative-caret-position="69">
          <caret line="41" column="44" selection-start-line="41" selection-start-column="44" selection-end-line="41" selection-end-column="44" />
        </state>
      </provider>
    </entry>
    <entry file="file://$PROJECT_DIR$/src/main/java/pri/zxx/learndemo/httpclientdemo/HttpclientDemo.java">
      <provider selected="true" editor-type-id="text-editor">
        <state relative-caret-position="-118">
          <caret line="31" column="46" selection-start-line="31" selection-start-column="46" selection-end-line="31" selection-end-column="46" />
        </state>
      </provider>
    </entry>
    <entry file="file://$PROJECT_DIR$/src/main/java/pri/zxx/learndemo/httpclientdemo/HtmlUnitDemo.java">
      <provider selected="true" editor-type-id="text-editor">
        <state relative-caret-position="248">
          <caret line="35" column="49" selection-start-line="35" selection-start-column="39" selection-end-line="35" selection-end-column="49" />
        </state>
      </provider>
    </entry>
    <entry file="file://$PROJECT_DIR$/src/main/java/pri/zxx/learndemo/httpclientdemo/CharsetDetector.java">
      <provider selected="true" editor-type-id="text-editor">
        <state relative-caret-position="-1689">
          <caret line="37" column="36" selection-start-line="37" selection-start-column="20" selection-end-line="37" selection-end-column="36" />
        </state>
      </provider>
    </entry>
    <entry file="file://$PROJECT_DIR$/src/main/java/pri/zxx/learndemo/httpclientdemo/get/HtmlUnitRequest.java">
      <provider selected="true" editor-type-id="text-editor">
        <state relative-caret-position="207">
          <caret line="22" column="13" lean-forward="true" selection-start-line="22" selection-start-column="13" selection-end-line="22" selection-end-column="13" />
        </state>
      </provider>
    </entry>
    <entry file="file://$PROJECT_DIR$/src/main/java/pri/zxx/learndemo/httpclientdemo/get/ISendRequest.java">
      <provider selected="true" editor-type-id="text-editor">
        <state relative-caret-position="142">
          <caret line="9" column="17" selection-start-line="9" selection-start-column="17" selection-end-line="9" selection-end-column="17" />
        </state>
      </provider>
    </entry>
    <entry file="file://$PROJECT_DIR$/src/main/java/pri/zxx/learndemo/httpclientdemo/get/News.java">
      <provider selected="true" editor-type-id="text-editor">
        <state relative-caret-position="142">
          <caret line="9" column="13" selection-start-line="9" selection-start-column="13" selection-end-line="9" selection-end-column="13" />
        </state>
      </provider>
    </entry>
    <entry file="file://$PROJECT_DIR$/src/main/java/pri/zxx/learndemo/httpclientdemo/get/NewsService.java">
      <provider selected="true" editor-type-id="text-editor">
        <state relative-caret-position="90">
          <caret line="7" column="13" selection-start-line="7" selection-start-column="13" selection-end-line="7" selection-end-column="13" />
        </state>
      </provider>
    </entry>
    <entry file="file://$PROJECT_DIR$/src/main/java/pri/zxx/learndemo/httpclientdemo/get/NewsPull.java">
      <provider selected="true" editor-type-id="text-editor">
        <state relative-caret-position="260">
          <caret line="18" column="21" selection-start-line="18" selection-start-column="21" selection-end-line="18" selection-end-column="21" />
        </state>
      </provider>
    </entry>
    <entry file="file://$PROJECT_DIR$/src/main/java/pri/zxx/learndemo/httpclientdemo/get/SohuNews.java">
      <provider selected="true" editor-type-id="text-editor">
        <state relative-caret-position="546">
          <caret line="32" column="33" selection-start-line="32" selection-start-column="19" selection-end-line="32" selection-end-column="33" />
        </state>
      </provider>
    </entry>
    <entry file="file://$PROJECT_DIR$/src/main/java/pri/zxx/learndemo/httpclientdemo/get/ToutiaoNewsPuller.java">
      <provider selected="true" editor-type-id="text-editor">
        <state relative-caret-position="572">
          <caret line="37" column="23" selection-start-line="37" selection-start-column="23" selection-end-line="37" selection-end-column="23" />
        </state>
      </provider>
    </entry>
    <entry file="file://$PROJECT_DIR$/src/main/java/pri/zxx/learndemo/filesinstinct/MusicDinstinct.java">
      <provider selected="true" editor-type-id="text-editor">
        <state relative-caret-position="1300">
          <caret line="60" column="25" selection-start-line="60" selection-start-column="16" selection-end-line="60" selection-end-column="25" />
        </state>
      </provider>
    </entry>
    <entry file="file://$PROJECT_DIR$/src/main/java/pri/zxx/learndemo/javaio/IoOps.java">
      <provider selected="true" editor-type-id="text-editor">
        <state relative-caret-position="130">
          <caret line="16" column="13" selection-start-line="16" selection-start-column="13" selection-end-line="16" selection-end-column="13" />
        </state>
      </provider>
    </entry>
    <entry file="file://$PROJECT_DIR$/src/main/java/pri/zxx/learndemo/math/BigDecimalTest.java">
      <provider selected="true" editor-type-id="text-editor">
        <state relative-caret-position="130">
          <caret line="10" column="13" selection-start-line="10" selection-start-column="13" selection-end-line="10" selection-end-column="13" />
        </state>
      </provider>
    </entry>
    <entry file="file://$PROJECT_DIR$/src/main/java/pri/zxx/learndemo/redis/RedisRoleMap.java">
      <provider selected="true" editor-type-id="text-editor">
        <state relative-caret-position="286">
          <caret line="26" column="32" selection-start-line="26" selection-start-column="32" selection-end-line="26" selection-end-column="32" />
        </state>
      </provider>
    </entry>
    <entry file="file://$PROJECT_DIR$/src/main/java/pri/zxx/learndemo/token/UserInfo.java">
      <provider selected="true" editor-type-id="text-editor">
        <state relative-caret-position="52">
          <caret line="2" column="13" selection-start-line="2" selection-start-column="13" selection-end-line="2" selection-end-column="13" />
        </state>
      </provider>
    </entry>
    <entry file="file://$PROJECT_DIR$/src/main/java/pri/zxx/learndemo/token/JwtTokenFactory.java">
      <provider selected="true" editor-type-id="text-editor">
        <state relative-caret-position="884">
          <caret line="63" column="13" selection-start-line="63" selection-start-column="13" selection-end-line="63" selection-end-column="13" />
        </state>
      </provider>
    </entry>
    <entry file="file://$PROJECT_DIR$/src/main/java/pri/zxx/webdemo/controllers/PoiExportController.java">
      <provider selected="true" editor-type-id="text-editor">
        <state relative-caret-position="390">
          <caret line="35" column="81" selection-start-line="35" selection-start-column="81" selection-end-line="35" selection-end-column="81" />
        </state>
      </provider>
    </entry>
    <entry file="file://$APPLICATION_CONFIG_DIR$/idea64.exe.vmoptions">
      <provider selected="true" editor-type-id="text-editor">
        <state relative-caret-position="338">
          <caret line="13" column="24" lean-forward="true" selection-start-line="13" selection-start-column="24" selection-end-line="13" selection-end-column="24" />
        </state>
      </provider>
    </entry>
    <entry file="file://$PROJECT_DIR$/src/main/java/pri/zxx/datastructure/interfaces/List.java">
      <provider selected="true" editor-type-id="text-editor">
        <state relative-caret-position="-323">
          <caret line="7" column="17" selection-start-line="7" selection-start-column="17" selection-end-line="7" selection-end-column="17" />
        </state>
      </provider>
    </entry>
    <entry file="file://$PROJECT_DIR$/src/main/resources/bootstrap.yml">
      <provider selected="true" editor-type-id="text-editor">
        <state relative-caret-position="390">
          <caret line="15" column="25" selection-start-line="15" selection-start-column="25" selection-end-line="15" selection-end-column="25" />
        </state>
      </provider>
    </entry>
    <entry file="file://$PROJECT_DIR$/src/main/resources/application-back.yml">
      <provider selected="true" editor-type-id="text-editor">
        <state relative-caret-position="598">
          <caret line="23" column="7" selection-start-line="23" selection-start-column="7" selection-end-line="23" selection-end-column="7" />
        </state>
      </provider>
    </entry>
    <entry file="file://$PROJECT_DIR$/src/main/resources/META-INF/additional-spring-configuration-metadata.json">
      <provider selected="true" editor-type-id="text-editor">
        <state relative-caret-position="52">
          <caret line="2" column="4" selection-start-line="2" selection-start-column="4" selection-end-line="2" selection-end-column="4" />
        </state>
      </provider>
    </entry>
    <entry file="file://$PROJECT_DIR$/src/main/java/pri/zxx/webdemo/controllers/RedisController.java">
      <provider selected="true" editor-type-id="text-editor">
        <state relative-caret-position="1222">
          <caret line="72" column="73" selection-start-line="72" selection-start-column="60" selection-end-line="72" selection-end-column="73" />
        </state>
      </provider>
    </entry>
    <entry file="file://$PROJECT_DIR$/src/main/java/pri/zxx/webdemo/controllers/SysUserController.java">
      <provider selected="true" editor-type-id="text-editor">
        <state relative-caret-position="234">
          <caret line="29" column="13" selection-start-line="29" selection-start-column="13" selection-end-line="29" selection-end-column="13" />
        </state>
      </provider>
    </entry>
    <entry file="file://$PROJECT_DIR$/src/main/java/pri/zxx/webdemo/config/LogRecordAspect.java">
      <provider selected="true" editor-type-id="text-editor">
        <state relative-caret-position="962">
          <caret line="52" column="29" selection-start-line="50" selection-start-column="9" selection-end-line="52" selection-end-column="29" />
        </state>
      </provider>
    </entry>
    <entry file="file://$PROJECT_DIR$/src/main/java/pri/zxx/webdemo/controllers/FileOpeController.java">
      <provider selected="true" editor-type-id="text-editor">
        <state relative-caret-position="508">
          <caret line="115" column="59" selection-start-line="115" selection-start-column="59" selection-end-line="115" selection-end-column="59" />
        </state>
      </provider>
    </entry>
    <entry file="file://$PROJECT_DIR$/src/main/java/pri/zxx/learndemo/threademo/ThraedLocalTest.java">
      <provider selected="true" editor-type-id="text-editor" />
    </entry>
    <entry file="file://$PROJECT_DIR$/src/main/java/pri/zxx/learndemo/threademo/threadOps/threadmoniter/threadmoniterImp/MyLifecycle.java">
      <provider selected="true" editor-type-id="text-editor">
        <state relative-caret-position="210">
          <caret line="10" column="13" selection-start-line="10" selection-start-column="13" selection-end-line="10" selection-end-column="13" />
        </state>
      </provider>
    </entry>
    <entry file="file://$PROJECT_DIR$/src/main/java/pri/zxx/learndemo/threademo/threadOps/threadmoniter/threadmoniterImp/ObservableThreadApp.java">
      <provider selected="true" editor-type-id="text-editor">
        <state relative-caret-position="210">
          <caret line="14" column="13" selection-start-line="14" selection-start-column="13" selection-end-line="14" selection-end-column="13" />
        </state>
      </provider>
    </entry>
    <entry file="file://$PROJECT_DIR$/src/main/java/pri/zxx/learndemo/threademo/threadOps/threadmoniter/threadmoniterImp/ObservableThreadCaller.java">
      <provider selected="true" editor-type-id="text-editor">
        <state relative-caret-position="315">
          <caret line="15" column="26" selection-start-line="15" selection-start-column="22" selection-end-line="15" selection-end-column="26" />
        </state>
      </provider>
    </entry>
    <entry file="file://$PROJECT_DIR$/src/main/java/pri/zxx/learndemo/threademo/base/TicketWindowDemo.java">
      <provider selected="true" editor-type-id="text-editor">
        <state relative-caret-position="714">
          <caret line="38" column="1" selection-start-line="38" selection-start-column="1" selection-end-line="38" selection-end-column="1" />
          <folding>
            <element signature="imports" expanded="true" />
          </folding>
        </state>
      </provider>
    </entry>
    <entry file="file://$PROJECT_DIR$/src/main/java/pri/zxx/learndemo/threademo/base/InterruptDemo.java">
      <provider selected="true" editor-type-id="text-editor">
        <state relative-caret-position="189">
          <caret line="10" column="6" selection-start-line="10" selection-start-column="6" selection-end-line="10" selection-end-column="6" />
          <folding>
            <element signature="imports" expanded="true" />
          </folding>
        </state>
      </provider>
    </entry>
    <entry file="file://$PROJECT_DIR$/src/main/java/pri/zxx/webdemo/utils/TimeUtils.java">
      <provider selected="true" editor-type-id="text-editor">
        <state relative-caret-position="273">
          <caret line="16" column="79" selection-start-line="16" selection-start-column="79" selection-end-line="16" selection-end-column="79" />
        </state>
      </provider>
    </entry>
    <entry file="file://$PROJECT_DIR$/src/main/java/pri/zxx/LearnDemoApplication.java">
      <provider selected="true" editor-type-id="text-editor">
        <state relative-caret-position="630">
          <caret line="42" selection-start-line="42" selection-end-line="42" />
          <folding>
            <element signature="e#1193#1194#0" expanded="true" />
            <element signature="e#1264#1265#0" expanded="true" />
            <element signature="e#1316#1317#0" expanded="true" />
            <element signature="e#1357#1358#0" expanded="true" />
          </folding>
        </state>
      </provider>
    </entry>
    <entry file="file://$PROJECT_DIR$/src/gitTest.txt">
      <provider selected="true" editor-type-id="text-editor">
        <state relative-caret-position="21">
          <caret line="1" selection-start-line="1" selection-end-line="1" />
        </state>
      </provider>
    </entry>
    <entry file="file://$PROJECT_DIR$/src/main/resources/files/shiro.txt">
      <provider selected="true" editor-type-id="text-editor" />
    </entry>
  </component>
  <component name="masterDetails">
    <states>
      <state key="ArquillianSettingsConfigurable.UI">
        <settings>
          <splitter-proportions>
            <option name="proportions">
              <list>
                <option value="0.19496855" />
              </list>
            </option>
          </splitter-proportions>
        </settings>
      </state>
      <state key="ArtifactsStructureConfigurable.UI">
        <settings>
          <artifact-editor />
        </settings>
      </state>
      <state key="Copyright.UI">
        <settings>
          <splitter-proportions>
            <option name="proportions">
              <list>
                <option value="0.2" />
              </list>
            </option>
          </splitter-proportions>
        </settings>
      </state>
      <state key="FacetStructureConfigurable.UI">
        <settings>
          <last-edited>Spring</last-edited>
        </settings>
      </state>
      <state key="GlobalLibrariesConfigurable.UI">
        <settings>
          <last-edited>vue</last-edited>
        </settings>
      </state>
      <state key="JdkListConfigurable.UI">
        <settings>
          <last-edited>1.8</last-edited>
          <splitter-proportions>
            <option name="proportions">
              <list>
                <option value="0.2" />
              </list>
            </option>
          </splitter-proportions>
        </settings>
      </state>
      <state key="ModuleStructureConfigurable.UI">
        <settings>
          <last-edited>learn_demo</last-edited>
        </settings>
      </state>
      <state key="ProjectLibrariesConfigurable.UI">
        <settings>
          <last-edited>Maven: ch.qos.logback:logback-classic:1.2.3</last-edited>
        </settings>
      </state>
      <state key="ScopeChooserConfigurable.UI">
        <settings>
          <splitter-proportions>
            <option name="proportions">
              <list>
                <option value="0.2" />
              </list>
            </option>
          </splitter-proportions>
        </settings>
      </state>
    </states>
  </component>
</project>