<project version="4">
  <component name="FileEditorManager">
    <leaf SIDE_TABS_SIZE_LIMIT_KEY="-1">
      <file pinned="false" current-in-tab="false">
        <entry file="file://$PROJECT_DIR$/spring-cloud-components/dynamic-dataSource/src/main/java/pri/zxx/config/DynamicDataSourceContextHolder.java">
          <provider selected="true" editor-type-id="text-editor">
            <state relative-caret-position="120">
              <caret line="11" column="13" selection-start-line="11" selection-start-column="13" selection-end-line="11" selection-end-column="13" />
            </state>
          </provider>
        </entry>
      </file>
      <file pinned="false" current-in-tab="false">
        <entry file="file://$PROJECT_DIR$/spring-cloud-components/dynamic-dataSource/src/main/java/pri/zxx/controller/ProducerController.java">
          <provider selected="true" editor-type-id="text-editor">
            <state relative-caret-position="192">
              <caret line="22" column="13" selection-start-line="22" selection-start-column="13" selection-end-line="22" selection-end-column="13" />
            </state>
          </provider>
        </entry>
      </file>
      <file pinned="false" current-in-tab="false">
        <entry file="file://$PROJECT_DIR$/spring-cloud-components/dynamic-dataSource/src/main/resources/application.yml">
          <provider selected="true" editor-type-id="text-editor">
            <state relative-caret-position="480">
              <caret line="20" column="5" selection-start-line="20" selection-start-column="5" selection-end-line="20" selection-end-column="5" />
            </state>
          </provider>
        </entry>
      </file>
      <file pinned="false" current-in-tab="false">
        <entry file="file://$PROJECT_DIR$/spring-cloud-components/zxx-commons/src/main/java/com/configs/vo/ResultData.java">
          <provider selected="true" editor-type-id="text-editor">
            <state relative-caret-position="-1509">
              <caret line="9" column="13" selection-start-line="9" selection-start-column="13" selection-end-line="9" selection-end-column="13" />
            </state>
          </provider>
        </entry>
      </file>
      <file pinned="false" current-in-tab="false">
        <entry file="file://$PROJECT_DIR$/spring-cloud-components/zxx-commons/src/main/java/com/configs/vo/ResultEnum.java">
          <provider selected="true" editor-type-id="text-editor">
            <state relative-caret-position="66">
              <caret line="7" column="12" selection-start-line="7" selection-start-column="12" selection-end-line="7" selection-end-column="12" />
            </state>
          </provider>
        </entry>
      </file>
      <file pinned="false" current-in-tab="true">
        <entry file="file://$PROJECT_DIR$/spring-cloud-components/zxx-commons/src/main/resources/META-INF/spring.factories">
          <provider selected="true" editor-type-id="text-editor">
            <state relative-caret-position="192">
              <caret line="8" column="20" selection-start-line="8" selection-start-column="14" selection-end-line="8" selection-end-column="20" />
            </state>
          </provider>
        </entry>
      </file>
    </leaf>
  </component>
  <component name="FindInProjectRecents">
    <findStrings>
      <find />
      <find>map</find>
      <find>ff361e46\-bdc0\-46c3\-8ebe\-1d545d4dedc4</find>
    </findStrings>
    <replaceStrings>
      <replace />
      <replace>782b3a4e-a358-44bf-982d-dc051b5ec7d8</replace>
    </replaceStrings>
  </component>
  <component name="IdeDocumentHistory">
    <option name="CHANGED_PATHS">
      <list>
        <option value="$PROJECT_DIR$/pom.xml" />
        <option value="$PROJECT_DIR$/learn_demo/src/main/java/pri/zxx/jvm/pcregister/RegisterTest.java" />
        <option value="$PROJECT_DIR$/spring-cloud-components/pom.xml" />
        <option value="$PROJECT_DIR$/learn_demo/src/main/java/pri/zxx/datastructure/stack/Mystack.java" />
        <option value="$PROJECT_DIR$/learn_demo/src/main/java/pri/zxx/datastructure/collection/MyList.java" />
        <option value="$PROJECT_DIR$/learn_demo/src/main/java/pri/zxx/datastructure/interfaces/List.java" />
        <option value="$PROJECT_DIR$/learn_demo/src/main/java/pri/zxx/webdemo/utils/poi/ActivityExportServiceImpl.java" />
        <option value="$PROJECT_DIR$/learn_demo/src/main/java/pri/zxx/webdemo/utils/poi/TestEntity.java" />
        <option value="$PROJECT_DIR$/learn_demo/src/main/java/pri/zxx/learndemo/lambdaandstream/Lanbda_stream/StreamOperationsTest.java" />
        <option value="$PROJECT_DIR$/learn_demo/src/main/java/pri/zxx/learndemo/lambdaandstream/functions/BiFunctionTest.java" />
        <option value="$PROJECT_DIR$/learn_demo/src/main/java/pri/zxx/learndemo/lambdaandstream/newTimeApi/CusterPeriod.java" />
        <option value="$PROJECT_DIR$/learn_demo/src/main/java/pri/zxx/learndemo/lambdaandstream/Lanbda_stream/ColletorToMap.java" />
        <option value="$PROJECT_DIR$/learn_demo/src/main/java/pri/zxx/nio/SocketTest.java" />
        <option value="$PROJECT_DIR$/learn_demo/src/main/java/pri/zxx/learndemo/threademo/futureTaskDemo/CountDownLatchTest.java" />
        <option value="$PROJECT_DIR$/learn_demo/src/main/java/pri/zxx/learndemo/lambdaandstream/functions/Out.java" />
        <option value="$PROJECT_DIR$/learn_demo/src/main/java/pri/zxx/learndemo/threademo/futureTaskDemo/FutureTaskTest.java" />
        <option value="$PROJECT_DIR$/learn_demo/src/main/java/pri/zxx/learndemo/threademo/futureTaskDemo/LockTest.java" />
        <option value="$PROJECT_DIR$/learn_demo/src/main/java/pri/zxx/webdemo/config/WebConfig.java" />
        <option value="$PROJECT_DIR$/learn_demo/src/main/java/pri/zxx/webdemo/config/CustomInterceptor.java" />
        <option value="$PROJECT_DIR$/learn_demo/src/main/java/pri/zxx/webdemo/utils/poi/ExportBaseService.java" />
        <option value="$PROJECT_DIR$/learn_demo/src/main/java/pri/zxx/webdemo/msg/MsgOps.java" />
        <option value="$PROJECT_DIR$/learn_demo/src/main/java/pri/zxx/webdemo/msg/MsgOpsTest.java" />
        <option value="$PROJECT_DIR$/learn_demo/src/main/java/pri/zxx/testdemo/HashSetTest.java" />
        <option value="$PROJECT_DIR$/learn_demo/pom.xml" />
        <option value="$PROJECT_DIR$/learn_demo/src/main/resources/application.yml" />
        <option value="$PROJECT_DIR$/spring-cloud-components/services-zuul/src/main/resources/application.yml" />
        <option value="$PROJECT_DIR$/learn_demo/src/main/resources/bootstrap.yml" />
        <option value="$PROJECT_DIR$/learn_demo/src/main/java/pri/zxx/webdemo/controllers/PoiExportController.java" />
        <option value="$PROJECT_DIR$/spring-cloud-components/zxx-commons/src/main/java/com/configs/redisconfigs/RedisAutoConfig.java" />
        <option value="$PROJECT_DIR$/learn_demo/src/main/java/pri/zxx/LearnDemoApplication.java" />
        <option value="$PROJECT_DIR$/learn_demo/src/main/java/pri/zxx/webdemo/quartzdemo/demo1/QuartzTestDemo.java" />
        <option value="$APPLICATION_CONFIG_DIR$/idea64.exe.vmoptions" />
        <option value="$PROJECT_DIR$/learn_demo/src/main/resources/application-back.yml" />
      </list>
    </option>
  </component>
  <component name="IgnoredFileRootStore">
    <option name="generatedRoots">
      <set>
        <option value="$PROJECT_DIR$/.idea" />
      </set>
    </option>
  </component>
  <component name="MavenProjectNavigator">
    <treeState>
      <expand>
        <path>
          <item name="" type="16c1761:MavenProjectsStructure$RootNode" />
          <item name="learn-demo" type="9519ce18:MavenProjectsStructure$ProjectNode" />
        </path>
        <path>
          <item name="" type="16c1761:MavenProjectsStructure$RootNode" />
          <item name="learn-demo" type="9519ce18:MavenProjectsStructure$ProjectNode" />
          <item name="Lifecycle" type="58874e2:MavenProjectsStructure$LifecycleNode" />
        </path>
      </expand>
      <select />
    </treeState>
  </component>
  <component name="ProjectFrameBounds" x="-8" y="-8" width="1936" height="1066" extendedState="6" />
  <component name="ProjectView">
    <navigator currentView="Scope" currentSubView="Scope 'Project Files'; set:Project Files; class com.intellij.psi.search.scope.ProjectFilesScope" proportions="" version="1" />
    <panes>
      <pane id="ProjectPane">
        <subPane>
          <expand>
            <path>
              <item name="zxx-codes" type="b2602c69:ProjectViewProjectNode" />
              <item name="zxx-codes" type="462c0819:PsiDirectoryNode" />
            </path>
            <path>
              <item name="zxx-codes" type="b2602c69:ProjectViewProjectNode" />
              <item name="zxx-codes" type="462c0819:PsiDirectoryNode" />
              <item name="learn_demo" type="462c0819:PsiDirectoryNode" />
            </path>
            <path>
              <item name="zxx-codes" type="b2602c69:ProjectViewProjectNode" />
              <item name="zxx-codes" type="462c0819:PsiDirectoryNode" />
              <item name="learn_demo" type="462c0819:PsiDirectoryNode" />
              <item name="src" type="462c0819:PsiDirectoryNode" />
            </path>
            <path>
              <item name="zxx-codes" type="b2602c69:ProjectViewProjectNode" />
              <item name="zxx-codes" type="462c0819:PsiDirectoryNode" />
              <item name="learn_demo" type="462c0819:PsiDirectoryNode" />
              <item name="src" type="462c0819:PsiDirectoryNode" />
              <item name="main" type="462c0819:PsiDirectoryNode" />
            </path>
            <path>
              <item name="zxx-codes" type="b2602c69:ProjectViewProjectNode" />
              <item name="zxx-codes" type="462c0819:PsiDirectoryNode" />
              <item name="learn_demo" type="462c0819:PsiDirectoryNode" />
              <item name="src" type="462c0819:PsiDirectoryNode" />
              <item name="main" type="462c0819:PsiDirectoryNode" />
              <item name="docker" type="462c0819:PsiDirectoryNode" />
            </path>
            <path>
              <item name="zxx-codes" type="b2602c69:ProjectViewProjectNode" />
              <item name="zxx-codes" type="462c0819:PsiDirectoryNode" />
              <item name="learn_demo" type="462c0819:PsiDirectoryNode" />
              <item name="src" type="462c0819:PsiDirectoryNode" />
              <item name="main" type="462c0819:PsiDirectoryNode" />
              <item name="java" type="462c0819:PsiDirectoryNode" />
            </path>
            <path>
              <item name="zxx-codes" type="b2602c69:ProjectViewProjectNode" />
              <item name="zxx-codes" type="462c0819:PsiDirectoryNode" />
              <item name="learn_demo" type="462c0819:PsiDirectoryNode" />
              <item name="src" type="462c0819:PsiDirectoryNode" />
              <item name="main" type="462c0819:PsiDirectoryNode" />
              <item name="java" type="462c0819:PsiDirectoryNode" />
              <item name="pri" type="462c0819:PsiDirectoryNode" />
            </path>
            <path>
              <item name="zxx-codes" type="b2602c69:ProjectViewProjectNode" />
              <item name="zxx-codes" type="462c0819:PsiDirectoryNode" />
              <item name="learn_demo" type="462c0819:PsiDirectoryNode" />
              <item name="src" type="462c0819:PsiDirectoryNode" />
              <item name="main" type="462c0819:PsiDirectoryNode" />
              <item name="java" type="462c0819:PsiDirectoryNode" />
              <item name="pri" type="462c0819:PsiDirectoryNode" />
              <item name="zxx" type="462c0819:PsiDirectoryNode" />
            </path>
            <path>
              <item name="zxx-codes" type="b2602c69:ProjectViewProjectNode" />
              <item name="zxx-codes" type="462c0819:PsiDirectoryNode" />
              <item name="spring-cloud-components" type="462c0819:PsiDirectoryNode" />
            </path>
            <path>
              <item name="zxx-codes" type="b2602c69:ProjectViewProjectNode" />
              <item name="zxx-codes" type="462c0819:PsiDirectoryNode" />
              <item name="spring-cloud-components" type="462c0819:PsiDirectoryNode" />
              <item name="dynamic-dataSource" type="462c0819:PsiDirectoryNode" />
            </path>
            <path>
              <item name="zxx-codes" type="b2602c69:ProjectViewProjectNode" />
              <item name="zxx-codes" type="462c0819:PsiDirectoryNode" />
              <item name="spring-cloud-components" type="462c0819:PsiDirectoryNode" />
              <item name="dynamic-dataSource" type="462c0819:PsiDirectoryNode" />
              <item name="src" type="462c0819:PsiDirectoryNode" />
            </path>
            <path>
              <item name="zxx-codes" type="b2602c69:ProjectViewProjectNode" />
              <item name="zxx-codes" type="462c0819:PsiDirectoryNode" />
              <item name="spring-cloud-components" type="462c0819:PsiDirectoryNode" />
              <item name="dynamic-dataSource" type="462c0819:PsiDirectoryNode" />
              <item name="src" type="462c0819:PsiDirectoryNode" />
              <item name="main" type="462c0819:PsiDirectoryNode" />
            </path>
            <path>
              <item name="zxx-codes" type="b2602c69:ProjectViewProjectNode" />
              <item name="zxx-codes" type="462c0819:PsiDirectoryNode" />
              <item name="spring-cloud-components" type="462c0819:PsiDirectoryNode" />
              <item name="dynamic-dataSource" type="462c0819:PsiDirectoryNode" />
              <item name="src" type="462c0819:PsiDirectoryNode" />
              <item name="main" type="462c0819:PsiDirectoryNode" />
              <item name="resources" type="462c0819:PsiDirectoryNode" />
            </path>
          </expand>
          <select />
        </subPane>
      </pane>
      <pane id="PackagesPane" />
      <pane id="Scope">
        <subPane subId="Scope 'Project Files'; set:Project Files; class com.intellij.psi.search.scope.ProjectFilesScope">
          <expand>
            <path>
              <item name="zxx-codes" type="3d21c010:ScopeViewTreeModel$ProjectNode" />
              <item name="components-learn and modules" type="2674bda8:ScopeViewTreeModel$GroupNode" />
            </path>
            <path>
              <item name="zxx-codes" type="3d21c010:ScopeViewTreeModel$ProjectNode" />
              <item name="components-learn and modules" type="2674bda8:ScopeViewTreeModel$GroupNode" />
              <item name="zxx-commons" type="2674bda8:ScopeViewTreeModel$GroupNode" />
            </path>
            <path>
              <item name="zxx-codes" type="3d21c010:ScopeViewTreeModel$ProjectNode" />
              <item name="components-learn and modules" type="2674bda8:ScopeViewTreeModel$GroupNode" />
              <item name="zxx-commons" type="2674bda8:ScopeViewTreeModel$GroupNode" />
              <item name="src" type="9f88c78c:ScopeViewTreeModel$FileNode" />
            </path>
            <path>
              <item name="zxx-codes" type="3d21c010:ScopeViewTreeModel$ProjectNode" />
              <item name="components-learn and modules" type="2674bda8:ScopeViewTreeModel$GroupNode" />
              <item name="zxx-commons" type="2674bda8:ScopeViewTreeModel$GroupNode" />
              <item name="src" type="9f88c78c:ScopeViewTreeModel$FileNode" />
              <item name="main" type="9f88c78c:ScopeViewTreeModel$FileNode" />
            </path>
            <path>
              <item name="zxx-codes" type="3d21c010:ScopeViewTreeModel$ProjectNode" />
              <item name="components-learn and modules" type="2674bda8:ScopeViewTreeModel$GroupNode" />
              <item name="zxx-commons" type="2674bda8:ScopeViewTreeModel$GroupNode" />
              <item name="src" type="9f88c78c:ScopeViewTreeModel$FileNode" />
              <item name="main" type="9f88c78c:ScopeViewTreeModel$FileNode" />
              <item name="java" type="9f88c78c:ScopeViewTreeModel$FileNode" />
            </path>
            <path>
              <item name="zxx-codes" type="3d21c010:ScopeViewTreeModel$ProjectNode" />
              <item name="components-learn and modules" type="2674bda8:ScopeViewTreeModel$GroupNode" />
              <item name="zxx-commons" type="2674bda8:ScopeViewTreeModel$GroupNode" />
              <item name="src" type="9f88c78c:ScopeViewTreeModel$FileNode" />
              <item name="main" type="9f88c78c:ScopeViewTreeModel$FileNode" />
              <item name="java" type="9f88c78c:ScopeViewTreeModel$FileNode" />
              <item name="com" type="9f88c78c:ScopeViewTreeModel$FileNode" />
            </path>
            <path>
              <item name="zxx-codes" type="3d21c010:ScopeViewTreeModel$ProjectNode" />
              <item name="components-learn and modules" type="2674bda8:ScopeViewTreeModel$GroupNode" />
              <item name="zxx-commons" type="2674bda8:ScopeViewTreeModel$GroupNode" />
              <item name="src" type="9f88c78c:ScopeViewTreeModel$FileNode" />
              <item name="main" type="9f88c78c:ScopeViewTreeModel$FileNode" />
              <item name="java" type="9f88c78c:ScopeViewTreeModel$FileNode" />
              <item name="com" type="9f88c78c:ScopeViewTreeModel$FileNode" />
              <item name="configs" type="9f88c78c:ScopeViewTreeModel$FileNode" />
            </path>
            <path>
              <item name="zxx-codes" type="3d21c010:ScopeViewTreeModel$ProjectNode" />
              <item name="components-learn and modules" type="2674bda8:ScopeViewTreeModel$GroupNode" />
              <item name="zxx-commons" type="2674bda8:ScopeViewTreeModel$GroupNode" />
              <item name="src" type="9f88c78c:ScopeViewTreeModel$FileNode" />
              <item name="main" type="9f88c78c:ScopeViewTreeModel$FileNode" />
              <item name="resources" type="9f88c78c:ScopeViewTreeModel$FileNode" />
            </path>
            <path>
              <item name="zxx-codes" type="3d21c010:ScopeViewTreeModel$ProjectNode" />
              <item name="components-learn and modules" type="2674bda8:ScopeViewTreeModel$GroupNode" />
              <item name="zxx-commons" type="2674bda8:ScopeViewTreeModel$GroupNode" />
              <item name="src" type="9f88c78c:ScopeViewTreeModel$FileNode" />
              <item name="main" type="9f88c78c:ScopeViewTreeModel$FileNode" />
              <item name="resources" type="9f88c78c:ScopeViewTreeModel$FileNode" />
              <item name="META-INF" type="9f88c78c:ScopeViewTreeModel$FileNode" />
            </path>
          </expand>
          <select />
        </subPane>
      </pane>
    </panes>
  </component>
  <component name="ServiceViewManager">
    <option name="viewStates">
      <list>
        <serviceView>
          <treeState>
            <expand>
              <path>
                <item name="services root" type="e789fda9:ObjectUtils$Sentinel" />
                <item name="Spring Boot" type="7427dc5b:ServiceModel$ServiceGroupNode" />
              </path>
              <path>
                <item name="services root" type="e789fda9:ObjectUtils$Sentinel" />
                <item name="Spring Boot" type="7427dc5b:ServiceModel$ServiceGroupNode" />
                <item name="Not Started" type="7427dc5b:ServiceModel$ServiceGroupNode" />
              </path>
            </expand>
            <select />
          </treeState>
        </serviceView>
      </list>
    </option>
  </component>
  <component name="TestHistory">
    <history-entry file="ColletorToMap_create - 2020.05.31 at 11h 35m 01s.xml">
      <configuration name="ColletorToMap.create" configurationId="JUnit" />
    </history-entry>
    <history-entry file="ColletorToMap_create - 2020.05.31 at 11h 35m 49s.xml">
      <configuration name="ColletorToMap.create" configurationId="JUnit" />
    </history-entry>
    <history-entry file="FutureTaskTest_futureTest - 2020.05.31 at 16h 24m 06s.xml">
      <configuration name="FutureTaskTest.futureTest" configurationId="JUnit" />
    </history-entry>
    <history-entry file="FutureTaskTest_futureTest - 2020.05.31 at 16h 34m 34s.xml">
      <configuration name="FutureTaskTest.futureTest" configurationId="JUnit" />
    </history-entry>
    <history-entry file="FutureTaskTest_futureTest - 2020.05.31 at 17h 03m 35s.xml">
      <configuration name="FutureTaskTest.futureTest" configurationId="JUnit" />
    </history-entry>
    <history-entry file="FutureTaskTest_futureTest - 2020.05.31 at 17h 10m 31s.xml">
      <configuration name="FutureTaskTest.futureTest" configurationId="JUnit" />
    </history-entry>
    <history-entry file="FutureTaskTest_futureTest - 2020.05.31 at 17h 11m 09s.xml">
      <configuration name="FutureTaskTest.futureTest" configurationId="JUnit" />
    </history-entry>
    <history-entry file="FutureTaskTest_futureTest - 2020.05.31 at 17h 11m 28s.xml">
      <configuration name="FutureTaskTest.futureTest" configurationId="JUnit" />
    </history-entry>
    <history-entry file="FutureTaskTest_futureTest - 2020.05.31 at 17h 21m 41s.xml">
      <configuration name="FutureTaskTest.futureTest" configurationId="JUnit" />
    </history-entry>
    <history-entry file="SystemArrayCopyTest_systemArrCp - 2020.06.01 at 20h 19m 36s.xml">
      <configuration name="SystemArrayCopyTest.systemArrCp" configurationId="JUnit" />
    </history-entry>
  </component>
  <component name="TimeTrackingManager">
    <option name="totallyTimeSpent" value="58017000" />
  </component>
  <component name="TodoView">
    <todo-panel id="selected-file">
      <is-autoscroll-to-source value="true" />
    </todo-panel>
    <todo-panel id="all">
      <are-packages-shown value="true" />
      <is-autoscroll-to-source value="true" />
    </todo-panel>
  </component>
  <component name="ToolWindowManager">
    <layout>
      <window_info anchor="right" id="Maven" order="4" weight="0.17050938" />
      <window_info anchor="bottom" id="Internal Method Tracing" order="5" />
      <window_info anchor="bottom" id="Build" order="13" weight="0.32938644" />
      <window_info anchor="bottom" id="Run" order="2" weight="0.26049516" />
      <window_info anchor="bottom" id="Spring" order="14" weight="0.3035522" />
      <window_info anchor="bottom" id="Services" order="7" sideWeight="0.4997319" weight="0.41531822" />
      <window_info anchor="right" id="leetcode" order="3" side_tool="true" />
      <window_info anchor="right" id="Ant Build" order="1" weight="0.25" />
      <window_info id="Favorites" order="2" side_tool="true" />
      <window_info anchor="bottom" id="Terminal" order="10" weight="0.32938644" />
      <window_info anchor="bottom" id="Inspection Results" order="18" weight="0.32939914" />
      <window_info anchor="right" id="Commander" internal_type="SLIDING" order="0" type="SLIDING" weight="0.4" />
      <window_info anchor="right" id="JSON Utils" order="6" weight="0.3297587" />
      <window_info anchor="bottom" id="Event Log" order="11" sideWeight="0.5002681" side_tool="true" weight="0.38519314" />
      <window_info anchor="bottom" id="Cvs" order="4" weight="0.25" />
      <window_info anchor="bottom" id="TODO" order="6" weight="0.31324005" />
      <window_info anchor="right" content_ui="combo" id="Hierarchy" order="2" weight="0.28310993" />
      <window_info active="true" content_ui="combo" id="Project" order="0" sideWeight="0.36363637" visible="true" weight="0.18337801" />
      <window_info anchor="right" id="Database" order="7" weight="0.3297587" />
      <window_info anchor="bottom" id="Problems" order="8" weight="0.32938644" />
      <window_info anchor="bottom" id="Java Enterprise" order="15" weight="0.28955868" />
      <window_info anchor="bottom" id="Project Problems" order="5" />
      <window_info anchor="bottom" id="Database Changes" order="9" show_stripe_button="false" />
      <window_info anchor="bottom" id="Version Control" order="12" weight="0.32938644" />
      <window_info anchor="right" id="Ant" order="5" />
      <window_info anchor="right" id="jclasslib" order="9" weight="0.5383378" />
      <window_info id="Commit" order="4" />
      <window_info anchor="bottom" id="Find" order="1" />
      <window_info anchor="bottom" id="Inspection" order="5" weight="0.4" />
      <window_info anchor="bottom" id="Endpoints" order="5" show_stripe_button="false" />
      <window_info anchor="bottom" id="Messages" order="16" weight="0.32939914" />
      <window_info anchor="bottom" id="Message" order="0" />
      <window_info id="Web" order="3" side_tool="true" />
      <window_info id="Structure" order="1" sideWeight="0.6363636" side_tool="true" weight="0.22466488" />
      <window_info anchor="bottom" id="Problems View" order="4" />
      <window_info anchor="bottom" id="MyBatis Log" order="17" weight="0.35407725" />
      <window_info anchor="right" id="Coverage" order="10" side_tool="true" weight="0.3297587" />
      <window_info anchor="bottom" id="Debug" order="3" weight="0.31759655" />
      <window_info anchor="right" id="Bean Validation" order="8" weight="0.3297587" />
    </layout>
  </component>
  <component name="editorHistoryManager">
    <entry file="jar://$PROJECT_DIR$/../../web_softs/jdk1.8/jdk/src.zip!/java/util/HashMap.java" />
    <entry file="file://$PROJECT_DIR$/learn_demo/src/main/java/pri/zxx/testdemo/EnumTest.java">
      <provider selected="true" editor-type-id="text-editor">
        <state relative-caret-position="66">
          <caret line="7" column="12" selection-start-line="7" selection-start-column="12" selection-end-line="7" selection-end-column="12" />
        </state>
      </provider>
    </entry>
    <entry file="file://$PROJECT_DIR$/learn_demo/src/main/java/pri/zxx/testdemo/DemoTest.java">
      <provider selected="true" editor-type-id="text-editor">
        <state relative-caret-position="550">
          <caret line="33" column="24" selection-start-line="33" selection-start-column="18" selection-end-line="33" selection-end-column="24" />
        </state>
      </provider>
    </entry>
    <entry file="file://$PROJECT_DIR$/learn_demo/src/main/java/pri/zxx/testdemo/DaysTest.java">
      <provider selected="true" editor-type-id="text-editor">
        <state relative-caret-position="264">
          <caret line="21" selection-start-line="21" selection-end-line="21" />
        </state>
      </provider>
    </entry>
    <entry file="file://$PROJECT_DIR$/learn_demo/src/main/java/pri/zxx/testdemo/CharsetTest.java">
      <provider selected="true" editor-type-id="text-editor">
        <state relative-caret-position="110">
          <caret line="10" column="13" selection-start-line="10" selection-start-column="13" selection-end-line="10" selection-end-column="13" />
        </state>
      </provider>
    </entry>
    <entry file="file://$PROJECT_DIR$/learn_demo/pom.xml">
      <provider selected="true" editor-type-id="text-editor">
        <state relative-caret-position="3300">
          <caret line="150" selection-start-line="150" selection-end-line="154" selection-end-column="21" />
        </state>
      </provider>
    </entry>
    <entry file="file://$PROJECT_DIR$/spring-cloud-components/services-zuul/src/main/resources/application.yml">
      <provider selected="true" editor-type-id="text-editor">
        <state relative-caret-position="220">
          <caret line="10" column="19" selection-start-line="10" selection-start-column="19" selection-end-line="10" selection-end-column="55" />
        </state>
      </provider>
    </entry>
    <entry file="file://$PROJECT_DIR$/spring-cloud-components/zxx-commons/src/main/resources/application-redis.yml">
      <provider selected="true" editor-type-id="text-editor">
        <state relative-caret-position="286">
          <caret line="13" column="16" lean-forward="true" selection-start-line="13" selection-start-column="16" selection-end-line="13" selection-end-column="16" />
        </state>
      </provider>
    </entry>
    <entry file="file://$PROJECT_DIR$/spring-cloud-components/zxx-commons/src/main/java/com/configs/redisconfigs/JedisPoolConfig.java">
      <provider selected="true" editor-type-id="text-editor">
        <state relative-caret-position="-8">
          <caret line="10" column="13" selection-start-line="10" selection-start-column="13" selection-end-line="10" selection-end-column="13" />
        </state>
      </provider>
    </entry>
    <entry file="file://$PROJECT_DIR$/spring-cloud-components/zxx-commons/src/main/java/com/configs/redisconfigs/JedisConfigProperties.java">
      <provider selected="true" editor-type-id="text-editor">
        <state relative-caret-position="132">
          <caret line="11" column="13" selection-start-line="11" selection-start-column="13" selection-end-line="11" selection-end-column="13" />
        </state>
      </provider>
    </entry>
    <entry file="file://$PROJECT_DIR$/spring-cloud-components/zxx-commons/src/main/java/com/configs/redisconfigs/RedisAutoConfig.java">
      <provider selected="true" editor-type-id="text-editor">
        <state relative-caret-position="54">
          <caret line="42" column="33" selection-start-line="42" selection-start-column="11" selection-end-line="42" selection-end-column="33" />
        </state>
      </provider>
    </entry>
    <entry file="jar://$PROJECT_DIR$/../../.m2/com/zaxxer/HikariCP/3.4.1/HikariCP-3.4.1.jar!/com/zaxxer/hikari/HikariDataSource.class">
      <provider selected="true" editor-type-id="text-editor">
        <state relative-caret-position="240">
          <caret line="30" column="35" selection-start-line="30" selection-start-column="35" selection-end-line="30" selection-end-column="35" />
        </state>
      </provider>
    </entry>
    <entry file="jar://$PROJECT_DIR$/../../.m2/com/zaxxer/HikariCP/3.4.1/HikariCP-3.4.1.jar!/com/zaxxer/hikari/HikariConfig.class">
      <provider selected="true" editor-type-id="text-editor">
        <state relative-caret-position="132">
          <caret line="32" column="27" selection-start-line="32" selection-start-column="27" selection-end-line="32" selection-end-column="27" />
        </state>
      </provider>
    </entry>
    <entry file="jar://$PROJECT_DIR$/../../.m2/org/springframework/boot/spring-boot-autoconfigure/2.2.2.RELEASE/spring-boot-autoconfigure-2.2.2.RELEASE.jar!/org/springframework/boot/autoconfigure/jdbc/DataSourceConfiguration.class">
      <provider selected="true" editor-type-id="text-editor">
        <state relative-caret-position="336">
          <caret line="83" column="28" selection-start-line="83" selection-start-column="22" selection-end-line="83" selection-end-column="28" />
        </state>
      </provider>
    </entry>
    <entry file="jar://$PROJECT_DIR$/../../.m2/org/springframework/boot/spring-boot-autoconfigure/2.2.2.RELEASE/spring-boot-autoconfigure-2.2.2.RELEASE-sources.jar!/org/springframework/boot/autoconfigure/jdbc/DataSourceProperties.java">
      <provider selected="true" editor-type-id="text-editor">
        <state relative-caret-position="334">
          <caret line="157" column="13" lean-forward="true" selection-start-line="157" selection-start-column="13" selection-end-line="157" selection-end-column="13" />
        </state>
      </provider>
    </entry>
    <entry file="jar://$PROJECT_DIR$/../../.m2/org/springframework/boot/spring-boot-autoconfigure/2.2.2.RELEASE/spring-boot-autoconfigure-2.2.2.RELEASE-sources.jar!/org/springframework/boot/autoconfigure/jdbc/DataSourceConfiguration.java">
      <provider selected="true" editor-type-id="text-editor">
        <state relative-caret-position="287">
          <caret line="77" column="43" lean-forward="true" selection-start-line="77" selection-start-column="43" selection-end-line="77" selection-end-column="43" />
        </state>
      </provider>
    </entry>
    <entry file="file://$PROJECT_DIR$/learn_demo/src/main/resources/banner.txt">
      <provider selected="true" editor-type-id="text-editor" />
    </entry>
    <entry file="jar://$PROJECT_DIR$/../../.m2/org/springframework/data/spring-data-redis/2.2.3.RELEASE/spring-data-redis-2.2.3.RELEASE.jar!/org/springframework/data/redis/core/RedisTemplate.class">
      <provider selected="true" editor-type-id="text-editor">
        <state relative-caret-position="132">
          <caret line="47" column="26" selection-start-line="47" selection-start-column="13" selection-end-line="47" selection-end-column="26" />
        </state>
      </provider>
    </entry>
    <entry file="jar://$PROJECT_DIR$/../../.m2/org/springframework/boot/spring-boot-autoconfigure/2.2.2.RELEASE/spring-boot-autoconfigure-2.2.2.RELEASE.jar!/org/springframework/boot/autoconfigure/data/redis/RedisAutoConfiguration.class">
      <provider selected="true" editor-type-id="text-editor">
        <state relative-caret-position="520">
          <caret line="47" selection-start-line="47" selection-end-line="47" />
        </state>
      </provider>
    </entry>
    <entry file="file://$PROJECT_DIR$/learn_demo/src/main/java/pri/zxx/webdemo/config/ReadFileTest.java">
      <provider selected="true" editor-type-id="text-editor">
        <state>
          <caret line="17" column="13" selection-start-line="17" selection-start-column="13" selection-end-line="17" selection-end-column="13" />
        </state>
      </provider>
    </entry>
    <entry file="file://$PROJECT_DIR$/learn_demo/src/main/java/pri/zxx/webdemo/quartzdemo/demo1/JobFactoryImp.java">
      <provider selected="true" editor-type-id="text-editor">
        <state>
          <caret line="22" column="23" selection-start-line="22" selection-start-column="23" selection-end-line="22" selection-end-column="23" />
        </state>
      </provider>
    </entry>
    <entry file="file://$PROJECT_DIR$/learn_demo/src/main/java/pri/zxx/webdemo/quartzdemo/demo1/QuartzTestDemo.java">
      <provider selected="true" editor-type-id="text-editor">
        <state relative-caret-position="1122">
          <caret line="62" selection-start-line="62" selection-end-line="62" />
        </state>
      </provider>
    </entry>
    <entry file="jar://$PROJECT_DIR$/../../.m2/org/quartz-scheduler/quartz/2.3.2/quartz-2.3.2.jar!/org/quartz/JobBuilder.class">
      <provider selected="true" editor-type-id="text-editor">
        <state relative-caret-position="1958">
          <caret line="93" column="22" selection-start-line="93" selection-start-column="22" selection-end-line="93" selection-end-column="22" />
        </state>
      </provider>
    </entry>
    <entry file="file://$PROJECT_DIR$/rabbitMQ_learn/src/main/resources/log4j.properties">
      <provider selected="true" editor-type-id="text-editor" />
    </entry>
    <entry file="file://$PROJECT_DIR$/rabbitMQ_learn/src/main/resources/application.yml">
      <provider selected="true" editor-type-id="text-editor">
        <state relative-caret-position="88">
          <caret line="4" column="33" selection-start-line="4" selection-start-column="33" selection-end-line="4" selection-end-column="33" />
        </state>
      </provider>
    </entry>
    <entry file="file://$PROJECT_DIR$/learn_demo/src/main/java/pri/zxx/datastructure/stack/MyStack.java">
      <provider selected="true" editor-type-id="text-editor">
        <state>
          <caret line="10" selection-start-line="10" selection-end-line="10" />
        </state>
      </provider>
    </entry>
    <entry file="file://$PROJECT_DIR$/learn_demo/src/main/java/pri/zxx/webdemo/controllers/FileOpeController.java">
      <provider selected="true" editor-type-id="text-editor">
        <state>
          <caret line="33" column="13" selection-start-line="33" selection-start-column="13" selection-end-line="33" selection-end-column="13" />
        </state>
      </provider>
    </entry>
    <entry file="file://$PROJECT_DIR$/learn_demo/src/main/resources/bootstrap.yml">
      <provider selected="true" editor-type-id="text-editor">
        <state>
          <caret line="19" column="24" selection-start-line="19" selection-start-column="24" selection-end-line="19" selection-end-column="24" />
        </state>
      </provider>
    </entry>
    <entry file="file://$PROJECT_DIR$/learn_demo/src/main/java/pri/zxx/webdemo/config/HttpMessageConverterConfig.java">
      <provider selected="true" editor-type-id="text-editor">
        <state relative-caret-position="242">
          <caret line="18" column="30" lean-forward="true" selection-start-line="18" selection-start-column="30" selection-end-line="18" selection-end-column="30" />
        </state>
      </provider>
    </entry>
    <entry file="file://$PROJECT_DIR$/learn_demo/src/main/java/pri/zxx/webdemo/config/ExPrint.java">
      <provider selected="true" editor-type-id="text-editor">
        <state relative-caret-position="-8">
          <caret line="16" column="13" selection-start-line="16" selection-start-column="13" selection-end-line="16" selection-end-column="13" />
          <folding>
            <element signature="docComment;method#print#0;class#ExPrint#0" expanded="true" />
          </folding>
        </state>
      </provider>
    </entry>
    <entry file="file://$PROJECT_DIR$/rabbitMQ_learn/src/main/java/rabbitcore/rabbit/RabbitApplication.java">
      <provider selected="true" editor-type-id="text-editor">
        <state relative-caret-position="-8">
          <caret line="52" column="34" selection-start-line="52" selection-start-column="16" selection-end-line="52" selection-end-column="34" />
        </state>
      </provider>
    </entry>
    <entry file="file://$PROJECT_DIR$/learn_demo/src/main/java/pri/zxx/webdemo/controllers/PoiExportController.java">
      <provider selected="true" editor-type-id="text-editor">
        <state relative-caret-position="-8">
          <caret line="28" column="6" selection-start-line="28" selection-start-column="1" selection-end-line="28" selection-end-column="6" />
        </state>
      </provider>
    </entry>
    <entry file="file://$PROJECT_DIR$/learn_demo/src/main/java/pri/zxx/webdemo/config/CustomInterceptor.java">
      <provider selected="true" editor-type-id="text-editor">
        <state relative-caret-position="-8">
          <caret line="61" selection-start-line="61" selection-end-line="61" />
        </state>
      </provider>
    </entry>
    <entry file="file://$PROJECT_DIR$/spring-cloud-components/pom.xml">
      <provider selected="true" editor-type-id="text-editor" />
    </entry>
    <entry file="file://$APPLICATION_CONFIG_DIR$/idea64.exe.vmoptions">
      <provider selected="true" editor-type-id="text-editor">
        <state relative-caret-position="264">
          <caret line="12" column="13" selection-start-line="12" selection-start-column="13" selection-end-line="12" selection-end-column="13" />
        </state>
      </provider>
    </entry>
    <entry file="file://$PROJECT_DIR$/learn_demo/src/main/java/pri/zxx/LearnDemoApplication.java">
      <provider selected="true" editor-type-id="text-editor">
        <state relative-caret-position="96">
          <caret line="25" column="17" selection-start-line="25" selection-start-column="17" selection-end-line="25" selection-end-column="17" />
        </state>
      </provider>
    </entry>
    <entry file="file://$PROJECT_DIR$/pom.xml">
      <provider selected="true" editor-type-id="text-editor">
        <state relative-caret-position="360">
          <caret line="15" selection-start-line="15" selection-end-line="15" />
        </state>
      </provider>
    </entry>
    <entry file="file://$PROJECT_DIR$/learn_demo/src/main/resources/application-back.yml">
      <provider selected="true" editor-type-id="text-editor">
        <state relative-caret-position="96">
          <caret line="4" column="10" selection-start-line="4" selection-start-column="10" selection-end-line="4" selection-end-column="10" />
        </state>
      </provider>
    </entry>
    <entry file="file://$PROJECT_DIR$/learn_demo/src/main/resources/shiro.ini">
      <provider selected="true" editor-type-id="text-editor">
        <state relative-caret-position="48">
          <caret line="2" column="8" selection-start-line="2" selection-start-column="8" selection-end-line="2" selection-end-column="8" />
        </state>
      </provider>
    </entry>
    <entry file="file://$PROJECT_DIR$/learn_demo/src/gitTest.txt">
      <provider selected="true" editor-type-id="text-editor" />
    </entry>
    <entry file="file://$PROJECT_DIR$/learn_demo/src/main/docker/Dockerfile">
      <provider selected="true" editor-type-id="text-editor">
        <state relative-caret-position="336">
          <caret line="14" selection-start-line="14" selection-end-line="14" />
        </state>
      </provider>
    </entry>
    <entry file="file://$PROJECT_DIR$/learn_demo/src/main/resources/templates/sysUser.html">
      <provider selected="true" editor-type-id="text-editor">
        <state relative-caret-position="240">
          <caret line="10" column="38" selection-start-line="10" selection-start-column="38" selection-end-line="10" selection-end-column="38" />
          <folding>
            <element signature="n#style#0;n#h1#0;n#body#0;n#html#0;n#!!top" expanded="true" />
            <element signature="n#style#0;n#table#0;n#div#0;n#body#0;n#html#0;n#!!top" expanded="true" />
          </folding>
        </state>
      </provider>
    </entry>
    <entry file="file://$PROJECT_DIR$/spring-cloud-components/dynamic-dataSource/src/main/java/pri/zxx/config/DynamicDataSource.java">
      <provider selected="true" editor-type-id="text-editor">
        <state relative-caret-position="120">
          <caret line="11" column="13" selection-start-line="11" selection-start-column="13" selection-end-line="11" selection-end-column="13" />
        </state>
      </provider>
    </entry>
    <entry file="file://$PROJECT_DIR$/spring-cloud-components/dynamic-dataSource/src/main/java/pri/zxx/config/DataSourceConfig.java">
      <provider selected="true" editor-type-id="text-editor">
        <state relative-caret-position="168">
          <caret line="23" column="13" selection-start-line="23" selection-start-column="13" selection-end-line="23" selection-end-column="13" />
        </state>
      </provider>
    </entry>
    <entry file="file://$PROJECT_DIR$/spring-cloud-components/dynamic-dataSource/src/main/java/pri/zxx/config/DynamicDataSourceContextHolder.java">
      <provider selected="true" editor-type-id="text-editor">
        <state relative-caret-position="120">
          <caret line="11" column="13" selection-start-line="11" selection-start-column="13" selection-end-line="11" selection-end-column="13" />
        </state>
      </provider>
    </entry>
    <entry file="file://$PROJECT_DIR$/spring-cloud-components/dynamic-dataSource/src/main/java/pri/zxx/controller/ProducerController.java">
      <provider selected="true" editor-type-id="text-editor">
        <state relative-caret-position="192">
          <caret line="22" column="13" selection-start-line="22" selection-start-column="13" selection-end-line="22" selection-end-column="13" />
        </state>
      </provider>
    </entry>
    <entry file="file://$PROJECT_DIR$/spring-cloud-components/dynamic-dataSource/src/main/resources/application.yml">
      <provider selected="true" editor-type-id="text-editor">
        <state relative-caret-position="480">
          <caret line="20" column="5" selection-start-line="20" selection-start-column="5" selection-end-line="20" selection-end-column="5" />
        </state>
      </provider>
    </entry>
    <entry file="file://$PROJECT_DIR$/spring-cloud-components/zxx-commons/src/main/java/com/configs/vo/ResultEnum.java">
      <provider selected="true" editor-type-id="text-editor">
        <state relative-caret-position="66">
          <caret line="7" column="12" selection-start-line="7" selection-start-column="12" selection-end-line="7" selection-end-column="12" />
        </state>
      </provider>
    </entry>
    <entry file="file://$PROJECT_DIR$/spring-cloud-components/zxx-commons/src/main/java/com/configs/vo/ResultData.java">
      <provider selected="true" editor-type-id="text-editor">
        <state relative-caret-position="-1509">
          <caret line="9" column="13" selection-start-line="9" selection-start-column="13" selection-end-line="9" selection-end-column="13" />
        </state>
      </provider>
    </entry>
    <entry file="file://$PROJECT_DIR$/spring-cloud-components/zxx-commons/src/main/resources/META-INF/additional-spring-configuration-metadata.json">
      <provider selected="true" editor-type-id="text-editor">
        <state relative-caret-position="192">
          <caret line="8" column="1" selection-start-line="8" selection-start-column="1" selection-end-line="8" selection-end-column="1" />
        </state>
      </provider>
    </entry>
    <entry file="file://$PROJECT_DIR$/spring-cloud-components/zxx-commons/src/main/resources/META-INF/spring.factories">
      <provider selected="true" editor-type-id="text-editor">
        <state relative-caret-position="192">
          <caret line="8" column="20" selection-start-line="8" selection-start-column="14" selection-end-line="8" selection-end-column="20" />
        </state>
      </provider>
    </entry>
  </component>
  <component name="masterDetails">
    <states>
      <state key="ScopeChooserConfigurable.UI">
        <settings>
          <splitter-proportions>
            <option name="proportions">
              <list>
                <option value="0.19496855" />
              </list>
            </option>
          </splitter-proportions>
        </settings>
      </state>
    </states>
  </component>
</project>