<project version="4">
  <component name="FileEditorManager">
    <leaf SIDE_TABS_SIZE_LIMIT_KEY="-1">
      <file pinned="false" current-in-tab="false">
        <entry file="file://$PROJECT_DIR$/src/main/resources/mapper/expimp/LogisticsProductMapper.xml">
          <provider selected="true" editor-type-id="text-editor">
            <state relative-caret-position="563">
              <caret line="126" column="27" lean-forward="true" selection-start-line="126" selection-start-column="27" selection-end-line="126" selection-end-column="27" />
            </state>
          </provider>
        </entry>
      </file>
      <file pinned="false" current-in-tab="false">
        <entry file="file://$PROJECT_DIR$/src/main/resources/mapper/logistics/LogisticsOrderMapper.xml">
          <provider selected="true" editor-type-id="text-editor">
            <state relative-caret-position="26">
              <caret line="17" column="8" selection-start-line="17" selection-start-column="8" selection-end-line="17" selection-end-column="67" />
            </state>
          </provider>
        </entry>
      </file>
      <file pinned="false" current-in-tab="false">
        <entry file="file://$PROJECT_DIR$/src/main/resources/mapper/logistics/LogisticsOrderExtraMapper.xml">
          <provider selected="true" editor-type-id="text-editor">
            <state relative-caret-position="208">
              <caret line="8" lean-forward="true" selection-start-line="8" selection-end-line="8" />
            </state>
          </provider>
        </entry>
      </file>
      <file pinned="false" current-in-tab="false">
        <entry file="file://$PROJECT_DIR$/src/main/resources/mapper/logistics/LogisticsOrderProductMapper.xml">
          <provider selected="true" editor-type-id="text-editor">
            <state relative-caret-position="-3233" />
          </provider>
        </entry>
      </file>
      <file pinned="false" current-in-tab="false">
        <entry file="file://$PROJECT_DIR$/src/main/java/com/chuanxi/LogisticsServiceApplication.java">
          <provider selected="true" editor-type-id="text-editor">
            <state relative-caret-position="275">
              <caret line="16" column="13" selection-start-line="16" selection-start-column="13" selection-end-line="16" selection-end-column="13" />
            </state>
          </provider>
        </entry>
      </file>
      <file pinned="false" current-in-tab="true">
        <entry file="file://$PROJECT_DIR$/Dockerfile">
          <provider selected="true" editor-type-id="text-editor" />
        </entry>
      </file>
      <file pinned="false" current-in-tab="false">
        <entry file="file://$PROJECT_DIR$/pom.xml">
          <provider selected="true" editor-type-id="text-editor" />
        </entry>
      </file>
    </leaf>
  </component>
  <component name="FindInProjectRecents">
    <findStrings>
      <find>获取物流单</find>
    </findStrings>
    <replaceStrings>
      <replace />
    </replaceStrings>
  </component>
  <component name="IdeDocumentHistory">
    <option name="CHANGED_PATHS">
      <list>
        <option value="$PROJECT_DIR$/src/main/java/com/chuanxi/service/jd/impl/JdServiceImpl.java" />
        <option value="$PROJECT_DIR$/src/main/java/com/chuanxi/service/jd/impl/JdProductServiceImpl.java" />
      </list>
    </option>
  </component>
  <component name="IgnoredFileRootStore">
    <option name="generatedRoots">
      <set>
        <option value="$PROJECT_DIR$/.idea" />
      </set>
    </option>
  </component>
  <component name="MavenProjectNavigator">
    <treeState>
      <expand />
      <select />
    </treeState>
  </component>
  <component name="ProjectFrameBounds" x="-8" y="-8" width="1936" height="1066" extendedState="6" />
  <component name="ProjectView">
    <navigator currentView="ProjectPane" proportions="" version="1" />
    <panes>
      <pane id="ProjectPane">
        <subPane>
          <expand>
            <path>
              <item name="service-logistics" type="b2602c69:ProjectViewProjectNode" />
              <item name="service-logistics" type="462c0819:PsiDirectoryNode" />
            </path>
            <path>
              <item name="service-logistics" type="b2602c69:ProjectViewProjectNode" />
              <item name="service-logistics" type="462c0819:PsiDirectoryNode" />
              <item name="src" type="462c0819:PsiDirectoryNode" />
            </path>
            <path>
              <item name="service-logistics" type="b2602c69:ProjectViewProjectNode" />
              <item name="service-logistics" type="462c0819:PsiDirectoryNode" />
              <item name="src" type="462c0819:PsiDirectoryNode" />
              <item name="main" type="462c0819:PsiDirectoryNode" />
            </path>
            <path>
              <item name="service-logistics" type="b2602c69:ProjectViewProjectNode" />
              <item name="service-logistics" type="462c0819:PsiDirectoryNode" />
              <item name="src" type="462c0819:PsiDirectoryNode" />
              <item name="main" type="462c0819:PsiDirectoryNode" />
              <item name="java" type="462c0819:PsiDirectoryNode" />
            </path>
          </expand>
          <select />
        </subPane>
      </pane>
      <pane id="PackagesPane" />
      <pane id="Scope" />
    </panes>
  </component>
  <component name="TimeTrackingManager">
    <option name="totallyTimeSpent" value="3627000" />
  </component>
  <component name="ToolWindowManager">
    <layout>
      <window_info anchor="right" id="Maven" order="4" weight="0.14852548" />
      <window_info anchor="bottom" id="Internal Method Tracing" order="5" />
      <window_info anchor="bottom" id="Build" order="17" weight="0.35382956" />
      <window_info id="Learn" order="4" />
      <window_info anchor="bottom" id="Run" order="2" />
      <window_info anchor="bottom" id="Services" order="11" show_stripe_button="false" />
      <window_info anchor="right" id="leetcode" order="3" side_tool="true" />
      <window_info anchor="right" id="Ant Build" order="1" weight="0.25" />
      <window_info id="Favorites" order="2" side_tool="true" />
      <window_info anchor="bottom" id="Terminal" order="14" />
      <window_info anchor="right" id="Commander" internal_type="SLIDING" order="0" type="SLIDING" weight="0.4" />
      <window_info anchor="right" id="JSON Utils" order="8" />
      <window_info anchor="bottom" id="Event Log" order="15" side_tool="true" />
      <window_info anchor="bottom" id="Cvs" order="6" weight="0.25" />
      <window_info anchor="right" content_ui="combo" id="Hierarchy" order="2" weight="0.25" />
      <window_info anchor="bottom" id="Problems" order="12" />
      <window_info anchor="bottom" id="Project Problems" order="7" />
      <window_info anchor="bottom" id="Database Changes" order="13" show_stripe_button="false" />
      <window_info anchor="bottom" id="Version Control" order="16" />
      <window_info anchor="right" id="Ant" order="5" />
      <window_info id="Commit" order="3" />
      <window_info anchor="right" id="Word Book" order="6" side_tool="true" />
      <window_info anchor="bottom" id="Find" order="1" />
      <window_info active="true" content_ui="combo" id="Project" order="0" visible="true" weight="0.2530831" />
      <window_info anchor="bottom" id="Endpoints" order="9" show_stripe_button="false" />
      <window_info anchor="right" id="Database" order="9" />
      <window_info anchor="bottom" id="Message" order="0" />
      <window_info anchor="bottom" id="TODO" order="10" />
      <window_info anchor="right" id="Codota" order="7" />
      <window_info id="Structure" order="1" side_tool="true" weight="0.25" />
      <window_info anchor="bottom" id="Inspection" order="8" weight="0.4" />
      <window_info anchor="bottom" id="Problems View" order="3" />
      <window_info anchor="bottom" id="Debug" order="4" weight="0.4" />
    </layout>
  </component>
  <component name="editorHistoryManager">
    <entry file="file://$PROJECT_DIR$/src/main/java/com/chuanxi/entity/logistics/StockSend.java">
      <provider selected="true" editor-type-id="text-editor">
        <state relative-caret-position="96">
          <caret line="4" column="13" selection-start-line="4" selection-start-column="13" selection-end-line="4" selection-end-column="13" />
        </state>
      </provider>
    </entry>
    <entry file="file://$PROJECT_DIR$/src/main/java/com/chuanxi/entity/expimp/ImportDate.java">
      <provider selected="true" editor-type-id="text-editor">
        <state relative-caret-position="120">
          <caret line="11" column="13" selection-start-line="11" selection-start-column="13" selection-end-line="11" selection-end-column="13" />
        </state>
      </provider>
    </entry>
    <entry file="file://$PROJECT_DIR$/src/main/java/com/chuanxi/exception/ServiceException.java">
      <provider selected="true" editor-type-id="text-editor">
        <state relative-caret-position="120">
          <caret line="10" column="13" selection-start-line="10" selection-start-column="13" selection-end-line="10" selection-end-column="13" />
        </state>
      </provider>
    </entry>
    <entry file="file://$PROJECT_DIR$/src/main/java/com/chuanxi/entity/param/LogisticsOrderParam.java">
      <provider selected="true" editor-type-id="text-editor">
        <state relative-caret-position="144">
          <caret line="18" column="49" selection-start-line="18" selection-start-column="49" selection-end-line="18" selection-end-column="49" />
        </state>
      </provider>
    </entry>
    <entry file="file://$PROJECT_DIR$/src/main/java/com/chuanxi/entity/logistics/LogisticsOrder.java">
      <provider selected="true" editor-type-id="text-editor">
        <state relative-caret-position="96">
          <caret line="9" column="13" selection-start-line="9" selection-start-column="13" selection-end-line="9" selection-end-column="13" />
        </state>
      </provider>
    </entry>
    <entry file="file://$PROJECT_DIR$/src/main/java/com/chuanxi/entity/logistics/LogisticsOrderStatus.java">
      <provider selected="true" editor-type-id="text-editor">
        <state relative-caret-position="72">
          <caret line="8" column="12" selection-start-line="8" selection-start-column="12" selection-end-line="8" selection-end-column="12" />
        </state>
      </provider>
    </entry>
    <entry file="file://$PROJECT_DIR$/src/main/java/com/chuanxi/dao/logistics/LogisticsOrderMapper.java">
      <provider selected="true" editor-type-id="text-editor">
        <state relative-caret-position="216">
          <caret line="13" column="8" selection-start-line="13" selection-start-column="8" selection-end-line="13" selection-end-column="8" />
        </state>
      </provider>
    </entry>
    <entry file="file://$PROJECT_DIR$/src/main/java/com/chuanxi/controller/FeignTestController.java">
      <provider selected="true" editor-type-id="text-editor">
        <state relative-caret-position="192">
          <caret line="19" column="13" selection-start-line="19" selection-start-column="13" selection-end-line="19" selection-end-column="13" />
        </state>
      </provider>
    </entry>
    <entry file="file://$PROJECT_DIR$/src/main/java/com/chuanxi/controller/JdProductController.java">
      <provider selected="true" editor-type-id="text-editor">
        <state relative-caret-position="182">
          <caret line="29" column="13" selection-start-line="29" selection-start-column="13" selection-end-line="29" selection-end-column="13" />
        </state>
      </provider>
    </entry>
    <entry file="file://$PROJECT_DIR$/src/main/java/com/chuanxi/dao/expimp/LogisticsProductMapper.java">
      <provider selected="true" editor-type-id="text-editor">
        <state relative-caret-position="520">
          <caret line="22" column="27" selection-start-line="22" selection-start-column="27" selection-end-line="22" selection-end-column="27" />
        </state>
      </provider>
    </entry>
    <entry file="file://$PROJECT_DIR$/src/main/java/com/chuanxi/entity/jd/LogisticsProduct.java">
      <provider selected="true" editor-type-id="text-editor">
        <state relative-caret-position="130">
          <caret line="9" column="13" selection-start-line="9" selection-start-column="13" selection-end-line="9" selection-end-column="13" />
        </state>
      </provider>
    </entry>
    <entry file="file://$PROJECT_DIR$/src/main/resources/bootstrap.properties">
      <provider selected="true" editor-type-id="text-editor">
        <state relative-caret-position="130">
          <caret line="5" column="40" selection-start-line="5" selection-start-column="40" selection-end-line="5" selection-end-column="40" />
        </state>
      </provider>
    </entry>
    <entry file="file://$PROJECT_DIR$/src/main/resources/application-express.yml">
      <provider selected="true" editor-type-id="text-editor" />
    </entry>
    <entry file="file://$PROJECT_DIR$/src/main/java/com/chuanxi/dao/logistics/LogisticsOrderProductMapper.java">
      <provider selected="true" editor-type-id="text-editor">
        <state relative-caret-position="390">
          <caret line="20" column="29" selection-start-line="20" selection-start-column="29" selection-end-line="20" selection-end-column="29" />
        </state>
      </provider>
    </entry>
    <entry file="file://$PROJECT_DIR$/src/main/java/com/chuanxi/controller/ImportExportController.java">
      <provider selected="true" editor-type-id="text-editor">
        <state relative-caret-position="216">
          <caret line="37" column="13" selection-start-line="37" selection-start-column="13" selection-end-line="37" selection-end-column="13" />
        </state>
      </provider>
    </entry>
    <entry file="file://$PROJECT_DIR$/src/main/java/com/chuanxi/controller/JDController.java">
      <provider selected="true" editor-type-id="text-editor">
        <state relative-caret-position="289">
          <caret line="181" column="58" selection-start-line="181" selection-start-column="58" selection-end-line="181" selection-end-column="58" />
        </state>
      </provider>
    </entry>
    <entry file="file://$PROJECT_DIR$/src/main/java/com/chuanxi/service/jd/JdService.java">
      <provider selected="true" editor-type-id="text-editor">
        <state relative-caret-position="272">
          <caret line="53" column="28" selection-start-line="53" selection-start-column="28" selection-end-line="53" selection-end-column="28" />
        </state>
      </provider>
    </entry>
    <entry file="file://$PROJECT_DIR$/src/main/java/com/chuanxi/service/jd/impl/JdServiceImpl.java">
      <provider selected="true" editor-type-id="text-editor">
        <state relative-caret-position="17">
          <caret line="396" column="13" selection-start-line="396" selection-start-column="6" selection-end-line="396" selection-end-column="13" />
        </state>
      </provider>
    </entry>
    <entry file="file://$PROJECT_DIR$/src/main/java/com/chuanxi/service/jd/impl/JdProductServiceImpl.java">
      <provider selected="true" editor-type-id="text-editor">
        <state relative-caret-position="194">
          <caret line="20" selection-start-line="20" selection-end-line="20" />
        </state>
      </provider>
    </entry>
    <entry file="file://$PROJECT_DIR$/src/main/java/com/chuanxi/service/impl/LogisticExtraServiceImpl.java">
      <provider selected="true" editor-type-id="text-editor">
        <state relative-caret-position="168">
          <caret line="15" column="13" selection-start-line="15" selection-start-column="13" selection-end-line="15" selection-end-column="13" />
        </state>
      </provider>
    </entry>
    <entry file="file://$PROJECT_DIR$/src/main/java/com/chuanxi/controller/LogisticsController.java">
      <provider selected="true" editor-type-id="text-editor">
        <state relative-caret-position="328">
          <caret line="97" column="58" selection-start-line="97" selection-start-column="58" selection-end-line="97" selection-end-column="58" />
        </state>
      </provider>
    </entry>
    <entry file="file://$PROJECT_DIR$/src/main/java/com/chuanxi/service/LogisticsService.java">
      <provider selected="true" editor-type-id="text-editor">
        <state relative-caret-position="510">
          <caret line="40" column="25" selection-start-line="40" selection-start-column="25" selection-end-line="40" selection-end-column="25" />
        </state>
      </provider>
    </entry>
    <entry file="file://$PROJECT_DIR$/src/main/java/com/chuanxi/service/impl/LogisticsServiceImpl.java">
      <provider selected="true" editor-type-id="text-editor">
        <state relative-caret-position="626">
          <caret line="497" column="36" selection-start-line="497" selection-start-column="22" selection-end-line="497" selection-end-column="36" />
        </state>
      </provider>
    </entry>
    <entry file="file://$PROJECT_DIR$/src/main/java/com/chuanxi/config/JDClientConfig.java">
      <provider selected="true" editor-type-id="text-editor">
        <state relative-caret-position="272">
          <caret line="19" column="31" selection-start-line="19" selection-start-column="19" selection-end-line="19" selection-end-column="31" />
        </state>
      </provider>
    </entry>
    <entry file="file://$PROJECT_DIR$/src/main/java/com/chuanxi/config/CustomExceptionHandler.java">
      <provider selected="true" editor-type-id="text-editor">
        <state relative-caret-position="223">
          <caret line="20" column="13" selection-start-line="20" selection-start-column="13" selection-end-line="20" selection-end-column="13" />
        </state>
      </provider>
    </entry>
    <entry file="file://$PROJECT_DIR$/src/main/java/com/chuanxi/config/CorsConfig.java">
      <provider selected="true" editor-type-id="text-editor">
        <state relative-caret-position="223">
          <caret line="13" column="13" selection-start-line="13" selection-start-column="13" selection-end-line="13" selection-end-column="13" />
        </state>
      </provider>
    </entry>
    <entry file="file://$PROJECT_DIR$/src/main/java/com/chuanxi/api/FeignConfig.java">
      <provider selected="true" editor-type-id="text-editor">
        <state relative-caret-position="156">
          <caret line="12" column="13" selection-start-line="12" selection-start-column="13" selection-end-line="12" selection-end-column="13" />
        </state>
      </provider>
    </entry>
    <entry file="file://$PROJECT_DIR$/src/main/java/com/chuanxi/api/JdProductControllerApi.java">
      <provider selected="true" editor-type-id="text-editor">
        <state relative-caret-position="168">
          <caret line="15" column="17" selection-start-line="15" selection-start-column="17" selection-end-line="15" selection-end-column="17" />
        </state>
      </provider>
    </entry>
    <entry file="file://$PROJECT_DIR$/src/main/java/com/chuanxi/api/JdProFeignClient.java">
      <provider selected="true" editor-type-id="text-editor">
        <state relative-caret-position="168">
          <caret line="10" column="17" selection-start-line="10" selection-start-column="17" selection-end-line="10" selection-end-column="17" />
        </state>
      </provider>
    </entry>
    <entry file="file://$PROJECT_DIR$/src/main/resources/mapper/expimp/ExpImpMapper.xml">
      <provider selected="true" editor-type-id="text-editor" />
    </entry>
    <entry file="file://$PROJECT_DIR$/src/main/resources/mapper/expimp/JdCodeMapper.xml">
      <provider selected="true" editor-type-id="text-editor">
        <state relative-caret-position="-988" />
      </provider>
    </entry>
    <entry file="file://$PROJECT_DIR$/src/main/resources/mapper/expimp/JdProductMapper.xml">
      <provider selected="true" editor-type-id="text-editor">
        <state relative-caret-position="-1872" />
      </provider>
    </entry>
    <entry file="file://$PROJECT_DIR$/src/main/resources/mapper/logistics/ExpressDriverMapper.xml">
      <provider selected="true" editor-type-id="text-editor" />
    </entry>
    <entry file="file://$PROJECT_DIR$/src/main/resources/mapper/logistics/ExpressOrderMapper.xml">
      <provider selected="true" editor-type-id="text-editor">
        <state relative-caret-position="-364" />
      </provider>
    </entry>
    <entry file="file://$PROJECT_DIR$/src/main/resources/mapper/logistics/ExpressSapMapper.xml">
      <provider selected="true" editor-type-id="text-editor">
        <state relative-caret-position="-884" />
      </provider>
    </entry>
    <entry file="file://$PROJECT_DIR$/src/main/resources/mapper/logistics/LogisticsOrderExtraMapper.xml">
      <provider selected="true" editor-type-id="text-editor">
        <state relative-caret-position="208">
          <caret line="8" lean-forward="true" selection-start-line="8" selection-end-line="8" />
        </state>
      </provider>
    </entry>
    <entry file="file://$PROJECT_DIR$/src/main/resources/mapper/logistics/LogisticsOrderMapper.xml">
      <provider selected="true" editor-type-id="text-editor">
        <state relative-caret-position="26">
          <caret line="17" column="8" selection-start-line="17" selection-start-column="8" selection-end-line="17" selection-end-column="67" />
        </state>
      </provider>
    </entry>
    <entry file="file://$PROJECT_DIR$/src/main/resources/mapper/logistics/LogisticsOrderProductMapper.xml">
      <provider selected="true" editor-type-id="text-editor">
        <state relative-caret-position="-3233" />
      </provider>
    </entry>
    <entry file="file://$PROJECT_DIR$/src/main/resources/mapper/expimp/LogisticsProductMapper.xml">
      <provider selected="true" editor-type-id="text-editor">
        <state relative-caret-position="563">
          <caret line="126" column="27" lean-forward="true" selection-start-line="126" selection-start-column="27" selection-end-line="126" selection-end-column="27" />
        </state>
      </provider>
    </entry>
    <entry file="file://$PROJECT_DIR$/src/main/java/com/chuanxi/LogisticsServiceApplication.java">
      <provider selected="true" editor-type-id="text-editor">
        <state relative-caret-position="275">
          <caret line="16" column="13" selection-start-line="16" selection-start-column="13" selection-end-line="16" selection-end-column="13" />
        </state>
      </provider>
    </entry>
    <entry file="file://$PROJECT_DIR$/pom.xml">
      <provider selected="true" editor-type-id="text-editor" />
    </entry>
    <entry file="file://$PROJECT_DIR$/Dockerfile">
      <provider selected="true" editor-type-id="text-editor" />
    </entry>
  </component>
</project>