<project version="4">
  <component name="FileEditorManager">
    <leaf SIDE_TABS_SIZE_LIMIT_KEY="-1">
      <file pinned="false" current-in-tab="false">
        <entry file="file://$PROJECT_DIR$/src/main/java/com/tanjiu/service/impl/ScoreServiceImpl.java">
          <provider selected="true" editor-type-id="text-editor">
            <state relative-caret-position="2210">
              <caret line="112" column="31" selection-start-line="112" selection-start-column="31" selection-end-line="112" selection-end-column="31" />
              <folding>
                <element signature="docComment;method#getUsedPoint#0;class#ScoreServiceImpl#0" expanded="true" />
              </folding>
            </state>
          </provider>
        </entry>
      </file>
      <file pinned="false" current-in-tab="false">
        <entry file="file://$PROJECT_DIR$/src/main/java/com/tanjiu/service/impl/MsgPushService.java">
          <provider selected="true" editor-type-id="text-editor">
            <state relative-caret-position="130">
              <caret line="11" column="12" selection-start-line="11" selection-start-column="12" selection-end-line="11" selection-end-column="12" />
            </state>
          </provider>
        </entry>
      </file>
      <file pinned="false" current-in-tab="false">
        <entry file="file://$PROJECT_DIR$/src/main/resources/application-dev.yaml">
          <provider selected="true" editor-type-id="text-editor">
            <state relative-caret-position="416">
              <caret line="16" column="8" selection-start-line="16" selection-start-column="8" selection-end-line="16" selection-end-column="8" />
            </state>
          </provider>
        </entry>
      </file>
      <file pinned="false" current-in-tab="false">
        <entry file="file://$PROJECT_DIR$/src/main/java/com/tanjiu/service/impl/MsgPushServiceImpl.java">
          <provider selected="true" editor-type-id="text-editor">
            <state relative-caret-position="416">
              <caret line="30" column="32" selection-start-line="30" selection-start-column="32" selection-end-line="30" selection-end-column="32" />
              <folding>
                <element signature="docComment;method#testApi#0;class#MsgPushServiceImpl#0" expanded="true" />
              </folding>
            </state>
          </provider>
        </entry>
      </file>
      <file pinned="false" current-in-tab="false">
        <entry file="file://$PROJECT_DIR$/src/main/resources/application-pro.yaml">
          <provider selected="true" editor-type-id="text-editor">
            <state relative-caret-position="832">
              <caret line="32" column="13" selection-start-line="32" selection-start-column="8" selection-end-line="32" selection-end-column="13" />
            </state>
          </provider>
        </entry>
      </file>
      <file pinned="false" current-in-tab="true">
        <entry file="file://$PROJECT_DIR$/src/main/java/com/tanjiu/config/SwaggerConfig.java">
          <provider selected="true" editor-type-id="text-editor">
            <state relative-caret-position="78">
              <caret line="37" column="7" selection-start-line="37" selection-start-column="7" selection-end-line="37" selection-end-column="7" />
            </state>
          </provider>
        </entry>
      </file>
      <file pinned="false" current-in-tab="false">
        <entry file="file://$PROJECT_DIR$/src/main/resources/application-test.yaml">
          <provider selected="true" editor-type-id="text-editor">
            <state relative-caret-position="624">
              <caret line="24" column="32" selection-start-line="24" selection-start-column="32" selection-end-line="24" selection-end-column="32" />
            </state>
          </provider>
        </entry>
      </file>
    </leaf>
  </component>
  <component name="FindInProjectRecents">
    <findStrings>
      <find>log.warn</find>
      <find>, UUID.randomUUID().toString().replace(&quot;-&quot;, &quot;&quot;)</find>
    </findStrings>
    <replaceStrings>
      <replace />
    </replaceStrings>
  </component>
  <component name="IdeDocumentHistory">
    <option name="CHANGED_PATHS">
      <list>
        <option value="$PROJECT_DIR$/src/main/java/com/tanjiu/controller/jobs/PushWeiXinController.java" />
        <option value="$PROJECT_DIR$/src/main/resources/application-test.yaml" />
        <option value="$PROJECT_DIR$/src/main/resources/application-dev.yaml" />
        <option value="$PROJECT_DIR$/src/main/resources/application.yaml" />
        <option value="$PROJECT_DIR$/src/main/resources/application-pro.yaml" />
        <option value="$PROJECT_DIR$/src/main/java/com/tanjiu/service/msg/WxContent.java" />
        <option value="$PROJECT_DIR$/src/main/java/com/tanjiu/service/msg/SmsContent.java" />
        <option value="$PROJECT_DIR$/src/main/java/com/tanjiu/service/msg/MsgTemplate.java" />
        <option value="$PROJECT_DIR$/src/main/java/com/tanjiu/service/msg/MsgStrategyFactory.java" />
        <option value="$PROJECT_DIR$/src/main/java/com/tanjiu/service/msg/EmailContent.java" />
        <option value="$PROJECT_DIR$/src/main/java/com/tanjiu/service/msg/DingContent.java" />
        <option value="$PROJECT_DIR$/src/main/java/com/tanjiu/service/msg/MsgStrategy.java" />
        <option value="$PROJECT_DIR$/src/main/java/com/tanjiu/service/impl/MsgPushServiceImpl.java" />
        <option value="$PROJECT_DIR$/src/main/java/com/tanjiu/service/impl/ScoreServiceImpl.java" />
        <option value="$PROJECT_DIR$/src/main/java/com/tanjiu/config/SwaggerConfig.java" />
      </list>
    </option>
  </component>
  <component name="IgnoredFileRootStore">
    <option name="generatedRoots">
      <set>
        <option value="$PROJECT_DIR$/.idea" />
      </set>
    </option>
  </component>
  <component name="MavenProjectNavigator">
    <treeState>
      <expand />
      <select />
    </treeState>
  </component>
  <component name="ProjectFrameBounds" x="-8" y="-8" width="1936" height="1066" extendedState="6" />
  <component name="ProjectView">
    <navigator currentView="Scope" currentSubView="Scope 'Project Files'; set:Project Files; class com.intellij.psi.search.scope.ProjectFilesScope" proportions="" version="1" />
    <panes>
      <pane id="ProjectPane">
        <subPane>
          <expand>
            <path>
              <item name="tanjiu-jobs" type="b2602c69:ProjectViewProjectNode" />
              <item name="tanjiu-jobs" type="462c0819:PsiDirectoryNode" />
            </path>
          </expand>
          <select />
        </subPane>
      </pane>
      <pane id="PackagesPane" />
      <pane id="Scope">
        <subPane subId="Scope 'Project Files'; set:Project Files; class com.intellij.psi.search.scope.ProjectFilesScope">
          <expand>
            <path>
              <item name="tanjiu-jobs" type="3d21c010:ScopeViewTreeModel$ProjectNode" />
              <item name="tanjiu-jobs" type="2674bda8:ScopeViewTreeModel$GroupNode" />
            </path>
            <path>
              <item name="tanjiu-jobs" type="3d21c010:ScopeViewTreeModel$ProjectNode" />
              <item name="tanjiu-jobs" type="2674bda8:ScopeViewTreeModel$GroupNode" />
              <item name="src" type="9f88c78c:ScopeViewTreeModel$FileNode" />
            </path>
            <path>
              <item name="tanjiu-jobs" type="3d21c010:ScopeViewTreeModel$ProjectNode" />
              <item name="tanjiu-jobs" type="2674bda8:ScopeViewTreeModel$GroupNode" />
              <item name="src" type="9f88c78c:ScopeViewTreeModel$FileNode" />
              <item name="main" type="9f88c78c:ScopeViewTreeModel$FileNode" />
            </path>
            <path>
              <item name="tanjiu-jobs" type="3d21c010:ScopeViewTreeModel$ProjectNode" />
              <item name="tanjiu-jobs" type="2674bda8:ScopeViewTreeModel$GroupNode" />
              <item name="src" type="9f88c78c:ScopeViewTreeModel$FileNode" />
              <item name="main" type="9f88c78c:ScopeViewTreeModel$FileNode" />
              <item name="java" type="9f88c78c:ScopeViewTreeModel$FileNode" />
            </path>
            <path>
              <item name="tanjiu-jobs" type="3d21c010:ScopeViewTreeModel$ProjectNode" />
              <item name="tanjiu-jobs" type="2674bda8:ScopeViewTreeModel$GroupNode" />
              <item name="src" type="9f88c78c:ScopeViewTreeModel$FileNode" />
              <item name="main" type="9f88c78c:ScopeViewTreeModel$FileNode" />
              <item name="java" type="9f88c78c:ScopeViewTreeModel$FileNode" />
              <item name="com" type="9f88c78c:ScopeViewTreeModel$FileNode" />
            </path>
            <path>
              <item name="tanjiu-jobs" type="3d21c010:ScopeViewTreeModel$ProjectNode" />
              <item name="tanjiu-jobs" type="2674bda8:ScopeViewTreeModel$GroupNode" />
              <item name="src" type="9f88c78c:ScopeViewTreeModel$FileNode" />
              <item name="main" type="9f88c78c:ScopeViewTreeModel$FileNode" />
              <item name="java" type="9f88c78c:ScopeViewTreeModel$FileNode" />
              <item name="com" type="9f88c78c:ScopeViewTreeModel$FileNode" />
              <item name="tanjiu" type="9f88c78c:ScopeViewTreeModel$FileNode" />
            </path>
            <path>
              <item name="tanjiu-jobs" type="3d21c010:ScopeViewTreeModel$ProjectNode" />
              <item name="tanjiu-jobs" type="2674bda8:ScopeViewTreeModel$GroupNode" />
              <item name="src" type="9f88c78c:ScopeViewTreeModel$FileNode" />
              <item name="main" type="9f88c78c:ScopeViewTreeModel$FileNode" />
              <item name="java" type="9f88c78c:ScopeViewTreeModel$FileNode" />
              <item name="com" type="9f88c78c:ScopeViewTreeModel$FileNode" />
              <item name="tanjiu" type="9f88c78c:ScopeViewTreeModel$FileNode" />
              <item name="config" type="9f88c78c:ScopeViewTreeModel$FileNode" />
            </path>
            <path>
              <item name="tanjiu-jobs" type="3d21c010:ScopeViewTreeModel$ProjectNode" />
              <item name="tanjiu-jobs" type="2674bda8:ScopeViewTreeModel$GroupNode" />
              <item name="src" type="9f88c78c:ScopeViewTreeModel$FileNode" />
              <item name="main" type="9f88c78c:ScopeViewTreeModel$FileNode" />
              <item name="java" type="9f88c78c:ScopeViewTreeModel$FileNode" />
              <item name="com" type="9f88c78c:ScopeViewTreeModel$FileNode" />
              <item name="tanjiu" type="9f88c78c:ScopeViewTreeModel$FileNode" />
              <item name="controller" type="9f88c78c:ScopeViewTreeModel$FileNode" />
            </path>
            <path>
              <item name="tanjiu-jobs" type="3d21c010:ScopeViewTreeModel$ProjectNode" />
              <item name="tanjiu-jobs" type="2674bda8:ScopeViewTreeModel$GroupNode" />
              <item name="src" type="9f88c78c:ScopeViewTreeModel$FileNode" />
              <item name="main" type="9f88c78c:ScopeViewTreeModel$FileNode" />
              <item name="java" type="9f88c78c:ScopeViewTreeModel$FileNode" />
              <item name="com" type="9f88c78c:ScopeViewTreeModel$FileNode" />
              <item name="tanjiu" type="9f88c78c:ScopeViewTreeModel$FileNode" />
              <item name="controller" type="9f88c78c:ScopeViewTreeModel$FileNode" />
              <item name="jobs" type="9f88c78c:ScopeViewTreeModel$FileNode" />
            </path>
            <path>
              <item name="tanjiu-jobs" type="3d21c010:ScopeViewTreeModel$ProjectNode" />
              <item name="tanjiu-jobs" type="2674bda8:ScopeViewTreeModel$GroupNode" />
              <item name="src" type="9f88c78c:ScopeViewTreeModel$FileNode" />
              <item name="main" type="9f88c78c:ScopeViewTreeModel$FileNode" />
              <item name="java" type="9f88c78c:ScopeViewTreeModel$FileNode" />
              <item name="com" type="9f88c78c:ScopeViewTreeModel$FileNode" />
              <item name="tanjiu" type="9f88c78c:ScopeViewTreeModel$FileNode" />
              <item name="service" type="9f88c78c:ScopeViewTreeModel$FileNode" />
            </path>
            <path>
              <item name="tanjiu-jobs" type="3d21c010:ScopeViewTreeModel$ProjectNode" />
              <item name="tanjiu-jobs" type="2674bda8:ScopeViewTreeModel$GroupNode" />
              <item name="src" type="9f88c78c:ScopeViewTreeModel$FileNode" />
              <item name="main" type="9f88c78c:ScopeViewTreeModel$FileNode" />
              <item name="java" type="9f88c78c:ScopeViewTreeModel$FileNode" />
              <item name="com" type="9f88c78c:ScopeViewTreeModel$FileNode" />
              <item name="tanjiu" type="9f88c78c:ScopeViewTreeModel$FileNode" />
              <item name="service" type="9f88c78c:ScopeViewTreeModel$FileNode" />
              <item name="impl" type="9f88c78c:ScopeViewTreeModel$FileNode" />
            </path>
            <path>
              <item name="tanjiu-jobs" type="3d21c010:ScopeViewTreeModel$ProjectNode" />
              <item name="tanjiu-jobs" type="2674bda8:ScopeViewTreeModel$GroupNode" />
              <item name="src" type="9f88c78c:ScopeViewTreeModel$FileNode" />
              <item name="main" type="9f88c78c:ScopeViewTreeModel$FileNode" />
              <item name="java" type="9f88c78c:ScopeViewTreeModel$FileNode" />
              <item name="com" type="9f88c78c:ScopeViewTreeModel$FileNode" />
              <item name="tanjiu" type="9f88c78c:ScopeViewTreeModel$FileNode" />
              <item name="service" type="9f88c78c:ScopeViewTreeModel$FileNode" />
              <item name="msg" type="9f88c78c:ScopeViewTreeModel$FileNode" />
            </path>
            <path>
              <item name="tanjiu-jobs" type="3d21c010:ScopeViewTreeModel$ProjectNode" />
              <item name="tanjiu-jobs" type="2674bda8:ScopeViewTreeModel$GroupNode" />
              <item name="src" type="9f88c78c:ScopeViewTreeModel$FileNode" />
              <item name="main" type="9f88c78c:ScopeViewTreeModel$FileNode" />
              <item name="resources" type="9f88c78c:ScopeViewTreeModel$FileNode" />
            </path>
          </expand>
          <select />
        </subPane>
      </pane>
    </panes>
  </component>
  <component name="TimeTrackingManager">
    <option name="totallyTimeSpent" value="5586000" />
  </component>
  <component name="ToolWindowManager">
    <layout>
      <window_info anchor="right" id="Maven" order="3" visible="true" weight="0.12064343" />
      <window_info anchor="bottom" id="Internal Method Tracing" order="6" />
      <window_info anchor="bottom" id="Build" order="11" />
      <window_info id="Learn" order="5" />
      <window_info anchor="bottom" id="Run" order="2" weight="0.32939914" />
      <window_info anchor="bottom" id="Spring" order="13" />
      <window_info anchor="bottom" id="Services" order="14" show_stripe_button="false" />
      <window_info anchor="right" id="leetcode" order="4" side_tool="true" />
      <window_info anchor="right" id="Ant Build" order="1" weight="0.25" />
      <window_info id="Favorites" order="2" side_tool="true" />
      <window_info anchor="bottom" id="Terminal" order="15" weight="0.32939914" />
      <window_info anchor="right" id="Commander" internal_type="SLIDING" order="0" type="SLIDING" weight="0.4" />
      <window_info anchor="right" id="JSON Utils" order="5" />
      <window_info anchor="bottom" id="Event Log" order="16" side_tool="true" />
      <window_info anchor="bottom" id="Cvs" order="4" weight="0.25" />
      <window_info anchor="bottom" id="TODO" order="9" />
      <window_info anchor="right" content_ui="combo" id="Hierarchy" order="2" weight="0.25" />
      <window_info anchor="right" id="Database" order="9" />
      <window_info anchor="bottom" id="Problems" order="17" />
      <window_info anchor="bottom" id="Java Enterprise" order="18" />
      <window_info anchor="bottom" id="Project Problems" order="7" />
      <window_info anchor="bottom" id="Database Changes" order="19" show_stripe_button="false" />
      <window_info anchor="bottom" id="Version Control" order="20" weight="0.51348436" />
      <window_info anchor="right" id="Ant" order="6" />
      <window_info id="Commit" order="4" />
      <window_info anchor="bottom" id="Find" order="1" />
      <window_info active="true" content_ui="combo" id="Project" order="0" visible="true" weight="0.2680965" />
      <window_info anchor="bottom" id="Endpoints" order="10" />
      <window_info anchor="bottom" id="Messages" order="12" />
      <window_info anchor="bottom" id="Message" order="0" />
      <window_info id="Web" order="3" side_tool="true" />
      <window_info anchor="right" id="Codota" order="8" />
      <window_info id="Structure" order="1" side_tool="true" weight="0.25" />
      <window_info anchor="bottom" id="Problems View" order="5" />
      <window_info anchor="bottom" id="Inspection" order="8" weight="0.4" />
      <window_info anchor="right" id="Word Book" order="7" side_tool="true" />
      <window_info anchor="right" id="Bean Validation" order="10" />
      <window_info anchor="bottom" id="Debug" order="3" weight="0.36245954" />
    </layout>
  </component>
  <component name="editorHistoryManager">
    <entry file="file://$PROJECT_DIR$/src/main/resources/application-kafka.yaml" />
    <entry file="file://$PROJECT_DIR$/src/main/resources/application.yaml" />
    <entry file="file://$PROJECT_DIR$/src/main/resources/application-xxl.yaml" />
    <entry file="file://$PROJECT_DIR$/src/main/resources/logback-spring.xml">
      <provider selected="true" editor-type-id="text-editor">
        <state relative-caret-position="-308" />
      </provider>
    </entry>
    <entry file="file://$PROJECT_DIR$/src/main/java/com/tanjiu/config/XxlJobConfig.java">
      <provider selected="true" editor-type-id="text-editor">
        <state relative-caret-position="132">
          <caret line="15" column="13" selection-start-line="15" selection-start-column="13" selection-end-line="15" selection-end-column="13" />
        </state>
      </provider>
    </entry>
    <entry file="file://$PROJECT_DIR$/src/main/java/com/tanjiu/config/CustomExceptionHandler.java">
      <provider selected="true" editor-type-id="text-editor">
        <state relative-caret-position="132">
          <caret line="19" column="13" selection-start-line="19" selection-start-column="13" selection-end-line="19" selection-end-column="13" />
        </state>
      </provider>
    </entry>
    <entry file="file://$PROJECT_DIR$/src/main/java/com/tanjiu/config/FJsonConfig.java">
      <provider selected="true" editor-type-id="text-editor">
        <state relative-caret-position="132">
          <caret line="21" column="13" selection-start-line="21" selection-start-column="13" selection-end-line="21" selection-end-column="13" />
        </state>
      </provider>
    </entry>
    <entry file="file://$PROJECT_DIR$/src/main/resources/mapper/OrderDetailMapper.xml">
      <provider selected="true" editor-type-id="text-editor">
        <state relative-caret-position="322">
          <caret line="90" column="35" selection-start-line="90" selection-start-column="35" selection-end-line="90" selection-end-column="35" />
        </state>
      </provider>
    </entry>
    <entry file="file://$PROJECT_DIR$/src/main/resources/mapper/PointGoodsMapper.xml">
      <provider selected="true" editor-type-id="text-editor" />
    </entry>
    <entry file="file://$PROJECT_DIR$/src/main/resources/datasource.xml">
      <provider selected="true" editor-type-id="text-editor">
        <state relative-caret-position="552">
          <caret line="23" column="61" selection-start-line="23" selection-start-column="45" selection-end-line="23" selection-end-column="61" />
        </state>
      </provider>
    </entry>
    <entry file="file://$PROJECT_DIR$/src/main/java/com/tanjiu/dao/OrderDetailMapper.java">
      <provider selected="true" editor-type-id="text-editor">
        <state relative-caret-position="144">
          <caret line="12" column="17" selection-start-line="12" selection-start-column="17" selection-end-line="12" selection-end-column="17" />
        </state>
      </provider>
    </entry>
    <entry file="file://$PROJECT_DIR$/src/main/java/com/tanjiu/service/msg/SmsContent.java">
      <provider selected="true" editor-type-id="text-editor">
        <state relative-caret-position="144">
          <caret line="10" column="13" selection-start-line="10" selection-start-column="13" selection-end-line="10" selection-end-column="13" />
        </state>
      </provider>
    </entry>
    <entry file="file://$PROJECT_DIR$/src/main/java/com/tanjiu/service/msg/AbstractMsgContent.java">
      <provider selected="true" editor-type-id="text-editor">
        <state relative-caret-position="72">
          <caret line="7" column="22" selection-start-line="7" selection-start-column="22" selection-end-line="7" selection-end-column="22" />
        </state>
      </provider>
    </entry>
    <entry file="file://$PROJECT_DIR$/Dockerfile">
      <provider selected="true" editor-type-id="text-editor" />
    </entry>
    <entry file="file://$PROJECT_DIR$/pom.xml">
      <provider selected="true" editor-type-id="text-editor" />
    </entry>
    <entry file="file://$PROJECT_DIR$/src/main/java/com/tanjiu/service/msg/MsgStrategy.java">
      <provider selected="true" editor-type-id="text-editor">
        <state relative-caret-position="312">
          <caret line="16" column="103" selection-start-line="16" selection-start-column="103" selection-end-line="16" selection-end-column="103" />
          <folding>
            <element signature="docComment;class#MsgStrategy#0" expanded="true" />
          </folding>
        </state>
      </provider>
    </entry>
    <entry file="file://$PROJECT_DIR$/src/main/java/com/tanjiu/service/msg/MsgStrategyFactory.java">
      <provider selected="true" editor-type-id="text-editor">
        <state relative-caret-position="182">
          <caret line="9" column="32" selection-start-line="9" selection-start-column="24" selection-end-line="9" selection-end-column="32" />
          <folding>
            <element signature="docComment;class#MsgStrategyFactory#0" expanded="true" />
          </folding>
        </state>
      </provider>
    </entry>
    <entry file="file://$PROJECT_DIR$/src/main/java/com/tanjiu/service/msg/EmailContent.java">
      <provider selected="true" editor-type-id="text-editor">
        <state relative-caret-position="130">
          <caret line="9" column="4" selection-start-line="9" selection-start-column="4" selection-end-line="9" selection-end-column="14" />
        </state>
      </provider>
    </entry>
    <entry file="file://$PROJECT_DIR$/src/main/java/com/tanjiu/service/msg/DingContent.java">
      <provider selected="true" editor-type-id="text-editor">
        <state relative-caret-position="104">
          <caret line="8" column="14" selection-start-line="8" selection-start-column="14" selection-end-line="8" selection-end-column="14" />
        </state>
      </provider>
    </entry>
    <entry file="file://$PROJECT_DIR$/src/main/java/com/tanjiu/service/msg/WxContent.java">
      <provider selected="true" editor-type-id="text-editor">
        <state relative-caret-position="156">
          <caret line="11" column="13" selection-start-line="11" selection-start-column="13" selection-end-line="11" selection-end-column="13" />
        </state>
      </provider>
    </entry>
    <entry file="file://$PROJECT_DIR$/src/main/java/com/tanjiu/service/msg/MsgTemplate.java">
      <provider selected="true" editor-type-id="text-editor">
        <state relative-caret-position="312">
          <caret line="16" column="11" selection-start-line="16" selection-start-column="11" selection-end-line="16" selection-end-column="11" />
        </state>
      </provider>
    </entry>
    <entry file="file://$PROJECT_DIR$/src/main/java/com/tanjiu/service/ScoreService.java">
      <provider selected="true" editor-type-id="text-editor">
        <state relative-caret-position="208">
          <caret line="19" column="22" selection-start-line="19" selection-start-column="22" selection-end-line="19" selection-end-column="22" />
        </state>
      </provider>
    </entry>
    <entry file="file://$PROJECT_DIR$/src/main/java/com/tanjiu/controller/jobs/PushWeiXinController.java">
      <provider selected="true" editor-type-id="text-editor">
        <state relative-caret-position="364">
          <caret line="78" column="68" selection-start-line="78" selection-start-column="68" selection-end-line="78" selection-end-column="68" />
          <folding>
            <element signature="docComment;class#PushWeiXinController#0" expanded="true" />
            <element signature="docComment;method#testxxl#0;class#PushWeiXinController#0" expanded="true" />
            <element signature="docComment;method#pushWxPoint#0;class#PushWeiXinController#0" expanded="true" />
          </folding>
        </state>
      </provider>
    </entry>
    <entry file="file://$PROJECT_DIR$/src/main/java/com/tanjiu/JobSysApiApplication.java">
      <provider selected="true" editor-type-id="text-editor">
        <state relative-caret-position="156">
          <caret line="8" column="13" selection-start-line="8" selection-start-column="13" selection-end-line="8" selection-end-column="13" />
        </state>
      </provider>
    </entry>
    <entry file="file://$PROJECT_DIR$/src/main/java/com/tanjiu/service/impl/ScoreServiceImpl.java">
      <provider selected="true" editor-type-id="text-editor">
        <state relative-caret-position="2210">
          <caret line="112" column="31" selection-start-line="112" selection-start-column="31" selection-end-line="112" selection-end-column="31" />
          <folding>
            <element signature="docComment;method#getUsedPoint#0;class#ScoreServiceImpl#0" expanded="true" />
          </folding>
        </state>
      </provider>
    </entry>
    <entry file="file://$PROJECT_DIR$/src/main/java/com/tanjiu/service/impl/MsgPushService.java">
      <provider selected="true" editor-type-id="text-editor">
        <state relative-caret-position="130">
          <caret line="11" column="12" selection-start-line="11" selection-start-column="12" selection-end-line="11" selection-end-column="12" />
        </state>
      </provider>
    </entry>
    <entry file="file://$PROJECT_DIR$/src/main/resources/application-dev.yaml">
      <provider selected="true" editor-type-id="text-editor">
        <state relative-caret-position="416">
          <caret line="16" column="8" selection-start-line="16" selection-start-column="8" selection-end-line="16" selection-end-column="8" />
        </state>
      </provider>
    </entry>
    <entry file="file://$PROJECT_DIR$/src/main/java/com/tanjiu/service/impl/MsgPushServiceImpl.java">
      <provider selected="true" editor-type-id="text-editor">
        <state relative-caret-position="416">
          <caret line="30" column="32" selection-start-line="30" selection-start-column="32" selection-end-line="30" selection-end-column="32" />
          <folding>
            <element signature="docComment;method#testApi#0;class#MsgPushServiceImpl#0" expanded="true" />
          </folding>
        </state>
      </provider>
    </entry>
    <entry file="file://$PROJECT_DIR$/src/main/resources/application-pro.yaml">
      <provider selected="true" editor-type-id="text-editor">
        <state relative-caret-position="832">
          <caret line="32" column="13" selection-start-line="32" selection-start-column="8" selection-end-line="32" selection-end-column="13" />
        </state>
      </provider>
    </entry>
    <entry file="file://$PROJECT_DIR$/src/main/resources/application-test.yaml">
      <provider selected="true" editor-type-id="text-editor">
        <state relative-caret-position="624">
          <caret line="24" column="32" selection-start-line="24" selection-start-column="32" selection-end-line="24" selection-end-column="32" />
        </state>
      </provider>
    </entry>
    <entry file="file://$PROJECT_DIR$/src/main/java/com/tanjiu/config/SwaggerConfig.java">
      <provider selected="true" editor-type-id="text-editor">
        <state relative-caret-position="78">
          <caret line="37" column="7" selection-start-line="37" selection-start-column="7" selection-end-line="37" selection-end-column="7" />
        </state>
      </provider>
    </entry>
  </component>
</project>