<project version="4">
  <component name="FileEditorManager">
    <leaf />
  </component>
  <component name="IdeDocumentHistory">
    <option name="CHANGED_PATHS">
      <list>
        <option value="$PROJECT_DIR$/src/Refactorings.java" />
        <option value="$PROJECT_DIR$/src/CodeAssistance.java" />
        <option value="$PROJECT_DIR$/src/Navigation.java" />
      </list>
    </option>
  </component>
  <component name="IgnoredFileRootStore">
    <option name="generatedRoots">
      <set>
        <option value="$PROJECT_DIR$/.idea" />
      </set>
    </option>
  </component>
  <component name="TimeTrackingManager">
    <option name="totallyTimeSpent" value="457000" />
  </component>
  <component name="ToolWindowManager">
    <layout>
      <window_info id="Commit" order="3" />
      <window_info anchor="bottom" id="Services" order="5" show_stripe_button="false" />
      <window_info anchor="right" content_ui="combo" id="Hierarchy" order="2" weight="0.25" />
      <window_info anchor="bottom" id="Database Changes" order="5" show_stripe_button="false" />
      <window_info anchor="bottom" id="Run" order="2" />
      <window_info anchor="right" id="Ant" order="5" />
      <window_info content_ui="combo" id="Project" order="0" weight="0.25" />
      <window_info id="Structure" order="1" weight="0.25" />
      <window_info anchor="right" id="Commander" internal_type="SLIDING" order="0" type="SLIDING" weight="0.4" />
      <window_info anchor="right" id="Ant Build" order="1" weight="0.25" />
      <window_info anchor="bottom" id="TODO" order="6" />
      <window_info anchor="bottom" id="Version Control" order="4" />
      <window_info anchor="bottom" id="Terminal" order="5" />
      <window_info anchor="bottom" id="Endpoints" order="5" show_stripe_button="false" />
      <window_info anchor="right" id="Word Book" order="5" side_tool="true" />
      <window_info anchor="bottom" id="Extract Method" order="5" weight="0.32901832" />
      <window_info anchor="bottom" id="Debug" order="3" weight="0.4" />
      <window_info id="Learn" order="4" visible="true" weight="0.3297587" />
      <window_info anchor="bottom" id="Problems View" order="3" />
      <window_info anchor="bottom" id="Internal Method Tracing" order="4" />
      <window_info anchor="bottom" id="Message" order="0" />
      <window_info anchor="bottom" id="Event Log" order="2" side_tool="true" />
      <window_info anchor="bottom" id="Inspection" order="5" weight="0.4" />
      <window_info anchor="bottom" id="Cvs" order="4" weight="0.25" />
      <window_info anchor="bottom" id="Project Problems" order="4" />
      <window_info anchor="bottom" id="Find" order="1" />
      <window_info anchor="right" id="Database" order="5" />
      <window_info id="Favorites" order="2" side_tool="true" />
    </layout>
  </component>
  <component name="editorHistoryManager">
    <entry file="file://$PROJECT_DIR$/src/Refactorings.java">
      <provider selected="true" editor-type-id="text-editor">
        <state relative-caret-position="120">
          <caret line="9" column="67" lean-forward="true" selection-start-line="9" selection-start-column="67" selection-end-line="9" selection-end-column="76" />
          <folding>
            <element signature="e#353#361#0" expanded="true" />
          </folding>
        </state>
      </provider>
    </entry>
    <entry file="file://$PROJECT_DIR$/src/CodeAssistance.java">
      <provider selected="true" editor-type-id="text-editor">
        <state relative-caret-position="360">
          <caret line="15" column="30" selection-start-line="15" selection-start-column="30" selection-end-line="15" selection-end-column="30" />
          <folding>
            <element signature="imports" expanded="true" />
            <element signature="e#508#516#0" expanded="true" />
          </folding>
        </state>
      </provider>
    </entry>
    <entry file="jar://$PROJECT_DIR$/../../web_softs/jdk1.8/src.zip!/java/lang/String.java">
      <provider selected="true" editor-type-id="text-editor">
        <state relative-caret-position="-5903">
          <caret line="110" column="19" selection-start-line="110" selection-start-column="19" selection-end-line="110" selection-end-column="19" />
        </state>
      </provider>
    </entry>
    <entry file="jar://$PROJECT_DIR$/../../web_softs/jdk1.8/src.zip!/java/util/List.java">
      <provider selected="true" editor-type-id="text-editor">
        <state relative-caret-position="192">
          <caret line="110" column="17" selection-start-line="110" selection-start-column="17" selection-end-line="110" selection-end-column="17" />
        </state>
      </provider>
    </entry>
    <entry file="file://$PROJECT_DIR$/src/Navigation.java">
      <provider selected="true" editor-type-id="text-editor" />
    </entry>
  </component>
</project>