<project version="4">
  <component name="FileEditorManager">
    <leaf SIDE_TABS_SIZE_LIMIT_KEY="-1">
      <file pinned="false" current-in-tab="true">
        <entry file="file://$PROJECT_DIR$/src/com/action/ProductAction.java">
          <provider selected="true" editor-type-id="text-editor">
            <state relative-caret-position="120">
              <caret line="5" column="25" selection-start-line="5" selection-start-column="18" selection-end-line="5" selection-end-column="25" />
            </state>
          </provider>
        </entry>
      </file>
      <file pinned="false" current-in-tab="false">
        <entry file="file://$PROJECT_DIR$/src/com/action/CategoryAction.java">
          <provider selected="true" editor-type-id="text-editor">
            <state relative-caret-position="96">
              <caret line="4" column="13" selection-start-line="4" selection-start-column="13" selection-end-line="4" selection-end-column="13" />
            </state>
          </provider>
        </entry>
      </file>
      <file pinned="false" current-in-tab="false">
        <entry file="file://$PROJECT_DIR$/src/com/action/CartAction.java">
          <provider selected="true" editor-type-id="text-editor">
            <state relative-caret-position="24">
              <caret line="1" selection-start-line="1" selection-end-line="1" />
              <folding>
                <element signature="imports" expanded="true" />
              </folding>
            </state>
          </provider>
        </entry>
      </file>
    </leaf>
  </component>
  <component name="IdeDocumentHistory">
    <option name="CHANGED_PATHS">
      <list>
        <option value="$PROJECT_DIR$/src/com/admin/action/AdminAction.java" />
      </list>
    </option>
  </component>
  <component name="IgnoredFileRootStore">
    <option name="generatedRoots">
      <set>
        <option value="$PROJECT_DIR$/.idea" />
      </set>
    </option>
  </component>
  <component name="ProjectView">
    <navigator currentView="ProjectPane" proportions="" version="1" />
    <panes>
      <pane id="ProjectPane">
        <subPane>
          <expand>
            <path>
              <item name="ssh_tt" type="b2602c69:ProjectViewProjectNode" />
              <item name="ssh_tt" type="462c0819:PsiDirectoryNode" />
            </path>
            <path>
              <item name="ssh_tt" type="b2602c69:ProjectViewProjectNode" />
              <item name="ssh_tt" type="462c0819:PsiDirectoryNode" />
              <item name="src" type="462c0819:PsiDirectoryNode" />
            </path>
            <path>
              <item name="ssh_tt" type="b2602c69:ProjectViewProjectNode" />
              <item name="ssh_tt" type="462c0819:PsiDirectoryNode" />
              <item name="src" type="462c0819:PsiDirectoryNode" />
              <item name="com" type="462c0819:PsiDirectoryNode" />
            </path>
            <path>
              <item name="ssh_tt" type="b2602c69:ProjectViewProjectNode" />
              <item name="ssh_tt" type="462c0819:PsiDirectoryNode" />
              <item name="src" type="462c0819:PsiDirectoryNode" />
              <item name="com" type="462c0819:PsiDirectoryNode" />
              <item name="action" type="462c0819:PsiDirectoryNode" />
            </path>
            <path>
              <item name="ssh_tt" type="b2602c69:ProjectViewProjectNode" />
              <item name="ssh_tt" type="462c0819:PsiDirectoryNode" />
              <item name="src" type="462c0819:PsiDirectoryNode" />
              <item name="com" type="462c0819:PsiDirectoryNode" />
              <item name="utils" type="462c0819:PsiDirectoryNode" />
            </path>
            <path>
              <item name="ssh_tt" type="b2602c69:ProjectViewProjectNode" />
              <item name="ssh_tt" type="462c0819:PsiDirectoryNode" />
              <item name="src" type="462c0819:PsiDirectoryNode" />
              <item name="Test" type="462c0819:PsiDirectoryNode" />
            </path>
            <path>
              <item name="ssh_tt" type="b2602c69:ProjectViewProjectNode" />
              <item name="ssh_tt" type="462c0819:PsiDirectoryNode" />
              <item name="WebRoot" type="462c0819:PsiDirectoryNode" />
            </path>
            <path>
              <item name="ssh_tt" type="b2602c69:ProjectViewProjectNode" />
              <item name="ssh_tt" type="462c0819:PsiDirectoryNode" />
              <item name="WebRoot" type="462c0819:PsiDirectoryNode" />
              <item name="WEB-INF" type="462c0819:PsiDirectoryNode" />
            </path>
            <path>
              <item name="ssh_tt" type="b2602c69:ProjectViewProjectNode" />
              <item name="ssh_tt" type="462c0819:PsiDirectoryNode" />
              <item name="WebRoot" type="462c0819:PsiDirectoryNode" />
              <item name="WEB-INF" type="462c0819:PsiDirectoryNode" />
              <item name="lib" type="462c0819:PsiDirectoryNode" />
            </path>
          </expand>
          <select />
        </subPane>
      </pane>
      <pane id="PackagesPane" />
      <pane id="Scope" />
    </panes>
  </component>
  <component name="TimeTrackingManager">
    <option name="totallyTimeSpent" value="612000" />
  </component>
  <component name="ToolWindowManager">
    <layout>
      <window_info anchor="bottom" id="FindBugs-IDEA" order="15" />
      <window_info anchor="right" id="Codota" order="7" />
      <window_info id="Designer" order="2" />
      <window_info anchor="bottom" id="Java Enterprise" order="8" />
      <window_info anchor="right" id="Palette" order="0" />
      <window_info anchor="bottom" id="Run" order="5" />
      <window_info anchor="bottom" id="Spring" order="8" />
      <window_info anchor="right" id="Commander" internal_type="SLIDING" order="1" type="SLIDING" weight="0.4" />
      <window_info anchor="bottom" id="Cvs" order="9" weight="0.25" />
      <window_info anchor="right" id="Ant Build" order="3" weight="0.25" />
      <window_info id="UI Designer" order="4" />
      <window_info id="Favorites" order="0" side_tool="true" />
      <window_info anchor="bottom" id="Terminal" order="10" />
      <window_info anchor="bottom" id="Event Log" order="12" side_tool="true" />
      <window_info anchor="bottom" id="Messages" order="6" visible="true" weight="0.32937366" />
      <window_info anchor="right" content_ui="combo" id="Hierarchy" order="5" weight="0.25" />
      <window_info anchor="bottom" id="Internal Method Tracing" order="7" />
      <window_info anchor="bottom" id="Problems" order="2" />
      <window_info id="Web" order="7" side_tool="true" />
      <window_info anchor="bottom" id="Project Problems" order="7" />
      <window_info anchor="bottom" id="Database Changes" order="14" show_stripe_button="false" />
      <window_info anchor="bottom" id="Version Control" order="4" show_stripe_button="false" />
      <window_info anchor="right" id="Maven Projects" order="2" />
      <window_info anchor="bottom" id="Endpoints" order="7" show_stripe_button="false" />
      <window_info anchor="right" id="Ant" order="7" />
      <window_info id="Commit" order="6" />
      <window_info anchor="right" id="Word Book" order="7" side_tool="true" />
      <window_info anchor="bottom" id="Find" order="3" />
      <window_info active="true" content_ui="combo" id="Project" order="1" visible="true" weight="0.25737265" />
      <window_info id="Learn" order="5" />
      <window_info anchor="right" id="Database" order="6" />
      <window_info anchor="bottom" id="Message" order="1" />
      <window_info anchor="bottom" id="TODO" order="13" />
      <window_info anchor="right" id="Palette&#9;" order="4" />
      <window_info id="Structure" order="3" side_tool="true" weight="0.25" />
      <window_info anchor="bottom" id="Problems View" order="6" />
      <window_info anchor="bottom" id="Services" order="7" show_stripe_button="false" />
      <window_info anchor="bottom" id="Inspection" order="11" weight="0.4" />
      <window_info anchor="bottom" id="Tail" order="0" />
      <window_info anchor="bottom" id="Debug" order="7" weight="0.4" />
    </layout>
  </component>
  <component name="editorHistoryManager">
    <entry file="file://$PROJECT_DIR$/.classpath" />
    <entry file="file://$PROJECT_DIR$/src/applicationContext.xml">
      <provider selected="true" editor-type-id="text-editor" />
    </entry>
    <entry file="file://$PROJECT_DIR$/src/log4j.properties">
      <provider selected="true" editor-type-id="text-editor" />
    </entry>
    <entry file="file://$PROJECT_DIR$/src/com/admin/action/AdminCate.java">
      <provider selected="true" editor-type-id="text-editor">
        <state relative-caret-position="-391">
          <caret line="4" column="18" selection-start-line="4" selection-start-column="18" selection-end-line="4" selection-end-column="18" />
        </state>
      </provider>
    </entry>
    <entry file="file://$PROJECT_DIR$/src/com/admin/action/AdminAction.java">
      <provider selected="true" editor-type-id="text-editor">
        <state relative-caret-position="1856">
          <caret line="64" column="20" selection-start-line="64" selection-start-column="20" selection-end-line="64" selection-end-column="20" />
          <folding>
            <element signature="imports" expanded="true" />
          </folding>
        </state>
      </provider>
    </entry>
    <entry file="file://$PROJECT_DIR$/src/com/action/UserAction-user_regist-validation.xml">
      <provider selected="true" editor-type-id="text-editor">
        <state relative-caret-position="-337" />
      </provider>
    </entry>
    <entry file="file://$PROJECT_DIR$/src/Test/TestCon.java">
      <provider selected="true" editor-type-id="text-editor">
        <state relative-caret-position="239">
          <caret line="35" column="13" selection-start-line="35" selection-start-column="13" selection-end-line="35" selection-end-column="13" />
        </state>
      </provider>
    </entry>
    <entry file="file://$PROJECT_DIR$/src/com/utils/PageBean.java">
      <provider selected="true" editor-type-id="text-editor">
        <state relative-caret-position="203">
          <caret line="7" column="13" selection-start-line="7" selection-start-column="13" selection-end-line="7" selection-end-column="13" />
        </state>
      </provider>
    </entry>
    <entry file="file://$PROJECT_DIR$/src/com/utils/PageHibernateCallback.java">
      <provider selected="true" editor-type-id="text-editor">
        <state relative-caret-position="-598">
          <caret line="10" column="13" selection-start-line="10" selection-start-column="13" selection-end-line="10" selection-end-column="13" />
        </state>
      </provider>
    </entry>
    <entry file="file://$PROJECT_DIR$/src/com/user/comment/action/CommentAction.java">
      <provider selected="true" editor-type-id="text-editor">
        <state relative-caret-position="116">
          <caret line="21" column="13" selection-start-line="21" selection-start-column="13" selection-end-line="21" selection-end-column="13" />
        </state>
      </provider>
    </entry>
    <entry file="file://$PROJECT_DIR$/src/com/user/comment/dao/CommentDao.java">
      <provider selected="true" editor-type-id="text-editor">
        <state relative-caret-position="116">
          <caret line="6" column="17" selection-start-line="6" selection-start-column="17" selection-end-line="6" selection-end-column="17" />
        </state>
      </provider>
    </entry>
    <entry file="file://$PROJECT_DIR$/src/com/user/comment/service/impl/CommentServiceImpl.java">
      <provider selected="true" editor-type-id="text-editor">
        <state relative-caret-position="116">
          <caret line="10" column="13" selection-start-line="10" selection-start-column="13" selection-end-line="10" selection-end-column="13" />
        </state>
      </provider>
    </entry>
    <entry file="file://$PROJECT_DIR$/src/com/action/IndexAction.java">
      <provider selected="true" editor-type-id="text-editor">
        <state relative-caret-position="29">
          <caret line="19" column="13" selection-start-line="19" selection-start-column="13" selection-end-line="19" selection-end-column="13" />
        </state>
      </provider>
    </entry>
    <entry file="file://$PROJECT_DIR$/src/com/action/UserAction.java">
      <provider selected="true" editor-type-id="text-editor">
        <state relative-caret-position="2581">
          <caret line="98" column="32" lean-forward="true" selection-start-line="98" selection-start-column="32" selection-end-line="98" selection-end-column="32" />
        </state>
      </provider>
    </entry>
    <entry file="file://$PROJECT_DIR$/WebRoot/admin/editAdminPwd.jsp">
      <provider selected="true" editor-type-id="text-editor">
        <state relative-caret-position="-2265">
          <caret line="73" column="33" selection-start-line="73" selection-start-column="21" selection-end-line="73" selection-end-column="33" />
        </state>
      </provider>
    </entry>
    <entry file="file://$PROJECT_DIR$/WebRoot/index.jsp">
      <provider selected="true" editor-type-id="text-editor" />
    </entry>
    <entry file="file://$PROJECT_DIR$/WebRoot/WEB-INF/spring-form.tld">
      <provider selected="true" editor-type-id="text-editor">
        <state relative-caret-position="-65369" />
      </provider>
    </entry>
    <entry file="file://$PROJECT_DIR$/WebRoot/WEB-INF/spring.tld">
      <provider selected="true" editor-type-id="text-editor">
        <state relative-caret-position="-312" />
      </provider>
    </entry>
    <entry file="file://$PROJECT_DIR$/src/com/action/CategoryAction.java">
      <provider selected="true" editor-type-id="text-editor">
        <state relative-caret-position="96">
          <caret line="4" column="13" selection-start-line="4" selection-start-column="13" selection-end-line="4" selection-end-column="13" />
        </state>
      </provider>
    </entry>
    <entry file="file://$PROJECT_DIR$/src/com/action/CartAction.java">
      <provider selected="true" editor-type-id="text-editor">
        <state relative-caret-position="24">
          <caret line="1" selection-start-line="1" selection-end-line="1" />
          <folding>
            <element signature="imports" expanded="true" />
          </folding>
        </state>
      </provider>
    </entry>
    <entry file="file://$PROJECT_DIR$/src/com/action/ProductAction.java">
      <provider selected="true" editor-type-id="text-editor">
        <state relative-caret-position="120">
          <caret line="5" column="25" selection-start-line="5" selection-start-column="18" selection-end-line="5" selection-end-column="25" />
        </state>
      </provider>
    </entry>
  </component>
  <component name="masterDetails">
    <states>
      <state key="ArquillianSettingsConfigurable.UI">
        <settings>
          <splitter-proportions>
            <option name="proportions">
              <list>
                <option value="0.2" />
              </list>
            </option>
          </splitter-proportions>
        </settings>
      </state>
      <state key="ArtifactsStructureConfigurable.UI">
        <settings>
          <artifact-editor />
          <splitter-proportions>
            <option name="proportions">
              <list>
                <option value="0.2" />
              </list>
            </option>
          </splitter-proportions>
        </settings>
      </state>
      <state key="FacetStructureConfigurable.UI">
        <settings>
          <last-edited>Web</last-edited>
          <splitter-proportions>
            <option name="proportions">
              <list>
                <option value="0.2" />
              </list>
            </option>
          </splitter-proportions>
        </settings>
      </state>
      <state key="GlobalLibrariesConfigurable.UI">
        <settings>
          <last-edited>vue</last-edited>
          <splitter-proportions>
            <option name="proportions">
              <list>
                <option value="0.2" />
              </list>
            </option>
          </splitter-proportions>
        </settings>
      </state>
      <state key="JdkListConfigurable.UI">
        <settings>
          <last-edited>1.8</last-edited>
        </settings>
      </state>
      <state key="ModuleStructureConfigurable.UI">
        <settings>
          <last-edited>ssh_tt</last-edited>
          <splitter-proportions>
            <option name="proportions">
              <list>
                <option value="0.2" />
              </list>
            </option>
          </splitter-proportions>
        </settings>
      </state>
      <state key="ProjectJDKs.UI">
        <settings>
          <last-edited>1.8</last-edited>
          <splitter-proportions>
            <option name="proportions">
              <list>
                <option value="0.2" />
              </list>
            </option>
          </splitter-proportions>
        </settings>
      </state>
      <state key="ProjectLibrariesConfigurable.UI">
        <settings>
          <last-edited>lib</last-edited>
          <splitter-proportions>
            <option name="proportions">
              <list>
                <option value="0.2" />
              </list>
            </option>
          </splitter-proportions>
        </settings>
      </state>
      <state key="ScopeChooserConfigurable.UI">
        <settings>
          <splitter-proportions>
            <option name="proportions">
              <list>
                <option value="0.2" />
              </list>
            </option>
          </splitter-proportions>
        </settings>
      </state>
    </states>
  </component>
</project>