<project version="4">
  <component name="FileEditorManager">
    <leaf>
      <file pinned="false" current-in-tab="false">
        <entry file="file://$PROJECT_DIR$/WebRoot/WEB-INF/jsp/login.jsp">
          <provider selected="true" editor-type-id="text-editor">
            <state relative-caret-position="-3519" />
          </provider>
        </entry>
      </file>
      <file pinned="false" current-in-tab="false">
        <entry file="file://$PROJECT_DIR$/src/com/utils/PageBean.java">
          <provider selected="true" editor-type-id="text-editor">
            <state relative-caret-position="-189">
              <caret line="7" column="13" selection-start-line="7" selection-start-column="13" selection-end-line="7" selection-end-column="13" />
            </state>
          </provider>
        </entry>
      </file>
      <file pinned="false" current-in-tab="false">
        <entry file="file://$PROJECT_DIR$/src/com/utils/PageHibernateCallback.java">
          <provider selected="true" editor-type-id="text-editor">
            <state relative-caret-position="96">
              <caret line="10" column="13" selection-start-line="10" selection-start-column="13" selection-end-line="10" selection-end-column="13" />
            </state>
          </provider>
        </entry>
      </file>
      <file pinned="false" current-in-tab="false">
        <entry file="file://$PROJECT_DIR$/src/com/user/comment/action/CommentAction.java">
          <provider selected="true" editor-type-id="text-editor">
            <state relative-caret-position="96">
              <caret line="21" column="13" selection-start-line="21" selection-start-column="13" selection-end-line="21" selection-end-column="13" />
            </state>
          </provider>
        </entry>
      </file>
      <file pinned="false" current-in-tab="false">
        <entry file="file://$PROJECT_DIR$/src/com/user/comment/dao/CommentDao.java">
          <provider selected="true" editor-type-id="text-editor">
            <state relative-caret-position="96">
              <caret line="6" column="17" selection-start-line="6" selection-start-column="17" selection-end-line="6" selection-end-column="17" />
            </state>
          </provider>
        </entry>
      </file>
      <file pinned="false" current-in-tab="false">
        <entry file="file://$PROJECT_DIR$/src/com/user/comment/dao/impl/CommentDaoImpl.java">
          <provider selected="true" editor-type-id="text-editor">
            <state relative-caret-position="-711">
              <caret line="31" column="56" selection-start-line="31" selection-start-column="56" selection-end-line="31" selection-end-column="56" />
              <folding>
                <element signature="e#0#60#1" expanded="true" />
                <element signature="e#0#34#0" expanded="true" />
                <element signature="e#0#51#1" expanded="true" />
              </folding>
            </state>
          </provider>
        </entry>
      </file>
      <file pinned="false" current-in-tab="true">
        <entry file="file://$PROJECT_DIR$/src/com/user/comment/service/impl/CommentServiceImpl.java">
          <provider selected="true" editor-type-id="text-editor">
            <state relative-caret-position="-189">
              <caret line="38" column="44" selection-start-line="38" selection-start-column="44" selection-end-line="38" selection-end-column="44" />
            </state>
          </provider>
        </entry>
      </file>
    </leaf>
  </component>
  <component name="IdeDocumentHistory">
    <option name="CHANGED_PATHS">
      <list>
        <option value="$PROJECT_DIR$/src/com/admin/action/AdminOrder.java" />
        <option value="$PROJECT_DIR$/src/com/action/IndexAction.java" />
      </list>
    </option>
  </component>
  <component name="IgnoredFileRootStore">
    <option name="generatedRoots">
      <set>
        <option value="$PROJECT_DIR$/.idea" />
      </set>
    </option>
  </component>
  <component name="ProjectFrameBounds" x="0" y="0" width="1920" height="1050" extendedState="6" />
  <component name="ProjectView">
    <navigator currentView="ProjectPane" proportions="" version="1" />
    <panes>
      <pane id="PackagesPane" />
      <pane id="ProjectPane">
        <subPane>
          <expand>
            <path>
              <item name="ssh_tt" type="b2602c69:ProjectViewProjectNode" />
              <item name="ssh_tt" type="462c0819:PsiDirectoryNode" />
            </path>
            <path>
              <item name="ssh_tt" type="b2602c69:ProjectViewProjectNode" />
              <item name="ssh_tt" type="462c0819:PsiDirectoryNode" />
              <item name="src" type="462c0819:PsiDirectoryNode" />
            </path>
            <path>
              <item name="ssh_tt" type="b2602c69:ProjectViewProjectNode" />
              <item name="ssh_tt" type="462c0819:PsiDirectoryNode" />
              <item name="src" type="462c0819:PsiDirectoryNode" />
              <item name="com" type="462c0819:PsiDirectoryNode" />
            </path>
            <path>
              <item name="ssh_tt" type="b2602c69:ProjectViewProjectNode" />
              <item name="ssh_tt" type="462c0819:PsiDirectoryNode" />
              <item name="src" type="462c0819:PsiDirectoryNode" />
              <item name="com" type="462c0819:PsiDirectoryNode" />
              <item name="user" type="462c0819:PsiDirectoryNode" />
            </path>
            <path>
              <item name="ssh_tt" type="b2602c69:ProjectViewProjectNode" />
              <item name="ssh_tt" type="462c0819:PsiDirectoryNode" />
              <item name="src" type="462c0819:PsiDirectoryNode" />
              <item name="com" type="462c0819:PsiDirectoryNode" />
              <item name="user" type="462c0819:PsiDirectoryNode" />
              <item name="comment" type="462c0819:PsiDirectoryNode" />
            </path>
            <path>
              <item name="ssh_tt" type="b2602c69:ProjectViewProjectNode" />
              <item name="ssh_tt" type="462c0819:PsiDirectoryNode" />
              <item name="src" type="462c0819:PsiDirectoryNode" />
              <item name="com" type="462c0819:PsiDirectoryNode" />
              <item name="user" type="462c0819:PsiDirectoryNode" />
              <item name="comment" type="462c0819:PsiDirectoryNode" />
              <item name="action" type="462c0819:PsiDirectoryNode" />
            </path>
            <path>
              <item name="ssh_tt" type="b2602c69:ProjectViewProjectNode" />
              <item name="ssh_tt" type="462c0819:PsiDirectoryNode" />
              <item name="src" type="462c0819:PsiDirectoryNode" />
              <item name="com" type="462c0819:PsiDirectoryNode" />
              <item name="user" type="462c0819:PsiDirectoryNode" />
              <item name="comment" type="462c0819:PsiDirectoryNode" />
              <item name="dao" type="462c0819:PsiDirectoryNode" />
            </path>
            <path>
              <item name="ssh_tt" type="b2602c69:ProjectViewProjectNode" />
              <item name="ssh_tt" type="462c0819:PsiDirectoryNode" />
              <item name="src" type="462c0819:PsiDirectoryNode" />
              <item name="com" type="462c0819:PsiDirectoryNode" />
              <item name="user" type="462c0819:PsiDirectoryNode" />
              <item name="comment" type="462c0819:PsiDirectoryNode" />
              <item name="dao" type="462c0819:PsiDirectoryNode" />
              <item name="impl" type="462c0819:PsiDirectoryNode" />
            </path>
            <path>
              <item name="ssh_tt" type="b2602c69:ProjectViewProjectNode" />
              <item name="ssh_tt" type="462c0819:PsiDirectoryNode" />
              <item name="src" type="462c0819:PsiDirectoryNode" />
              <item name="com" type="462c0819:PsiDirectoryNode" />
              <item name="user" type="462c0819:PsiDirectoryNode" />
              <item name="comment" type="462c0819:PsiDirectoryNode" />
              <item name="service" type="462c0819:PsiDirectoryNode" />
            </path>
            <path>
              <item name="ssh_tt" type="b2602c69:ProjectViewProjectNode" />
              <item name="ssh_tt" type="462c0819:PsiDirectoryNode" />
              <item name="src" type="462c0819:PsiDirectoryNode" />
              <item name="com" type="462c0819:PsiDirectoryNode" />
              <item name="user" type="462c0819:PsiDirectoryNode" />
              <item name="comment" type="462c0819:PsiDirectoryNode" />
              <item name="service" type="462c0819:PsiDirectoryNode" />
              <item name="impl" type="462c0819:PsiDirectoryNode" />
            </path>
            <path>
              <item name="ssh_tt" type="b2602c69:ProjectViewProjectNode" />
              <item name="ssh_tt" type="462c0819:PsiDirectoryNode" />
              <item name="src" type="462c0819:PsiDirectoryNode" />
              <item name="com" type="462c0819:PsiDirectoryNode" />
              <item name="utils" type="462c0819:PsiDirectoryNode" />
            </path>
          </expand>
          <select />
        </subPane>
      </pane>
      <pane id="Scope" />
    </panes>
  </component>
  <component name="TimeTrackingManager">
    <option name="totallyTimeSpent" value="628000" />
  </component>
  <component name="ToolWindowManager">
    <layout>
      <window_info anchor="bottom" id="Internal Method Tracing" order="5" />
      <window_info anchor="right" id="Codota" order="6" />
      <window_info id="Learn" order="5" />
      <window_info anchor="bottom" id="Run" order="3" />
      <window_info anchor="bottom" id="Spring" order="6" weight="0.32901832" />
      <window_info anchor="bottom" id="Services" order="2" show_stripe_button="false" />
      <window_info anchor="bottom" id="Cvs" order="9" weight="0.25" />
      <window_info anchor="right" id="Ant Build" order="1" weight="0.25" />
      <window_info id="Favorites" order="3" side_tool="true" />
      <window_info anchor="bottom" id="Terminal" order="6" />
      <window_info anchor="right" id="Commander" internal_type="SLIDING" order="0" type="SLIDING" weight="0.4" />
      <window_info anchor="bottom" id="Event Log" order="3" side_tool="true" />
      <window_info anchor="bottom" id="TODO" order="11" />
      <window_info anchor="right" content_ui="combo" id="Hierarchy" order="2" weight="0.25" />
      <window_info anchor="bottom" id="Problems" order="4" />
      <window_info anchor="bottom" id="Java Enterprise" order="8" />
      <window_info anchor="bottom" id="Project Problems" order="5" />
      <window_info anchor="bottom" id="Database Changes" order="6" show_stripe_button="false" />
      <window_info anchor="bottom" id="Version Control" order="5" />
      <window_info anchor="right" id="Ant" order="6" />
      <window_info id="Commit" order="4" />
      <window_info anchor="right" id="Word Book" order="6" side_tool="true" />
      <window_info content_ui="combo" id="Project" order="0" visible="true" weight="0.24986595" />
      <window_info anchor="bottom" id="Endpoints" order="5" show_stripe_button="false" />
      <window_info anchor="right" id="Database" order="6" />
      <window_info anchor="bottom" id="Message" order="0" />
      <window_info id="Web" order="2" side_tool="true" />
      <window_info id="Structure" order="1" weight="0.25" />
      <window_info anchor="bottom" id="Problems View" order="4" />
      <window_info anchor="bottom" id="Inspection" order="10" weight="0.4" />
      <window_info anchor="bottom" id="Find" order="1" />
      <window_info anchor="bottom" id="Debug" order="7" weight="0.4" />
    </layout>
  </component>
  <component name="editorHistoryManager">
    <entry file="file://$PROJECT_DIR$/.classpath">
      <provider selected="true" editor-type-id="text-editor" />
    </entry>
    <entry file="file://$PROJECT_DIR$/.myhibernatedata">
      <provider selected="true" editor-type-id="text-editor" />
    </entry>
    <entry file="file://$PROJECT_DIR$/.mymetadata">
      <provider selected="true" editor-type-id="text-editor" />
    </entry>
    <entry file="file://$PROJECT_DIR$/.mystrutsdata">
      <provider selected="true" editor-type-id="text-editor" />
    </entry>
    <entry file="file://$PROJECT_DIR$/.project">
      <provider selected="true" editor-type-id="text-editor" />
    </entry>
    <entry file="file://$PROJECT_DIR$/.springBeans">
      <provider selected="true" editor-type-id="text-editor" />
    </entry>
    <entry file="jar://$PROJECT_DIR$/WebRoot/WEB-INF/lib/struts2-core-2.5.22.jar!/org/apache/struts2/ServletActionContext.class">
      <provider selected="true" editor-type-id="text-editor">
        <state relative-caret-position="168">
          <caret line="17" column="23" selection-start-line="17" selection-start-column="23" selection-end-line="17" selection-end-column="23" />
        </state>
      </provider>
    </entry>
    <entry file="file://$PROJECT_DIR$/src/com/action/CartAction.java">
      <provider selected="true" editor-type-id="text-editor">
        <state relative-caret-position="289">
          <caret line="48" column="22" selection-start-line="48" selection-start-column="22" selection-end-line="48" selection-end-column="22" />
          <folding>
            <element signature="imports" expanded="true" />
          </folding>
        </state>
      </provider>
    </entry>
    <entry file="file://$PROJECT_DIR$/src/com/action/CategorysecondAction.java">
      <provider selected="true" editor-type-id="text-editor">
        <state relative-caret-position="48">
          <caret line="2" column="13" selection-start-line="2" selection-start-column="13" selection-end-line="2" selection-end-column="13" />
        </state>
      </provider>
    </entry>
    <entry file="file://$PROJECT_DIR$/src/com/admin/action/AdminOrder.java">
      <provider selected="true" editor-type-id="text-editor">
        <state relative-caret-position="48">
          <caret line="2" selection-start-line="2" selection-end-line="2" />
          <folding>
            <element signature="imports" expanded="true" />
          </folding>
        </state>
      </provider>
    </entry>
    <entry file="file://$PROJECT_DIR$/src/com/admin/action/AdminProduct.java">
      <provider selected="true" editor-type-id="text-editor">
        <state relative-caret-position="289">
          <caret line="76" column="17" lean-forward="true" selection-start-line="76" selection-start-column="17" selection-end-line="76" selection-end-column="17" />
          <folding>
            <element signature="imports" expanded="true" />
          </folding>
        </state>
      </provider>
    </entry>
    <entry file="file://$PROJECT_DIR$/src/com/action/ProductAction.java">
      <provider selected="true" editor-type-id="text-editor">
        <state relative-caret-position="120">
          <caret line="17" column="13" selection-start-line="17" selection-start-column="13" selection-end-line="17" selection-end-column="13" />
        </state>
      </provider>
    </entry>
    <entry file="file://$PROJECT_DIR$/src/com/action/OrderAction.java">
      <provider selected="true" editor-type-id="text-editor">
        <state relative-caret-position="144">
          <caret line="19" column="13" selection-start-line="19" selection-start-column="13" selection-end-line="19" selection-end-column="13" />
        </state>
      </provider>
    </entry>
    <entry file="file://$PROJECT_DIR$/src/com/action/IndexAction.java">
      <provider selected="true" editor-type-id="text-editor">
        <state relative-caret-position="123">
          <caret line="40" column="8" lean-forward="true" selection-start-line="40" selection-start-column="8" selection-end-line="40" selection-end-column="8" />
        </state>
      </provider>
    </entry>
    <entry file="file://$PROJECT_DIR$/src/com/admin/action/AdminCate.java">
      <provider selected="true" editor-type-id="text-editor">
        <state relative-caret-position="-96">
          <caret line="10" column="13" selection-start-line="10" selection-start-column="13" selection-end-line="10" selection-end-column="13" />
        </state>
      </provider>
    </entry>
    <entry file="file://$PROJECT_DIR$/src/com/action/UserAction-user_regist-validation.xml">
      <provider selected="true" editor-type-id="text-editor" />
    </entry>
    <entry file="file://$PROJECT_DIR$/src/com/action/UserAction.java">
      <provider selected="true" editor-type-id="text-editor">
        <state relative-caret-position="-288">
          <caret line="13" column="13" selection-start-line="13" selection-start-column="13" selection-end-line="13" selection-end-column="13" />
        </state>
      </provider>
    </entry>
    <entry file="file://$PROJECT_DIR$/src/com/admin/dao/impl/AdminDaoImpl.java">
      <provider selected="true" editor-type-id="text-editor">
        <state relative-caret-position="75">
          <caret line="9" column="13" selection-start-line="9" selection-start-column="13" selection-end-line="9" selection-end-column="13" />
          <folding>
            <element signature="e#0#50#1" expanded="true" />
          </folding>
        </state>
      </provider>
    </entry>
    <entry file="file://$PROJECT_DIR$/WebRoot/admin/list.jsp">
      <provider selected="true" editor-type-id="text-editor" />
    </entry>
    <entry file="file://$PROJECT_DIR$/WebRoot/admin/index.jsp">
      <provider selected="true" editor-type-id="text-editor">
        <state relative-caret-position="240">
          <caret line="10" column="18" selection-start-line="10" selection-start-column="14" selection-end-line="10" selection-end-column="18" />
        </state>
      </provider>
    </entry>
    <entry file="file://$PROJECT_DIR$/WebRoot/index.jsp">
      <provider selected="true" editor-type-id="text-editor">
        <state relative-caret-position="144">
          <caret line="6" selection-start-line="6" selection-end-line="6" />
        </state>
      </provider>
    </entry>
    <entry file="file://$PROJECT_DIR$/WebRoot/css/cart.css">
      <provider selected="true" editor-type-id="text-editor">
        <state relative-caret-position="-912" />
      </provider>
    </entry>
    <entry file="file://$PROJECT_DIR$/WebRoot/css/login.css">
      <provider selected="true" editor-type-id="text-editor">
        <state relative-caret-position="-1719" />
      </provider>
    </entry>
    <entry file="file://$PROJECT_DIR$/WebRoot/css/productlist.css">
      <provider selected="true" editor-type-id="text-editor">
        <state relative-caret-position="-1344" />
      </provider>
    </entry>
    <entry file="file://$PROJECT_DIR$/WebRoot/WEB-INF/jsp/index.jsp">
      <provider selected="true" editor-type-id="text-editor">
        <state relative-caret-position="-12135" />
      </provider>
    </entry>
    <entry file="file://$PROJECT_DIR$/WebRoot/WEB-INF/jsp/login.jsp">
      <provider selected="true" editor-type-id="text-editor">
        <state relative-caret-position="-3519" />
      </provider>
    </entry>
    <entry file="file://$PROJECT_DIR$/src/com/utils/PageBean.java">
      <provider selected="true" editor-type-id="text-editor">
        <state relative-caret-position="-189">
          <caret line="7" column="13" selection-start-line="7" selection-start-column="13" selection-end-line="7" selection-end-column="13" />
        </state>
      </provider>
    </entry>
    <entry file="file://$PROJECT_DIR$/src/com/utils/PageHibernateCallback.java">
      <provider selected="true" editor-type-id="text-editor">
        <state relative-caret-position="96">
          <caret line="10" column="13" selection-start-line="10" selection-start-column="13" selection-end-line="10" selection-end-column="13" />
        </state>
      </provider>
    </entry>
    <entry file="file://$PROJECT_DIR$/src/com/user/comment/dao/impl/CommentDaoImpl.java">
      <provider selected="true" editor-type-id="text-editor">
        <state relative-caret-position="-711">
          <caret line="31" column="56" selection-start-line="31" selection-start-column="56" selection-end-line="31" selection-end-column="56" />
          <folding>
            <element signature="e#0#60#1" expanded="true" />
            <element signature="e#0#34#0" expanded="true" />
            <element signature="e#0#51#1" expanded="true" />
          </folding>
        </state>
      </provider>
    </entry>
    <entry file="file://$PROJECT_DIR$/src/com/user/comment/dao/CommentDao.java">
      <provider selected="true" editor-type-id="text-editor">
        <state relative-caret-position="96">
          <caret line="6" column="17" selection-start-line="6" selection-start-column="17" selection-end-line="6" selection-end-column="17" />
        </state>
      </provider>
    </entry>
    <entry file="file://$PROJECT_DIR$/src/com/user/comment/action/CommentAction.java">
      <provider selected="true" editor-type-id="text-editor">
        <state relative-caret-position="96">
          <caret line="21" column="13" selection-start-line="21" selection-start-column="13" selection-end-line="21" selection-end-column="13" />
        </state>
      </provider>
    </entry>
    <entry file="file://$PROJECT_DIR$/src/com/user/comment/service/impl/CommentServiceImpl.java">
      <provider selected="true" editor-type-id="text-editor">
        <state relative-caret-position="-189">
          <caret line="38" column="44" selection-start-line="38" selection-start-column="44" selection-end-line="38" selection-end-column="44" />
        </state>
      </provider>
    </entry>
  </component>
  <component name="masterDetails">
    <states>
      <state key="ArtifactsStructureConfigurable.UI">
        <settings>
          <artifact-editor />
        </settings>
      </state>
      <state key="FacetStructureConfigurable.UI" />
      <state key="GlobalLibrariesConfigurable.UI" />
      <state key="JdkListConfigurable.UI" />
      <state key="ModuleStructureConfigurable.UI">
        <settings>
          <last-edited>ssh_tt</last-edited>
          <splitter-proportions>
            <option name="proportions">
              <list>
                <option value="0.2" />
              </list>
            </option>
          </splitter-proportions>
        </settings>
      </state>
      <state key="ProjectLibrariesConfigurable.UI" />
    </states>
  </component>
</project>