<project version="4">
  <component name="FileEditorManager">
    <leaf SIDE_TABS_SIZE_LIMIT_KEY="-1">
      <file pinned="false" current-in-tab="false">
        <entry file="file://$PROJECT_DIR$/spring-aop/src/main/java/org/springframework/aop/TrueMethodMatcher.java">
          <provider selected="true" editor-type-id="text-editor">
            <state relative-caret-position="312">
              <caret line="26" column="25" selection-start-line="26" selection-start-column="19" selection-end-line="26" selection-end-column="25" />
              <folding>
                <element signature="e#0#1736#0" expanded="true" />
              </folding>
            </state>
          </provider>
        </entry>
      </file>
      <file pinned="false" current-in-tab="false">
        <entry file="file://$PROJECT_DIR$/spring-aop/src/main/java/org/springframework/aop/TruePointcut.java">
          <provider selected="true" editor-type-id="text-editor">
            <state relative-caret-position="-384">
              <folding>
                <element signature="e#0#1478#0" expanded="true" />
              </folding>
            </state>
          </provider>
        </entry>
      </file>
      <file pinned="false" current-in-tab="false">
        <entry file="file://$PROJECT_DIR$/spring-aop/src/main/java/org/springframework/aop/Advisor.java">
          <provider selected="true" editor-type-id="text-editor">
            <state relative-caret-position="-111">
              <folding>
                <element signature="e#0#2565#0" expanded="true" />
              </folding>
            </state>
          </provider>
        </entry>
      </file>
      <file pinned="false" current-in-tab="false">
        <entry file="file://$PROJECT_DIR$/spring-aop/src/main/java/org/springframework/aop/AfterAdvice.java">
          <provider selected="true" editor-type-id="text-editor">
            <state>
              <folding>
                <element signature="e#0#928#0" expanded="true" />
              </folding>
            </state>
          </provider>
        </entry>
      </file>
      <file pinned="false" current-in-tab="false">
        <entry file="file://$PROJECT_DIR$/integration-tests/src/test/java/org/springframework/expression/spel/support/BeanFactoryTypeConverter.java">
          <provider selected="true" editor-type-id="text-editor">
            <state relative-caret-position="-1143">
              <caret line="34" column="73" selection-start-line="34" selection-start-column="57" selection-end-line="34" selection-end-column="73" />
              <folding>
                <element signature="e#0#4121#0" expanded="true" />
              </folding>
            </state>
          </provider>
        </entry>
      </file>
      <file pinned="false" current-in-tab="false">
        <entry file="file://$PROJECT_DIR$/integration-tests/src/test/java/org/springframework/expression/spel/support/Spr7538Tests.java">
          <provider selected="true" editor-type-id="text-editor">
            <state relative-caret-position="-576">
              <folding>
                <element signature="e#0#2128#0" expanded="true" />
              </folding>
            </state>
          </provider>
        </entry>
      </file>
      <file pinned="false" current-in-tab="true">
        <entry file="file://$PROJECT_DIR$/integration-tests/src/test/java/org/springframework/scheduling/annotation/ScheduledAndTransactionalAnnotationIntegrationTests.java">
          <provider selected="true" editor-type-id="text-editor">
            <state relative-caret-position="264">
              <caret line="53" column="19" selection-start-line="53" selection-start-column="19" selection-end-line="53" selection-end-column="19" />
              <folding>
                <element signature="e#0#7454#0" expanded="true" />
              </folding>
            </state>
          </provider>
        </entry>
      </file>
    </leaf>
  </component>
  <component name="IgnoredFileRootStore">
    <option name="generatedRoots">
      <set>
        <option value="$PROJECT_DIR$/.idea" />
      </set>
    </option>
  </component>
  <component name="ProjectFrameBounds" x="-8" y="-8" width="1936" height="1066" extendedState="6" />
  <component name="ProjectView">
    <navigator currentView="ProjectPane" proportions="" version="1" />
    <panes>
      <pane id="PackagesPane" />
      <pane id="Scope" />
      <pane id="ProjectPane">
        <subPane>
          <expand>
            <path>
              <item name="spring-framework" type="b2602c69:ProjectViewProjectNode" />
              <item name="spring-framework" type="8a07ba80:GradleTreeStructureProvider$GradleModuleDirectoryNode" />
            </path>
            <path>
              <item name="spring-framework" type="b2602c69:ProjectViewProjectNode" />
              <item name="spring-framework" type="8a07ba80:GradleTreeStructureProvider$GradleModuleDirectoryNode" />
              <item name="integration-tests" type="462c0819:PsiDirectoryNode" />
            </path>
            <path>
              <item name="spring-framework" type="b2602c69:ProjectViewProjectNode" />
              <item name="spring-framework" type="8a07ba80:GradleTreeStructureProvider$GradleModuleDirectoryNode" />
              <item name="integration-tests" type="462c0819:PsiDirectoryNode" />
              <item name="src" type="462c0819:PsiDirectoryNode" />
            </path>
            <path>
              <item name="spring-framework" type="b2602c69:ProjectViewProjectNode" />
              <item name="spring-framework" type="8a07ba80:GradleTreeStructureProvider$GradleModuleDirectoryNode" />
              <item name="integration-tests" type="462c0819:PsiDirectoryNode" />
              <item name="src" type="462c0819:PsiDirectoryNode" />
              <item name="test" type="462c0819:PsiDirectoryNode" />
            </path>
            <path>
              <item name="spring-framework" type="b2602c69:ProjectViewProjectNode" />
              <item name="spring-framework" type="8a07ba80:GradleTreeStructureProvider$GradleModuleDirectoryNode" />
              <item name="integration-tests" type="462c0819:PsiDirectoryNode" />
              <item name="src" type="462c0819:PsiDirectoryNode" />
              <item name="test" type="462c0819:PsiDirectoryNode" />
              <item name="java" type="462c0819:PsiDirectoryNode" />
            </path>
            <path>
              <item name="spring-framework" type="b2602c69:ProjectViewProjectNode" />
              <item name="spring-framework" type="8a07ba80:GradleTreeStructureProvider$GradleModuleDirectoryNode" />
              <item name="integration-tests" type="462c0819:PsiDirectoryNode" />
              <item name="src" type="462c0819:PsiDirectoryNode" />
              <item name="test" type="462c0819:PsiDirectoryNode" />
              <item name="java" type="462c0819:PsiDirectoryNode" />
              <item name="org" type="462c0819:PsiDirectoryNode" />
            </path>
            <path>
              <item name="spring-framework" type="b2602c69:ProjectViewProjectNode" />
              <item name="spring-framework" type="8a07ba80:GradleTreeStructureProvider$GradleModuleDirectoryNode" />
              <item name="integration-tests" type="462c0819:PsiDirectoryNode" />
              <item name="src" type="462c0819:PsiDirectoryNode" />
              <item name="test" type="462c0819:PsiDirectoryNode" />
              <item name="java" type="462c0819:PsiDirectoryNode" />
              <item name="org" type="462c0819:PsiDirectoryNode" />
              <item name="springframework" type="462c0819:PsiDirectoryNode" />
            </path>
            <path>
              <item name="spring-framework" type="b2602c69:ProjectViewProjectNode" />
              <item name="spring-framework" type="8a07ba80:GradleTreeStructureProvider$GradleModuleDirectoryNode" />
              <item name="integration-tests" type="462c0819:PsiDirectoryNode" />
              <item name="src" type="462c0819:PsiDirectoryNode" />
              <item name="test" type="462c0819:PsiDirectoryNode" />
              <item name="java" type="462c0819:PsiDirectoryNode" />
              <item name="org" type="462c0819:PsiDirectoryNode" />
              <item name="springframework" type="462c0819:PsiDirectoryNode" />
              <item name="expression" type="462c0819:PsiDirectoryNode" />
            </path>
            <path>
              <item name="spring-framework" type="b2602c69:ProjectViewProjectNode" />
              <item name="spring-framework" type="8a07ba80:GradleTreeStructureProvider$GradleModuleDirectoryNode" />
              <item name="integration-tests" type="462c0819:PsiDirectoryNode" />
              <item name="src" type="462c0819:PsiDirectoryNode" />
              <item name="test" type="462c0819:PsiDirectoryNode" />
              <item name="java" type="462c0819:PsiDirectoryNode" />
              <item name="org" type="462c0819:PsiDirectoryNode" />
              <item name="springframework" type="462c0819:PsiDirectoryNode" />
              <item name="expression" type="462c0819:PsiDirectoryNode" />
              <item name="spel" type="462c0819:PsiDirectoryNode" />
            </path>
            <path>
              <item name="spring-framework" type="b2602c69:ProjectViewProjectNode" />
              <item name="spring-framework" type="8a07ba80:GradleTreeStructureProvider$GradleModuleDirectoryNode" />
              <item name="integration-tests" type="462c0819:PsiDirectoryNode" />
              <item name="src" type="462c0819:PsiDirectoryNode" />
              <item name="test" type="462c0819:PsiDirectoryNode" />
              <item name="java" type="462c0819:PsiDirectoryNode" />
              <item name="org" type="462c0819:PsiDirectoryNode" />
              <item name="springframework" type="462c0819:PsiDirectoryNode" />
              <item name="expression" type="462c0819:PsiDirectoryNode" />
              <item name="spel" type="462c0819:PsiDirectoryNode" />
              <item name="support" type="462c0819:PsiDirectoryNode" />
            </path>
            <path>
              <item name="spring-framework" type="b2602c69:ProjectViewProjectNode" />
              <item name="spring-framework" type="8a07ba80:GradleTreeStructureProvider$GradleModuleDirectoryNode" />
              <item name="integration-tests" type="462c0819:PsiDirectoryNode" />
              <item name="src" type="462c0819:PsiDirectoryNode" />
              <item name="test" type="462c0819:PsiDirectoryNode" />
              <item name="java" type="462c0819:PsiDirectoryNode" />
              <item name="org" type="462c0819:PsiDirectoryNode" />
              <item name="springframework" type="462c0819:PsiDirectoryNode" />
              <item name="scheduling" type="462c0819:PsiDirectoryNode" />
            </path>
            <path>
              <item name="spring-framework" type="b2602c69:ProjectViewProjectNode" />
              <item name="spring-framework" type="8a07ba80:GradleTreeStructureProvider$GradleModuleDirectoryNode" />
              <item name="integration-tests" type="462c0819:PsiDirectoryNode" />
              <item name="src" type="462c0819:PsiDirectoryNode" />
              <item name="test" type="462c0819:PsiDirectoryNode" />
              <item name="java" type="462c0819:PsiDirectoryNode" />
              <item name="org" type="462c0819:PsiDirectoryNode" />
              <item name="springframework" type="462c0819:PsiDirectoryNode" />
              <item name="scheduling" type="462c0819:PsiDirectoryNode" />
              <item name="annotation" type="462c0819:PsiDirectoryNode" />
            </path>
          </expand>
          <select />
        </subPane>
      </pane>
    </panes>
  </component>
  <component name="TimeTrackingManager">
    <option name="totallyTimeSpent" value="1912000" />
  </component>
  <component name="ToolWindowManager">
    <layout>
      <window_info id="Persistence" order="6" side_tool="true" />
      <window_info anchor="bottom" id="Internal Method Tracing" order="7" />
      <window_info anchor="bottom" id="Build" order="0" />
      <window_info id="Learn" order="4" />
      <window_info anchor="bottom" id="Run" order="3" />
      <window_info anchor="bottom" id="Services" order="13" show_stripe_button="false" />
      <window_info anchor="right" id="Word Book" order="4" side_tool="true" />
      <window_info anchor="right" id="Ant Build" order="1" weight="0.25" />
      <window_info id="Favorites" order="2" side_tool="true" />
      <window_info anchor="bottom" id="Terminal" order="11" />
      <window_info anchor="right" id="Commander" internal_type="SLIDING" order="0" type="SLIDING" weight="0.4" />
      <window_info anchor="bottom" id="Event Log" order="4" side_tool="true" />
      <window_info anchor="bottom" id="Cvs" order="8" weight="0.25" />
      <window_info anchor="bottom" id="TODO" order="17" />
      <window_info anchor="right" content_ui="combo" id="Hierarchy" order="2" weight="0.25" />
      <window_info anchor="bottom" id="Problems" order="12" />
      <window_info anchor="bottom" id="Java Enterprise" order="18" />
      <window_info anchor="bottom" id="Project Problems" order="10" />
      <window_info anchor="bottom" id="Database Changes" order="14" show_stripe_button="false" />
      <window_info anchor="bottom" id="Version Control" order="9" />
      <window_info anchor="right" id="Ant" order="5" />
      <window_info id="Commit" order="3" />
      <window_info anchor="right" id="Gradle" order="6" visible="true" weight="0.117962465" />
      <window_info content_ui="combo" id="Project" order="0" visible="true" weight="0.3147453" />
      <window_info anchor="bottom" id="Endpoints" order="16" show_stripe_button="false" />
      <window_info anchor="right" id="Database" order="7" />
      <window_info anchor="bottom" id="Message" order="1" />
      <window_info id="Web" order="5" side_tool="true" />
      <window_info anchor="right" id="Codota" order="3" />
      <window_info id="Structure" order="1" weight="0.25" />
      <window_info anchor="bottom" id="Problems View" order="5" />
      <window_info anchor="bottom" id="Inspection" order="15" weight="0.4" />
      <window_info anchor="bottom" id="Find" order="2" />
      <window_info anchor="bottom" id="Debug" order="6" weight="0.4" />
    </layout>
  </component>
  <component name="editorHistoryManager">
    <entry file="file://$PROJECT_DIR$/README.md">
      <provider selected="true" editor-type-id="split-provider[text-editor;markdown-preview-editor]">
        <state split_layout="SECOND">
          <first_editor />
          <second_editor />
        </state>
      </provider>
    </entry>
    <entry file="file://$PROJECT_DIR$/gradle.properties">
      <provider selected="true" editor-type-id="text-editor">
        <state relative-caret-position="96">
          <caret line="4" selection-start-line="4" selection-end-line="4" />
        </state>
      </provider>
    </entry>
    <entry file="file://$PROJECT_DIR$/build.gradle">
      <provider selected="true" editor-type-id="text-editor">
        <state relative-caret-position="225">
          <caret line="397" column="17" selection-start-line="397" selection-start-column="17" selection-end-line="397" selection-end-column="17" />
        </state>
      </provider>
    </entry>
    <entry file="file://$PROJECT_DIR$/gradlew.bat">
      <provider selected="true" editor-type-id="text-editor" />
    </entry>
    <entry file="file://$PROJECT_DIR$/gradlew">
      <provider selected="true" editor-type-id="text-editor">
        <state relative-caret-position="-1104" />
      </provider>
    </entry>
    <entry file="file://$PROJECT_DIR$/src/docs/api/overview.html">
      <provider selected="true" editor-type-id="text-editor">
        <state relative-caret-position="168">
          <caret line="7" selection-start-line="7" selection-end-line="7" />
        </state>
      </provider>
    </entry>
    <entry file="file://$PROJECT_DIR$/src/docs/api/stylesheet.css">
      <provider selected="true" editor-type-id="text-editor" />
    </entry>
    <entry file="file://$PROJECT_DIR$/spring-core/spring-core.gradle">
      <provider selected="true" editor-type-id="text-editor">
        <state relative-caret-position="-1767" />
      </provider>
    </entry>
    <entry file="file://$PROJECT_DIR$/ci/images/spring-framework-ci-image/Dockerfile">
      <provider selected="true" editor-type-id="text-editor" />
    </entry>
    <entry file="file://$PROJECT_DIR$/ci/images/spring-framework-jdk11-ci-image/Dockerfile">
      <provider selected="true" editor-type-id="text-editor" />
    </entry>
    <entry file="file://$PROJECT_DIR$/spring-websocket/spring-websocket.gradle">
      <provider selected="true" editor-type-id="text-editor" />
    </entry>
    <entry file="file://$PROJECT_DIR$/spring-websocket/src/test/java/org/springframework/web/socket/JettyWebSocketTestServer.java">
      <provider selected="true" editor-type-id="text-editor">
        <state relative-caret-position="-912">
          <folding>
            <element signature="e#0#3051#0" expanded="true" />
          </folding>
        </state>
      </provider>
    </entry>
    <entry file="file://$PROJECT_DIR$/spring-orm/src/main/java/org/springframework/orm/package-info.java">
      <provider selected="true" editor-type-id="text-editor">
        <state relative-caret-position="192">
          <caret line="8" column="33" lean-forward="true" selection-start-line="8" selection-start-column="33" selection-end-line="8" selection-end-column="33" />
          <folding>
            <element signature="n#!!doc" expanded="true" />
          </folding>
        </state>
      </provider>
    </entry>
    <entry file="file://$PROJECT_DIR$/spring-orm/src/test/resources/log4j2-test.xml">
      <provider selected="true" editor-type-id="text-editor" />
    </entry>
    <entry file="file://$PROJECT_DIR$/spring-orm/src/test/resources/org/springframework/orm/jpa/META-INF/persistence.xml">
      <provider selected="true" editor-type-id="text-editor" />
    </entry>
    <entry file="file://$PROJECT_DIR$/spring-orm/src/test/resources/org/springframework/orm/jpa/domain/persistence.xml">
      <provider selected="true" editor-type-id="text-editor" />
    </entry>
    <entry file="file://$PROJECT_DIR$/spring-orm/src/test/resources/org/springframework/orm/jpa/domain/persistence-context.xml">
      <provider selected="true" editor-type-id="text-editor" />
    </entry>
    <entry file="file://$PROJECT_DIR$/spring-orm/src/test/resources/org/springframework/orm/jpa/domain/spring.components">
      <provider selected="true" editor-type-id="text-editor" />
    </entry>
    <entry file="file://$PROJECT_DIR$/spring-orm/src/test/java/org/springframework/orm/jpa/DefaultJpaDialectTests.java">
      <provider selected="true" editor-type-id="text-editor">
        <state relative-caret-position="-495">
          <folding>
            <element signature="e#0#2415#0" expanded="true" />
          </folding>
        </state>
      </provider>
    </entry>
    <entry file="file://$PROJECT_DIR$/spring-orm/src/main/java/org/springframework/orm/hibernate5/support/AsyncRequestInterceptor.java">
      <provider selected="true" editor-type-id="text-editor">
        <state>
          <folding>
            <element signature="e#0#4181#0" expanded="true" />
          </folding>
        </state>
      </provider>
    </entry>
    <entry file="file://$PROJECT_DIR$/spring-orm/src/main/java/org/springframework/orm/hibernate5/support/HibernateDaoSupport.java">
      <provider selected="true" editor-type-id="text-editor">
        <state relative-caret-position="-1023">
          <folding>
            <element signature="e#0#5370#0" expanded="true" />
          </folding>
        </state>
      </provider>
    </entry>
    <entry file="file://$PROJECT_DIR$/spring-orm/src/main/java/org/springframework/orm/hibernate5/support/OpenSessionInterceptor.java">
      <provider selected="true" editor-type-id="text-editor">
        <state relative-caret-position="-480">
          <folding>
            <element signature="e#0#4650#0" expanded="true" />
          </folding>
        </state>
      </provider>
    </entry>
    <entry file="file://$PROJECT_DIR$/spring-orm/src/main/java/org/springframework/orm/hibernate5/support/OpenSessionInViewFilter.java">
      <provider selected="true" editor-type-id="text-editor">
        <state>
          <folding>
            <element signature="e#0#8818#0" expanded="true" />
          </folding>
        </state>
      </provider>
    </entry>
    <entry file="file://$PROJECT_DIR$/spring-orm/src/main/java/org/springframework/orm/hibernate5/support/OpenSessionInViewInterceptor.java">
      <provider selected="true" editor-type-id="text-editor">
        <state>
          <folding>
            <element signature="e#0#8572#0" expanded="true" />
          </folding>
        </state>
      </provider>
    </entry>
    <entry file="file://$PROJECT_DIR$/spring-orm/src/main/java/org/springframework/orm/hibernate5/support/package-info.java">
      <provider selected="true" editor-type-id="text-editor">
        <state relative-caret-position="168">
          <caret line="7" column="7" lean-forward="true" selection-start-line="7" selection-start-column="7" selection-end-line="7" selection-end-column="7" />
          <folding>
            <element signature="n#!!doc" expanded="true" />
            <element signature="imports" expanded="true" />
          </folding>
        </state>
      </provider>
    </entry>
    <entry file="file://$PROJECT_DIR$/spring-aop/src/main/resources/org/springframework/aop/config/spring-aop.gif">
      <provider selected="true" editor-type-id="images" />
    </entry>
    <entry file="file://$PROJECT_DIR$/spring-aop/src/main/resources/org/springframework/aop/config/spring-aop.xsd">
      <provider selected="true" editor-type-id="text-editor">
        <state relative-caret-position="-3383" />
      </provider>
    </entry>
    <entry file="file://$PROJECT_DIR$/spring-aop/src/main/resources/META-INF/spring.handlers">
      <provider selected="true" editor-type-id="text-editor" />
    </entry>
    <entry file="file://$PROJECT_DIR$/spring-aop/src/main/resources/META-INF/spring.tooling">
      <provider selected="true" editor-type-id="text-editor" />
    </entry>
    <entry file="file://$PROJECT_DIR$/spring-aop/src/main/resources/META-INF/spring.schemas">
      <provider selected="true" editor-type-id="text-editor" />
    </entry>
    <entry file="file://$PROJECT_DIR$/spring-aop/src/main/java/org/springframework/aop/TruePointcut.java">
      <provider selected="true" editor-type-id="text-editor">
        <state relative-caret-position="-384">
          <folding>
            <element signature="e#0#1478#0" expanded="true" />
          </folding>
        </state>
      </provider>
    </entry>
    <entry file="file://$PROJECT_DIR$/spring-aop/src/main/java/org/springframework/aop/TrueMethodMatcher.java">
      <provider selected="true" editor-type-id="text-editor">
        <state relative-caret-position="312">
          <caret line="26" column="25" selection-start-line="26" selection-start-column="19" selection-end-line="26" selection-end-column="25" />
          <folding>
            <element signature="e#0#1736#0" expanded="true" />
          </folding>
        </state>
      </provider>
    </entry>
    <entry file="file://$PROJECT_DIR$/spring-aop/src/main/java/org/springframework/aop/Advisor.java">
      <provider selected="true" editor-type-id="text-editor">
        <state relative-caret-position="-111">
          <folding>
            <element signature="e#0#2565#0" expanded="true" />
          </folding>
        </state>
      </provider>
    </entry>
    <entry file="file://$PROJECT_DIR$/spring-aop/src/main/java/org/springframework/aop/AfterAdvice.java">
      <provider selected="true" editor-type-id="text-editor">
        <state>
          <folding>
            <element signature="e#0#928#0" expanded="true" />
          </folding>
        </state>
      </provider>
    </entry>
    <entry file="file://$PROJECT_DIR$/integration-tests/src/test/java/org/springframework/expression/spel/support/BeanFactoryTypeConverter.java">
      <provider selected="true" editor-type-id="text-editor">
        <state relative-caret-position="-1143">
          <caret line="34" column="73" selection-start-line="34" selection-start-column="57" selection-end-line="34" selection-end-column="73" />
          <folding>
            <element signature="e#0#4121#0" expanded="true" />
          </folding>
        </state>
      </provider>
    </entry>
    <entry file="file://$PROJECT_DIR$/integration-tests/src/test/java/org/springframework/expression/spel/support/Spr7538Tests.java">
      <provider selected="true" editor-type-id="text-editor">
        <state relative-caret-position="-576">
          <folding>
            <element signature="e#0#2128#0" expanded="true" />
          </folding>
        </state>
      </provider>
    </entry>
    <entry file="file://$PROJECT_DIR$/integration-tests/src/test/java/org/springframework/scheduling/annotation/ScheduledAndTransactionalAnnotationIntegrationTests.java">
      <provider selected="true" editor-type-id="text-editor">
        <state relative-caret-position="264">
          <caret line="53" column="19" selection-start-line="53" selection-start-column="19" selection-end-line="53" selection-end-column="19" />
          <folding>
            <element signature="e#0#7454#0" expanded="true" />
          </folding>
        </state>
      </provider>
    </entry>
  </component>
</project>