<project version="4">
  <component name="FileEditorManager">
    <leaf>
      <file pinned="false" current-in-tab="false">
        <entry file="file://$PROJECT_DIR$/pom.xml">
          <provider selected="true" editor-type-id="text-editor" />
        </entry>
      </file>
      <file pinned="false" current-in-tab="false">
        <entry file="file://$PROJECT_DIR$/src/main/java/com/yunce/cloud/healthmaster/controller/TimeMapController.java">
          <provider selected="true" editor-type-id="text-editor">
            <state relative-caret-position="192">
              <caret line="17" column="13" selection-start-line="17" selection-start-column="13" selection-end-line="17" selection-end-column="13" />
            </state>
          </provider>
        </entry>
      </file>
      <file pinned="false" current-in-tab="false">
        <entry file="file://$PROJECT_DIR$/src/main/java/com/yunce/cloud/healthmaster/controller/Test.java">
          <provider selected="true" editor-type-id="text-editor">
            <state relative-caret-position="120">
              <caret line="16" column="13" selection-start-line="16" selection-start-column="13" selection-end-line="16" selection-end-column="13" />
            </state>
          </provider>
        </entry>
      </file>
      <file pinned="false" current-in-tab="true">
        <entry file="file://$PROJECT_DIR$/src/main/java/com/yunce/cloud/healthmaster/controller/SearchController.java">
          <provider selected="true" editor-type-id="text-editor">
            <state relative-caret-position="168">
              <caret line="85" column="63" selection-start-line="85" selection-end-line="86" />
            </state>
          </provider>
        </entry>
      </file>
      <file pinned="false" current-in-tab="false">
        <entry file="file://$PROJECT_DIR$/src/main/java/com/yunce/cloud/healthmaster/controller/IndexController.java">
          <provider selected="true" editor-type-id="text-editor">
            <state relative-caret-position="-920">
              <caret line="30" column="13" selection-start-line="30" selection-start-column="13" selection-end-line="30" selection-end-column="13" />
            </state>
          </provider>
        </entry>
      </file>
      <file pinned="false" current-in-tab="false">
        <entry file="jar://$PROJECT_DIR$/../../../../.m2/org/springframework/data/spring-data-redis/2.0.11.RELEASE/spring-data-redis-2.0.11.RELEASE.jar!/org/springframework/data/redis/connection/RedisStringCommands.class">
          <provider selected="true" editor-type-id="text-editor">
            <state relative-caret-position="195">
              <caret line="26" column="12" selection-start-line="26" selection-start-column="12" selection-end-line="26" selection-end-column="12" />
            </state>
          </provider>
        </entry>
      </file>
      <file pinned="false" current-in-tab="false">
        <entry file="jar://$PROJECT_DIR$/../../../../.m2/org/springframework/data/spring-data-redis/2.0.11.RELEASE/spring-data-redis-2.0.11.RELEASE.jar!/org/springframework/data/redis/connection/DefaultStringRedisConnection.class">
          <provider selected="true" editor-type-id="text-editor">
            <state relative-caret-position="187">
              <caret line="454" column="19" selection-start-line="454" selection-start-column="19" selection-end-line="454" selection-end-column="19" />
            </state>
          </provider>
        </entry>
      </file>
    </leaf>
  </component>
  <component name="IgnoredFileRootStore">
    <option name="generatedRoots">
      <set>
        <option value="$PROJECT_DIR$/.idea" />
      </set>
    </option>
  </component>
  <component name="MavenProjectNavigator">
    <treeState>
      <expand />
      <select />
    </treeState>
  </component>
  <component name="ProjectFrameBounds" x="-8" y="-8" width="1936" height="1066" extendedState="6" />
  <component name="ProjectView">
    <navigator currentView="ProjectPane" proportions="" version="1" />
    <panes>
      <pane id="ProjectPane">
        <subPane>
          <expand>
            <path>
              <item name="yunce-cloud-healthmaster" type="b2602c69:ProjectViewProjectNode" />
              <item name="yunce-cloud-healthmaster" type="462c0819:PsiDirectoryNode" />
            </path>
            <path>
              <item name="yunce-cloud-healthmaster" type="b2602c69:ProjectViewProjectNode" />
              <item name="yunce-cloud-healthmaster" type="462c0819:PsiDirectoryNode" />
              <item name="src" type="462c0819:PsiDirectoryNode" />
            </path>
            <path>
              <item name="yunce-cloud-healthmaster" type="b2602c69:ProjectViewProjectNode" />
              <item name="yunce-cloud-healthmaster" type="462c0819:PsiDirectoryNode" />
              <item name="src" type="462c0819:PsiDirectoryNode" />
              <item name="main" type="462c0819:PsiDirectoryNode" />
            </path>
            <path>
              <item name="yunce-cloud-healthmaster" type="b2602c69:ProjectViewProjectNode" />
              <item name="yunce-cloud-healthmaster" type="462c0819:PsiDirectoryNode" />
              <item name="src" type="462c0819:PsiDirectoryNode" />
              <item name="main" type="462c0819:PsiDirectoryNode" />
              <item name="java" type="462c0819:PsiDirectoryNode" />
            </path>
            <path>
              <item name="yunce-cloud-healthmaster" type="b2602c69:ProjectViewProjectNode" />
              <item name="yunce-cloud-healthmaster" type="462c0819:PsiDirectoryNode" />
              <item name="src" type="462c0819:PsiDirectoryNode" />
              <item name="main" type="462c0819:PsiDirectoryNode" />
              <item name="java" type="462c0819:PsiDirectoryNode" />
              <item name="com" type="462c0819:PsiDirectoryNode" />
            </path>
            <path>
              <item name="yunce-cloud-healthmaster" type="b2602c69:ProjectViewProjectNode" />
              <item name="yunce-cloud-healthmaster" type="462c0819:PsiDirectoryNode" />
              <item name="src" type="462c0819:PsiDirectoryNode" />
              <item name="main" type="462c0819:PsiDirectoryNode" />
              <item name="java" type="462c0819:PsiDirectoryNode" />
              <item name="com" type="462c0819:PsiDirectoryNode" />
              <item name="yunce" type="462c0819:PsiDirectoryNode" />
            </path>
            <path>
              <item name="yunce-cloud-healthmaster" type="b2602c69:ProjectViewProjectNode" />
              <item name="yunce-cloud-healthmaster" type="462c0819:PsiDirectoryNode" />
              <item name="src" type="462c0819:PsiDirectoryNode" />
              <item name="main" type="462c0819:PsiDirectoryNode" />
              <item name="java" type="462c0819:PsiDirectoryNode" />
              <item name="com" type="462c0819:PsiDirectoryNode" />
              <item name="yunce" type="462c0819:PsiDirectoryNode" />
              <item name="cloud" type="462c0819:PsiDirectoryNode" />
            </path>
            <path>
              <item name="yunce-cloud-healthmaster" type="b2602c69:ProjectViewProjectNode" />
              <item name="yunce-cloud-healthmaster" type="462c0819:PsiDirectoryNode" />
              <item name="src" type="462c0819:PsiDirectoryNode" />
              <item name="main" type="462c0819:PsiDirectoryNode" />
              <item name="java" type="462c0819:PsiDirectoryNode" />
              <item name="com" type="462c0819:PsiDirectoryNode" />
              <item name="yunce" type="462c0819:PsiDirectoryNode" />
              <item name="cloud" type="462c0819:PsiDirectoryNode" />
              <item name="healthmaster" type="462c0819:PsiDirectoryNode" />
            </path>
            <path>
              <item name="yunce-cloud-healthmaster" type="b2602c69:ProjectViewProjectNode" />
              <item name="yunce-cloud-healthmaster" type="462c0819:PsiDirectoryNode" />
              <item name="src" type="462c0819:PsiDirectoryNode" />
              <item name="main" type="462c0819:PsiDirectoryNode" />
              <item name="java" type="462c0819:PsiDirectoryNode" />
              <item name="com" type="462c0819:PsiDirectoryNode" />
              <item name="yunce" type="462c0819:PsiDirectoryNode" />
              <item name="cloud" type="462c0819:PsiDirectoryNode" />
              <item name="healthmaster" type="462c0819:PsiDirectoryNode" />
              <item name="controller" type="462c0819:PsiDirectoryNode" />
            </path>
            <path>
              <item name="yunce-cloud-healthmaster" type="b2602c69:ProjectViewProjectNode" />
              <item name="External Libraries" type="cb654da1:ExternalLibrariesNode" />
            </path>
            <path>
              <item name="yunce-cloud-healthmaster" type="b2602c69:ProjectViewProjectNode" />
              <item name="External Libraries" type="cb654da1:ExternalLibrariesNode" />
              <item name="Maven: org.springframework.data:spring-data-redis:2.0.11.RELEASE" type="70bed36:NamedLibraryElementNode" />
            </path>
            <path>
              <item name="yunce-cloud-healthmaster" type="b2602c69:ProjectViewProjectNode" />
              <item name="External Libraries" type="cb654da1:ExternalLibrariesNode" />
              <item name="Maven: org.springframework.data:spring-data-redis:2.0.11.RELEASE" type="70bed36:NamedLibraryElementNode" />
              <item name="spring-data-redis-2.0.11.RELEASE.jar" type="462c0819:PsiDirectoryNode" />
            </path>
            <path>
              <item name="yunce-cloud-healthmaster" type="b2602c69:ProjectViewProjectNode" />
              <item name="External Libraries" type="cb654da1:ExternalLibrariesNode" />
              <item name="Maven: org.springframework.data:spring-data-redis:2.0.11.RELEASE" type="70bed36:NamedLibraryElementNode" />
              <item name="spring-data-redis-2.0.11.RELEASE.jar" type="462c0819:PsiDirectoryNode" />
              <item name="org" type="462c0819:PsiDirectoryNode" />
            </path>
            <path>
              <item name="yunce-cloud-healthmaster" type="b2602c69:ProjectViewProjectNode" />
              <item name="External Libraries" type="cb654da1:ExternalLibrariesNode" />
              <item name="Maven: org.springframework.data:spring-data-redis:2.0.11.RELEASE" type="70bed36:NamedLibraryElementNode" />
              <item name="spring-data-redis-2.0.11.RELEASE.jar" type="462c0819:PsiDirectoryNode" />
              <item name="org" type="462c0819:PsiDirectoryNode" />
              <item name="springframework" type="462c0819:PsiDirectoryNode" />
            </path>
            <path>
              <item name="yunce-cloud-healthmaster" type="b2602c69:ProjectViewProjectNode" />
              <item name="External Libraries" type="cb654da1:ExternalLibrariesNode" />
              <item name="Maven: org.springframework.data:spring-data-redis:2.0.11.RELEASE" type="70bed36:NamedLibraryElementNode" />
              <item name="spring-data-redis-2.0.11.RELEASE.jar" type="462c0819:PsiDirectoryNode" />
              <item name="org" type="462c0819:PsiDirectoryNode" />
              <item name="springframework" type="462c0819:PsiDirectoryNode" />
              <item name="data" type="462c0819:PsiDirectoryNode" />
            </path>
            <path>
              <item name="yunce-cloud-healthmaster" type="b2602c69:ProjectViewProjectNode" />
              <item name="External Libraries" type="cb654da1:ExternalLibrariesNode" />
              <item name="Maven: org.springframework.data:spring-data-redis:2.0.11.RELEASE" type="70bed36:NamedLibraryElementNode" />
              <item name="spring-data-redis-2.0.11.RELEASE.jar" type="462c0819:PsiDirectoryNode" />
              <item name="org" type="462c0819:PsiDirectoryNode" />
              <item name="springframework" type="462c0819:PsiDirectoryNode" />
              <item name="data" type="462c0819:PsiDirectoryNode" />
              <item name="redis" type="462c0819:PsiDirectoryNode" />
            </path>
            <path>
              <item name="yunce-cloud-healthmaster" type="b2602c69:ProjectViewProjectNode" />
              <item name="External Libraries" type="cb654da1:ExternalLibrariesNode" />
              <item name="Maven: org.springframework.data:spring-data-redis:2.0.11.RELEASE" type="70bed36:NamedLibraryElementNode" />
              <item name="spring-data-redis-2.0.11.RELEASE.jar" type="462c0819:PsiDirectoryNode" />
              <item name="org" type="462c0819:PsiDirectoryNode" />
              <item name="springframework" type="462c0819:PsiDirectoryNode" />
              <item name="data" type="462c0819:PsiDirectoryNode" />
              <item name="redis" type="462c0819:PsiDirectoryNode" />
              <item name="connection" type="462c0819:PsiDirectoryNode" />
            </path>
          </expand>
          <select />
        </subPane>
      </pane>
      <pane id="PackagesPane" />
      <pane id="Scope" />
    </panes>
  </component>
  <component name="TimeTrackingManager">
    <option name="totallyTimeSpent" value="467000" />
  </component>
  <component name="ToolWindowManager">
    <layout>
      <window_info anchor="right" id="Maven" order="5" />
      <window_info anchor="bottom" id="Internal Method Tracing" order="4" />
      <window_info anchor="bottom" id="Build" order="5" visible="true" weight="0.32901832" />
      <window_info id="Learn" order="4" />
      <window_info anchor="bottom" id="Run" order="2" />
      <window_info anchor="bottom" id="Spring" order="5" />
      <window_info anchor="right" id="Codota" order="5" />
      <window_info anchor="right" id="Word Book" order="5" side_tool="true" />
      <window_info anchor="right" id="Ant Build" order="1" weight="0.25" />
      <window_info id="Favorites" order="2" side_tool="true" />
      <window_info anchor="bottom" id="Terminal" order="5" />
      <window_info anchor="bottom" id="Project Problems" order="4" />
      <window_info anchor="right" id="Commander" internal_type="SLIDING" order="0" type="SLIDING" weight="0.4" />
      <window_info anchor="bottom" id="Event Log" order="2" side_tool="true" />
      <window_info anchor="bottom" id="Cvs" order="4" weight="0.25" />
      <window_info anchor="right" content_ui="combo" id="Hierarchy" order="2" weight="0.25" />
      <window_info anchor="bottom" id="Problems" order="5" />
      <window_info anchor="bottom" id="Services" order="5" show_stripe_button="false" />
      <window_info anchor="bottom" id="Database Changes" order="5" show_stripe_button="false" />
      <window_info anchor="bottom" id="Version Control" order="4" />
      <window_info anchor="right" id="Ant" order="5" />
      <window_info id="Commit" order="3" />
      <window_info anchor="bottom" id="Find" order="1" />
      <window_info content_ui="combo" id="Project" order="0" visible="true" weight="0.24986595" />
      <window_info anchor="bottom" id="Endpoints" order="5" show_stripe_button="false" />
      <window_info anchor="right" id="Database" order="5" />
      <window_info anchor="bottom" id="Message" order="0" />
      <window_info anchor="bottom" id="TODO" order="6" />
      <window_info id="Structure" order="1" weight="0.25" />
      <window_info anchor="bottom" id="Problems View" order="3" />
      <window_info anchor="bottom" id="Inspection" order="5" weight="0.4" />
      <window_info anchor="bottom" id="Debug" order="3" weight="0.4" />
    </layout>
  </component>
  <component name="editorHistoryManager">
    <entry file="file://$PROJECT_DIR$/pom.xml">
      <provider selected="true" editor-type-id="text-editor" />
    </entry>
    <entry file="file://$PROJECT_DIR$/src/main/java/com/yunce/cloud/healthmaster/controller/TimeMapController.java">
      <provider selected="true" editor-type-id="text-editor">
        <state relative-caret-position="192">
          <caret line="17" column="13" selection-start-line="17" selection-start-column="13" selection-end-line="17" selection-end-column="13" />
        </state>
      </provider>
    </entry>
    <entry file="file://$PROJECT_DIR$/src/main/java/com/yunce/cloud/healthmaster/controller/Test.java">
      <provider selected="true" editor-type-id="text-editor">
        <state relative-caret-position="120">
          <caret line="16" column="13" selection-start-line="16" selection-start-column="13" selection-end-line="16" selection-end-column="13" />
        </state>
      </provider>
    </entry>
    <entry file="file://$PROJECT_DIR$/src/main/java/com/yunce/cloud/healthmaster/controller/IndexController.java">
      <provider selected="true" editor-type-id="text-editor">
        <state relative-caret-position="-920">
          <caret line="30" column="13" selection-start-line="30" selection-start-column="13" selection-end-line="30" selection-end-column="13" />
        </state>
      </provider>
    </entry>
    <entry file="jar://$PROJECT_DIR$/../../../../.m2/org/springframework/data/spring-data-redis/2.0.11.RELEASE/spring-data-redis-2.0.11.RELEASE.jar!/org/springframework/data/redis/connection/DefaultStringRedisConnection.class">
      <provider selected="true" editor-type-id="text-editor">
        <state relative-caret-position="187">
          <caret line="454" column="19" selection-start-line="454" selection-start-column="19" selection-end-line="454" selection-end-column="19" />
        </state>
      </provider>
    </entry>
    <entry file="jar://$PROJECT_DIR$/../../../../.m2/org/springframework/data/spring-data-redis/2.0.11.RELEASE/spring-data-redis-2.0.11.RELEASE.jar!/org/springframework/data/redis/connection/RedisStringCommands.class">
      <provider selected="true" editor-type-id="text-editor">
        <state relative-caret-position="195">
          <caret line="26" column="12" selection-start-line="26" selection-start-column="12" selection-end-line="26" selection-end-column="12" />
        </state>
      </provider>
    </entry>
    <entry file="file://$PROJECT_DIR$/src/main/java/com/yunce/cloud/healthmaster/controller/SearchController.java">
      <provider selected="true" editor-type-id="text-editor">
        <state relative-caret-position="168">
          <caret line="85" column="63" selection-start-line="85" selection-end-line="86" />
        </state>
      </provider>
    </entry>
  </component>
</project>