<project version="4">
  <component name="FileEditorManager">
    <leaf>
      <file pinned="false" current-in-tab="true">
        <entry file="file://$PROJECT_DIR$/modules/system/src/main/java/com/linln/modules/system/domain/Role.java">
          <provider selected="true" editor-type-id="text-editor">
            <state relative-caret-position="159">
              <caret line="48" column="35" lean-forward="true" selection-start-line="48" selection-start-column="35" selection-end-line="48" selection-end-column="35" />
            </state>
          </provider>
        </entry>
      </file>
    </leaf>
  </component>
  <component name="IdeDocumentHistory">
    <option name="CHANGED_PATHS">
      <list>
        <option value="$PROJECT_DIR$/modules/system/src/main/java/com/linln/modules/system/domain/Role.java" />
        <option value="$PROJECT_DIR$/admin/src/main/resources/application.yml" />
        <option value="$PROJECT_DIR$/admin/src/main/java/com/linln/admin/system/controller/UploadController.java" />
        <option value="$APPLICATION_CONFIG_DIR$/idea64.exe.vmoptions" />
        <option value="$PROJECT_DIR$/common/src/main/java/com/linln/common/enums/StatusEnum.java" />
      </list>
    </option>
  </component>
  <component name="MavenProjectNavigator">
    <treeState>
      <expand />
      <select />
    </treeState>
  </component>
  <component name="ProjectFrameBounds" extendedState="6">
    <option name="x" value="235" />
    <option name="y" value="122" />
    <option name="width" value="1093" />
    <option name="height" value="743" />
  </component>
  <component name="ProjectView">
    <navigator currentView="Scope" currentSubView="Scope 'Project Files'; set:Project Files; class com.intellij.psi.search.scope.ProjectFilesScope" proportions="" version="1">
      <autoscrollFromSource ProjectPane="true" />
      <foldersAlwaysOnTop value="true" />
    </navigator>
    <panes>
      <pane id="ProjectPane">
        <subPane>
          <expand>
            <path>
              <item name="timo" type="b2602c69:ProjectViewProjectNode" />
              <item name="Timo" type="462c0819:PsiDirectoryNode" />
            </path>
          </expand>
          <select />
        </subPane>
      </pane>
      <pane id="Scope">
        <subPane subId="Scope 'Project Files'; set:Project Files; class com.intellij.psi.search.scope.ProjectFilesScope">
          <expand>
            <path>
              <item name="timo" type="3d21c010:ScopeViewTreeModel$ProjectNode" />
              <item name="common" type="2674bda8:ScopeViewTreeModel$GroupNode" />
            </path>
            <path>
              <item name="timo" type="3d21c010:ScopeViewTreeModel$ProjectNode" />
              <item name="common" type="2674bda8:ScopeViewTreeModel$GroupNode" />
              <item name="src/main/java" type="9f88c78c:ScopeViewTreeModel$FileNode" />
            </path>
            <path>
              <item name="timo" type="3d21c010:ScopeViewTreeModel$ProjectNode" />
              <item name="common" type="2674bda8:ScopeViewTreeModel$GroupNode" />
              <item name="src/main/java" type="9f88c78c:ScopeViewTreeModel$FileNode" />
              <item name="com.linln.common" type="9f88c78c:ScopeViewTreeModel$FileNode" />
            </path>
            <path>
              <item name="timo" type="3d21c010:ScopeViewTreeModel$ProjectNode" />
              <item name="common" type="2674bda8:ScopeViewTreeModel$GroupNode" />
              <item name="src/main/java" type="9f88c78c:ScopeViewTreeModel$FileNode" />
              <item name="com.linln.common" type="9f88c78c:ScopeViewTreeModel$FileNode" />
              <item name="config" type="9f88c78c:ScopeViewTreeModel$FileNode" />
            </path>
            <path>
              <item name="timo" type="3d21c010:ScopeViewTreeModel$ProjectNode" />
              <item name="common" type="2674bda8:ScopeViewTreeModel$GroupNode" />
              <item name="src/main/java" type="9f88c78c:ScopeViewTreeModel$FileNode" />
              <item name="com.linln.common" type="9f88c78c:ScopeViewTreeModel$FileNode" />
              <item name="constant" type="9f88c78c:ScopeViewTreeModel$FileNode" />
            </path>
            <path>
              <item name="timo" type="3d21c010:ScopeViewTreeModel$ProjectNode" />
              <item name="common" type="2674bda8:ScopeViewTreeModel$GroupNode" />
              <item name="src/main/java" type="9f88c78c:ScopeViewTreeModel$FileNode" />
              <item name="com.linln.common" type="9f88c78c:ScopeViewTreeModel$FileNode" />
              <item name="data" type="9f88c78c:ScopeViewTreeModel$FileNode" />
            </path>
            <path>
              <item name="timo" type="3d21c010:ScopeViewTreeModel$ProjectNode" />
              <item name="common" type="2674bda8:ScopeViewTreeModel$GroupNode" />
              <item name="src/main/java" type="9f88c78c:ScopeViewTreeModel$FileNode" />
              <item name="com.linln.common" type="9f88c78c:ScopeViewTreeModel$FileNode" />
              <item name="enums" type="9f88c78c:ScopeViewTreeModel$FileNode" />
            </path>
            <path>
              <item name="timo" type="3d21c010:ScopeViewTreeModel$ProjectNode" />
              <item name="modules and modules" type="2674bda8:ScopeViewTreeModel$GroupNode" />
            </path>
            <path>
              <item name="timo" type="3d21c010:ScopeViewTreeModel$ProjectNode" />
              <item name="modules and modules" type="2674bda8:ScopeViewTreeModel$GroupNode" />
              <item name="system" type="2674bda8:ScopeViewTreeModel$GroupNode" />
            </path>
            <path>
              <item name="timo" type="3d21c010:ScopeViewTreeModel$ProjectNode" />
              <item name="modules and modules" type="2674bda8:ScopeViewTreeModel$GroupNode" />
              <item name="system" type="2674bda8:ScopeViewTreeModel$GroupNode" />
              <item name="src/main/java" type="9f88c78c:ScopeViewTreeModel$FileNode" />
            </path>
            <path>
              <item name="timo" type="3d21c010:ScopeViewTreeModel$ProjectNode" />
              <item name="modules and modules" type="2674bda8:ScopeViewTreeModel$GroupNode" />
              <item name="system" type="2674bda8:ScopeViewTreeModel$GroupNode" />
              <item name="src/main/java" type="9f88c78c:ScopeViewTreeModel$FileNode" />
              <item name="com.linln.modules.system" type="9f88c78c:ScopeViewTreeModel$FileNode" />
            </path>
            <path>
              <item name="timo" type="3d21c010:ScopeViewTreeModel$ProjectNode" />
              <item name="modules and modules" type="2674bda8:ScopeViewTreeModel$GroupNode" />
              <item name="system" type="2674bda8:ScopeViewTreeModel$GroupNode" />
              <item name="src/main/java" type="9f88c78c:ScopeViewTreeModel$FileNode" />
              <item name="com.linln.modules.system" type="9f88c78c:ScopeViewTreeModel$FileNode" />
              <item name="domain" type="9f88c78c:ScopeViewTreeModel$FileNode" />
            </path>
            <path>
              <item name="timo" type="3d21c010:ScopeViewTreeModel$ProjectNode" />
              <item name="modules and modules" type="2674bda8:ScopeViewTreeModel$GroupNode" />
              <item name="system" type="2674bda8:ScopeViewTreeModel$GroupNode" />
              <item name="src/main/java" type="9f88c78c:ScopeViewTreeModel$FileNode" />
              <item name="com.linln.modules.system" type="9f88c78c:ScopeViewTreeModel$FileNode" />
              <item name="service" type="9f88c78c:ScopeViewTreeModel$FileNode" />
            </path>
            <path>
              <item name="timo" type="3d21c010:ScopeViewTreeModel$ProjectNode" />
              <item name="modules and modules" type="2674bda8:ScopeViewTreeModel$GroupNode" />
              <item name="system" type="2674bda8:ScopeViewTreeModel$GroupNode" />
              <item name="src/main/java" type="9f88c78c:ScopeViewTreeModel$FileNode" />
              <item name="com.linln.modules.system" type="9f88c78c:ScopeViewTreeModel$FileNode" />
              <item name="service" type="9f88c78c:ScopeViewTreeModel$FileNode" />
              <item name="impl" type="9f88c78c:ScopeViewTreeModel$FileNode" />
            </path>
            <path>
              <item name="timo" type="3d21c010:ScopeViewTreeModel$ProjectNode" />
              <item name="timo" type="2674bda8:ScopeViewTreeModel$GroupNode" />
            </path>
          </expand>
          <select />
        </subPane>
      </pane>
      <pane id="PackagesPane" />
    </panes>
  </component>
  <component name="TimeTrackingManager">
    <option name="totallyTimeSpent" value="9344000" />
  </component>
  <component name="ToolWindowManager">
    <frame x="-8" y="-8" width="1936" height="1066" extended-state="6" />
    <layout>
      <window_info active="true" content_ui="combo" id="Project" order="0" visible="true" weight="0.2226958" />
      <window_info id="Structure" order="1" side_tool="true" weight="0.25" />
      <window_info id="Designer" order="2" />
      <window_info id="UI Designer" order="3" />
      <window_info id="Favorites" order="4" side_tool="true" />
      <window_info id="Learn" order="5" />
      <window_info id="Web" order="6" side_tool="true" />
      <window_info anchor="bottom" id="Message" order="0" />
      <window_info anchor="bottom" id="Find" order="1" />
      <window_info anchor="bottom" id="Run" order="2" />
      <window_info anchor="bottom" id="Debug" order="3" weight="0.205074" />
      <window_info anchor="bottom" id="Cvs" order="4" weight="0.25" />
      <window_info anchor="bottom" id="Inspection" order="5" weight="0.4" />
      <window_info anchor="bottom" id="TODO" order="6" />
      <window_info anchor="bottom" id="FindBugs-IDEA" order="7" />
      <window_info anchor="bottom" id="Spring" order="8" />
      <window_info anchor="bottom" id="Terminal" order="9" />
      <window_info anchor="bottom" id="Event Log" order="10" side_tool="true" />
      <window_info anchor="bottom" id="Messages" order="11" weight="0.32980973" />
      <window_info anchor="bottom" id="Problems" order="12" />
      <window_info anchor="bottom" id="Java Enterprise" order="13" />
      <window_info anchor="bottom" id="Database Changes" order="14" show_stripe_button="false" />
      <window_info anchor="bottom" id="Version Control" order="15" show_stripe_button="false" />
      <window_info anchor="bottom" id="Tail" order="16" />
      <window_info anchor="bottom" id="Build" order="17" />
      <window_info anchor="bottom" id="Services" order="18" />
      <window_info anchor="right" id="Commander" internal_type="SLIDING" order="0" type="SLIDING" weight="0.4" />
      <window_info anchor="right" id="Ant Build" order="1" weight="0.25" />
      <window_info anchor="right" content_ui="combo" id="Hierarchy" order="2" weight="0.25" />
      <window_info anchor="right" id="Palette" order="3" />
      <window_info anchor="right" id="Maven Projects" order="4" weight="0.3296875" />
      <window_info anchor="right" id="Database" order="5" />
      <window_info anchor="right" id="Palette&#9;" order="6" />
      <window_info anchor="right" id="Bean Validation" order="7" />
      <window_info anchor="right" id="Maven" order="8" visible="true" weight="0.13638785" />
      <window_info anchor="right" id="Ant" order="9" />
      <window_info anchor="right" id="Theme Preview" order="10" />
    </layout>
  </component>
  <component name="editorHistoryManager">
    <entry file="jar://L:/.m2/org/apache/shiro/shiro-core/1.4.0/shiro-core-1.4.0-sources.jar!/org/apache/shiro/subject/ExecutionException.java">
      <provider selected="true" editor-type-id="text-editor">
        <state relative-caret-position="406">
          <caret line="31" column="13" selection-start-line="31" selection-start-column="13" selection-end-line="31" selection-end-column="13" />
        </state>
      </provider>
    </entry>
    <entry file="jar://L:/.m2/org/apache/shiro/shiro-core/1.4.0/shiro-core-1.4.0-sources.jar!/org/apache/shiro/subject/PrincipalCollection.java">
      <provider selected="true" editor-type-id="text-editor">
        <state relative-caret-position="551">
          <caret line="39" column="30" selection-start-line="39" selection-start-column="30" selection-end-line="39" selection-end-column="30" />
        </state>
      </provider>
    </entry>
    <entry file="jar://L:/.m2/org/apache/shiro/shiro-core/1.4.0/shiro-core-1.4.0-sources.jar!/org/apache/shiro/util/JdbcUtils.java">
      <provider selected="true" editor-type-id="text-editor">
        <state relative-caret-position="-186">
          <caret line="82" column="68" lean-forward="true" selection-start-line="81" selection-start-column="19" selection-end-line="82" selection-end-column="68" />
        </state>
      </provider>
    </entry>
    <entry file="jar://L:/.m2/org/apache/shiro/shiro-core/1.4.0/shiro-core-1.4.0-sources.jar!/org/apache/shiro/SecurityUtils.java">
      <provider selected="true" editor-type-id="text-editor">
        <state relative-caret-position="319">
          <caret line="30" column="35" selection-start-line="30" selection-start-column="22" selection-end-line="30" selection-end-column="35" />
        </state>
      </provider>
    </entry>
    <entry file="jar://L:/.m2/org/apache/shiro/shiro-core/1.4.0/shiro-core-1.4.0.jar!/org/apache/shiro/ShiroException.class">
      <provider selected="true" editor-type-id="text-editor">
        <state relative-caret-position="116">
          <caret line="7" column="13" selection-start-line="7" selection-start-column="13" selection-end-line="7" selection-end-column="13" />
        </state>
      </provider>
    </entry>
    <entry file="jar://L:/.m2/org/apache/shiro/shiro-core/1.4.0/shiro-core-1.4.0-sources.jar!/org/apache/shiro/UnavailableSecurityManagerException.java">
      <provider selected="true" editor-type-id="text-editor">
        <state relative-caret-position="261">
          <caret line="26" column="13" selection-start-line="26" selection-start-column="13" selection-end-line="26" selection-end-column="13" />
        </state>
      </provider>
    </entry>
    <entry file="jar://L:/.m2/org/apache/shiro/shiro-core/1.4.0/shiro-core-1.4.0-sources.jar!/org/apache/shiro/util/AbstractFactory.java">
      <provider selected="true" editor-type-id="text-editor">
        <state relative-caret-position="232">
          <caret line="25" column="22" selection-start-line="25" selection-start-column="22" selection-end-line="25" selection-end-column="22" />
        </state>
      </provider>
    </entry>
    <entry file="jar://L:/.m2/org/apache/shiro/shiro-core/1.4.0/shiro-core-1.4.0-sources.jar!/org/apache/shiro/subject/Subject.java">
      <provider selected="true" editor-type-id="text-editor">
        <state relative-caret-position="-18908">
          <caret line="147" column="25" selection-start-line="147" selection-start-column="14" selection-end-line="147" selection-end-column="25" />
        </state>
      </provider>
    </entry>
    <entry file="jar://L:/.m2/org/apache/shiro/shiro-core/1.4.0/shiro-core-1.4.0-sources.jar!/org/apache/shiro/subject/SubjectContext.java">
      <provider selected="true" editor-type-id="text-editor">
        <state relative-caret-position="101">
          <caret line="95" column="29" selection-start-line="95" selection-start-column="17" selection-end-line="95" selection-end-column="29" />
        </state>
      </provider>
    </entry>
    <entry file="jar://L:/.m2/org/apache/shiro/shiro-core/1.4.0/shiro-core-1.4.0-sources.jar!/org/apache/shiro/subject/SimplePrincipalMap.java">
      <provider selected="true" editor-type-id="text-editor">
        <state relative-caret-position="112">
          <caret line="25" column="25" selection-start-line="25" selection-start-column="11" selection-end-line="25" selection-end-column="25" />
        </state>
      </provider>
    </entry>
    <entry file="jar://L:/.m2/org/apache/shiro/shiro-core/1.4.0/shiro-core-1.4.0-sources.jar!/org/apache/shiro/subject/SimplePrincipalCollection.java">
      <provider selected="true" editor-type-id="text-editor">
        <state relative-caret-position="315">
          <caret line="36" column="13" selection-start-line="36" selection-start-column="13" selection-end-line="36" selection-end-column="13" />
        </state>
      </provider>
    </entry>
    <entry file="jar://L:/.m2/org/apache/shiro/shiro-core/1.4.0/shiro-core-1.4.0-sources.jar!/org/apache/shiro/realm/jdbc/JdbcRealm.java">
      <provider selected="true" editor-type-id="text-editor">
        <state relative-caret-position="-7974">
          <caret line="102" column="32" selection-start-line="102" selection-start-column="31" selection-end-line="102" selection-end-column="32" />
        </state>
      </provider>
    </entry>
    <entry file="jar://L:/.m2/org/apache/shiro/shiro-core/1.4.0/shiro-core-1.4.0-sources.jar!/org/apache/shiro/realm/AuthenticatingRealm.java">
      <provider selected="true" editor-type-id="text-editor">
        <state relative-caret-position="471">
          <caret line="112" column="22" selection-start-line="112" selection-start-column="22" selection-end-line="112" selection-end-column="22" />
        </state>
      </provider>
    </entry>
    <entry file="jar://L:/.m2/org/apache/shiro/shiro-core/1.4.0/shiro-core-1.4.0-sources.jar!/org/apache/shiro/realm/CachingRealm.java">
      <provider selected="true" editor-type-id="text-editor">
        <state relative-caret-position="315">
          <caret line="47" column="22" selection-start-line="47" selection-start-column="22" selection-end-line="47" selection-end-column="22" />
        </state>
      </provider>
    </entry>
    <entry file="jar://L:/.m2/org/apache/shiro/shiro-core/1.4.0/shiro-core-1.4.0-sources.jar!/org/apache/shiro/realm/AuthorizingRealm.java">
      <provider selected="true" editor-type-id="text-editor">
        <state relative-caret-position="-426">
          <caret line="54" column="22" selection-start-line="54" selection-start-column="22" selection-end-line="54" selection-end-column="22" />
        </state>
      </provider>
    </entry>
    <entry file="jar://L:/.m2/org/apache/shiro/shiro-core/1.4.0/shiro-core-1.4.0-sources.jar!/org/apache/shiro/realm/RealmFactory.java">
      <provider selected="true" editor-type-id="text-editor">
        <state relative-caret-position="278">
          <caret line="36" column="17" selection-start-line="36" selection-start-column="17" selection-end-line="36" selection-end-column="17" />
        </state>
      </provider>
    </entry>
    <entry file="jar://L:/.m2/org/apache/shiro/shiro-core/1.4.0/shiro-core-1.4.0-sources.jar!/org/apache/shiro/realm/Realm.java">
      <provider selected="true" editor-type-id="text-editor">
        <state relative-caret-position="-75">
          <caret line="62" column="17" selection-start-line="62" selection-start-column="17" selection-end-line="62" selection-end-column="17" />
        </state>
      </provider>
    </entry>
    <entry file="jar://L:/.m2/org/apache/shiro/shiro-core/1.4.0/shiro-core-1.4.0-sources.jar!/org/apache/shiro/realm/SimpleAccountRealm.java">
      <provider selected="true" editor-type-id="text-editor">
        <state relative-caret-position="315">
          <caret line="50" column="13" selection-start-line="50" selection-start-column="13" selection-end-line="50" selection-end-column="13" />
        </state>
      </provider>
    </entry>
    <entry file="jar://L:/.m2/org/apache/shiro/shiro-core/1.4.0/shiro-core-1.4.0-sources.jar!/org/apache/shiro/realm/text/IniRealm.java">
      <provider selected="true" editor-type-id="text-editor">
        <state relative-caret-position="-426">
          <caret line="44" column="13" selection-start-line="44" selection-start-column="13" selection-end-line="44" selection-end-column="13" />
        </state>
      </provider>
    </entry>
    <entry file="jar://L:/.m2/org/apache/shiro/shiro-core/1.4.0/shiro-core-1.4.0-sources.jar!/org/apache/shiro/realm/text/TextConfigurationRealm.java">
      <provider selected="true" editor-type-id="text-editor">
        <state relative-caret-position="315">
          <caret line="50" column="13" selection-start-line="50" selection-start-column="13" selection-end-line="50" selection-end-column="13" />
        </state>
      </provider>
    </entry>
    <entry file="jar://L:/.m2/org/apache/shiro/shiro-core/1.4.0/shiro-core-1.4.0-sources.jar!/org/apache/shiro/authz/Permission.java">
      <provider selected="true" editor-type-id="text-editor">
        <state relative-caret-position="198">
          <caret line="65" column="17" selection-start-line="65" selection-start-column="17" selection-end-line="65" selection-end-column="17" />
        </state>
      </provider>
    </entry>
    <entry file="jar://L:/.m2/org/apache/shiro/shiro-core/1.4.0/shiro-core-1.4.0-sources.jar!/org/apache/shiro/authz/Authorizer.java">
      <provider selected="true" editor-type-id="text-editor">
        <state relative-caret-position="29">
          <caret line="47" column="17" selection-start-line="47" selection-start-column="17" selection-end-line="47" selection-end-column="17" />
        </state>
      </provider>
    </entry>
    <entry file="jar://L:/.m2/org/springframework/data/spring-data-commons/2.1.6.RELEASE/spring-data-commons-2.1.6.RELEASE.jar!/org/springframework/data/domain/Example.class">
      <provider selected="true" editor-type-id="text-editor">
        <state relative-caret-position="174">
          <caret line="9" column="17" selection-start-line="9" selection-start-column="17" selection-end-line="9" selection-end-column="17" />
        </state>
      </provider>
    </entry>
    <entry file="file://$PROJECT_DIR$/admin/src/main/java/com/linln/admin/system/controller/DictController.java">
      <provider selected="true" editor-type-id="text-editor">
        <state relative-caret-position="307">
          <caret line="53" column="43" selection-start-line="53" selection-start-column="43" selection-end-line="53" selection-end-column="43" />
        </state>
      </provider>
    </entry>
    <entry file="file://$PROJECT_DIR$/modules/system/src/main/java/com/linln/modules/system/service/DictService.java">
      <provider selected="true" editor-type-id="text-editor">
        <state relative-caret-position="224">
          <caret line="14" column="28" selection-start-line="14" selection-start-column="17" selection-end-line="14" selection-end-column="28" />
        </state>
      </provider>
    </entry>
    <entry file="file://$PROJECT_DIR$/modules/system/src/main/java/com/linln/modules/system/service/impl/ActionLogServiceImpl.java">
      <provider selected="true" editor-type-id="text-editor">
        <state relative-caret-position="232">
          <caret line="19" column="51" selection-start-line="19" selection-start-column="32" selection-end-line="19" selection-end-column="51" />
        </state>
      </provider>
    </entry>
    <entry file="file://$PROJECT_DIR$/modules/system/src/main/java/com/linln/modules/system/repository/DictRepository.java">
      <provider selected="true" editor-type-id="text-editor">
        <state relative-caret-position="232">
          <caret line="8" column="17" selection-start-line="8" selection-start-column="17" selection-end-line="8" selection-end-column="17" />
        </state>
      </provider>
    </entry>
    <entry file="file://$PROJECT_DIR$/modules/system/src/main/java/com/linln/modules/system/repository/MenuRepository.java">
      <provider selected="true" editor-type-id="text-editor">
        <state relative-caret-position="-587">
          <caret line="15" column="17" selection-start-line="15" selection-start-column="17" selection-end-line="15" selection-end-column="17" />
        </state>
      </provider>
    </entry>
    <entry file="file://$PROJECT_DIR$/modules/system/src/main/java/com/linln/modules/system/repository/RoleRepository.java">
      <provider selected="true" editor-type-id="text-editor">
        <state relative-caret-position="-817">
          <caret line="15" column="17" selection-start-line="15" selection-start-column="17" selection-end-line="15" selection-end-column="17" />
        </state>
      </provider>
    </entry>
    <entry file="file://$PROJECT_DIR$/modules/system/src/main/java/com/linln/modules/system/repository/UploadRepository.java">
      <provider selected="true" editor-type-id="text-editor">
        <state relative-caret-position="232">
          <caret line="9" column="17" selection-start-line="9" selection-start-column="17" selection-end-line="9" selection-end-column="17" />
        </state>
      </provider>
    </entry>
    <entry file="file://$PROJECT_DIR$/modules/system/src/main/java/com/linln/modules/system/repository/UserRepository.java">
      <provider selected="true" editor-type-id="text-editor">
        <state relative-caret-position="-63">
          <caret line="12" column="17" selection-start-line="12" selection-start-column="17" selection-end-line="12" selection-end-column="17" />
        </state>
      </provider>
    </entry>
    <entry file="file://$PROJECT_DIR$/modules/system/src/main/java/com/linln/modules/system/repository/ActionLogRepository.java">
      <provider selected="true" editor-type-id="text-editor">
        <state relative-caret-position="319">
          <caret line="14" column="49" selection-start-line="14" selection-start-column="27" selection-end-line="14" selection-end-column="49" />
        </state>
      </provider>
    </entry>
    <entry file="file://$PROJECT_DIR$/modules/system/src/main/java/com/linln/modules/system/repository/DeptRepository.java">
      <provider selected="true" editor-type-id="text-editor">
        <state relative-caret-position="-2">
          <caret line="13" column="17" selection-start-line="13" selection-start-column="17" selection-end-line="13" selection-end-column="17" />
        </state>
      </provider>
    </entry>
    <entry file="file://$PROJECT_DIR$/modules/system/src/main/java/com/linln/modules/system/enums/ActionLogEnum.java">
      <provider selected="true" editor-type-id="text-editor">
        <state relative-caret-position="493">
          <caret line="17" column="27" lean-forward="true" selection-start-line="17" selection-start-column="27" selection-end-line="17" selection-end-column="27" />
        </state>
      </provider>
    </entry>
    <entry file="file://$PROJECT_DIR$/modules/system/src/main/java/com/linln/modules/system/enums/DictTypeEnum.java">
      <provider selected="true" editor-type-id="text-editor">
        <state relative-caret-position="290">
          <caret line="10" column="12" selection-start-line="10" selection-start-column="12" selection-end-line="10" selection-end-column="12" />
        </state>
      </provider>
    </entry>
    <entry file="file://$APPLICATION_CONFIG_DIR$/idea64.exe.vmoptions">
      <provider selected="true" editor-type-id="text-editor">
        <state relative-caret-position="200">
          <caret line="10" column="27" lean-forward="true" selection-start-line="10" selection-start-column="27" selection-end-line="10" selection-end-column="27" />
        </state>
      </provider>
    </entry>
    <entry file="file://$PROJECT_DIR$/modules/system/src/main/java/com/linln/modules/system/enums/MenuTypeEnum.java">
      <provider selected="true" editor-type-id="text-editor">
        <state relative-caret-position="252">
          <caret line="9" column="7" lean-forward="true" selection-start-line="9" selection-start-column="7" selection-end-line="9" selection-end-column="7" />
        </state>
      </provider>
    </entry>
    <entry file="file://$PROJECT_DIR$/admin/src/main/java/com/linln/admin/system/controller/DeptController.java">
      <provider selected="true" editor-type-id="text-editor">
        <state relative-caret-position="280">
          <caret line="36" column="13" selection-start-line="36" selection-start-column="13" selection-end-line="36" selection-end-column="13" />
        </state>
      </provider>
    </entry>
    <entry file="file://$PROJECT_DIR$/admin/src/main/java/com/linln/admin/system/controller/UploadController.java">
      <provider selected="true" editor-type-id="text-editor">
        <state relative-caret-position="252">
          <caret line="24" column="13" selection-start-line="24" selection-start-column="13" selection-end-line="24" selection-end-column="13" />
        </state>
      </provider>
    </entry>
    <entry file="file://$PROJECT_DIR$/admin/src/main/java/com/linln/admin/system/controller/UserController.java">
      <provider selected="true" editor-type-id="text-editor">
        <state relative-caret-position="-188">
          <caret line="51" column="13" selection-start-line="51" selection-start-column="13" selection-end-line="51" selection-end-column="13" />
        </state>
      </provider>
    </entry>
    <entry file="file://$PROJECT_DIR$/admin/src/main/java/com/linln/admin/order/controller/OkController.java">
      <provider selected="true" editor-type-id="text-editor">
        <state relative-caret-position="-1773">
          <caret line="28" column="13" selection-start-line="28" selection-start-column="13" selection-end-line="28" selection-end-column="13" />
        </state>
      </provider>
    </entry>
    <entry file="file://$PROJECT_DIR$/common/src/main/java/com/linln/common/config/properties/ProjectProperties.java">
      <provider selected="true" editor-type-id="text-editor">
        <state relative-caret-position="-262">
          <caret line="15" column="13" selection-start-line="15" selection-start-column="13" selection-end-line="15" selection-end-column="13" />
        </state>
      </provider>
    </entry>
    <entry file="file://$PROJECT_DIR$/common/src/main/java/com/linln/common/config/XssFilterConfig.java">
      <provider selected="true" editor-type-id="text-editor">
        <state relative-caret-position="280">
          <caret line="18" column="13" selection-start-line="18" selection-start-column="13" selection-end-line="18" selection-end-column="13" />
        </state>
      </provider>
    </entry>
    <entry file="file://$PROJECT_DIR$/common/src/main/java/com/linln/common/constant/AdminConst.java">
      <provider selected="true" editor-type-id="text-editor">
        <state relative-caret-position="215">
          <caret line="10" column="12" selection-start-line="10" selection-start-column="12" selection-end-line="10" selection-end-column="12" />
        </state>
      </provider>
    </entry>
    <entry file="file://$PROJECT_DIR$/common/src/main/java/com/linln/common/constant/StatusConst.java">
      <provider selected="true" editor-type-id="text-editor">
        <state relative-caret-position="196">
          <caret line="7" column="13" selection-start-line="7" selection-start-column="13" selection-end-line="7" selection-end-column="13" />
        </state>
      </provider>
    </entry>
    <entry file="file://$PROJECT_DIR$/common/src/main/java/com/linln/common/data/PageSort.java">
      <provider selected="true" editor-type-id="text-editor">
        <state relative-caret-position="252">
          <caret line="11" column="13" selection-start-line="11" selection-start-column="13" selection-end-line="11" selection-end-column="13" />
        </state>
      </provider>
    </entry>
    <entry file="file://$PROJECT_DIR$/common/src/main/java/com/linln/common/data/QuerySpec.java">
      <provider selected="true" editor-type-id="text-editor">
        <state relative-caret-position="224">
          <caret line="22" column="13" selection-start-line="22" selection-start-column="13" selection-end-line="22" selection-end-column="13" />
        </state>
      </provider>
    </entry>
    <entry file="file://$PROJECT_DIR$/common/src/main/java/com/linln/common/data/URL.java">
      <provider selected="true" editor-type-id="text-editor">
        <state relative-caret-position="215">
          <caret line="9" column="13" selection-start-line="9" selection-start-column="13" selection-end-line="9" selection-end-column="13" />
        </state>
      </provider>
    </entry>
    <entry file="file://$PROJECT_DIR$/common/src/main/java/com/linln/common/enums/StatusEnum.java">
      <provider selected="true" editor-type-id="text-editor">
        <state relative-caret-position="718">
          <caret line="35" column="16" selection-start-line="35" selection-start-column="16" selection-end-line="35" selection-end-column="16" />
        </state>
      </provider>
    </entry>
    <entry file="file://$PROJECT_DIR$/modules/system/src/main/java/com/linln/modules/system/service/impl/RoleServiceImpl.java">
      <provider selected="true" editor-type-id="text-editor">
        <state relative-caret-position="314">
          <caret line="85" column="34" selection-start-line="85" selection-start-column="34" selection-end-line="85" selection-end-column="34" />
        </state>
      </provider>
    </entry>
    <entry file="file://$PROJECT_DIR$/modules/system/src/main/java/com/linln/modules/system/domain/Role.java">
      <provider selected="true" editor-type-id="text-editor">
        <state relative-caret-position="159">
          <caret line="48" column="35" lean-forward="true" selection-start-line="48" selection-start-column="35" selection-end-line="48" selection-end-column="35" />
        </state>
      </provider>
    </entry>
  </component>
</project>