<project version="4">
  <component name="BookmarkManager">
    <bookmark url="file://$PROJECT_DIR$/src/main/java/pri/zxx/learndemo/trancs/TranSerivce.java" line="41" />
  </component>
  <component name="FileEditorManager">
    <leaf>
      <file pinned="false" current-in-tab="true">
        <entry file="file://$PROJECT_DIR$/src/main/java/pri/zxx/LearnDemoApplication.java">
          <provider selected="true" editor-type-id="text-editor">
            <state relative-caret-position="168">
              <caret line="16" column="22" lean-forward="true" selection-start-line="16" selection-start-column="22" selection-end-line="16" selection-end-column="22" />
            </state>
          </provider>
        </entry>
      </file>
    </leaf>
  </component>
  <component name="FindInProjectRecents">
    <findStrings>
      <find>.class);</find>
      <find>import org.apache.log4j.Logger;</find>
      <find>error</find>
      <find>七里香伴奏.mp3</find>
      <find>vitas - 星星 - 维塔斯.mp3</find>
      <find>仙剑奇侠传 - 3音乐之凄凉雪.mp3</find>
      <find>02 越今朝.mp3</find>
      <find>陈勋奇 - 追忆.mp3</find>
      <find>hash()</find>
      <find>putIfAbsent</find>
      <find>任务未全部完成3回滚事务</find>
      <find>2回滚事务</find>
      <find>trim</find>
      <find>&lt;trim</find>
      <find>`</find>
      <find>Test</find>
      <find>System.out.println</find>
      <find>1-0-123456789-A</find>
      <find>获取完成状态</find>
      <find>B</find>
      <find>C</find>
      <find>1-0-123456789-B</find>
      <find>{&quot;imie&quot;: &quot;1-0-123456789&quot;, &quot;status&quot;: 1}</find>
      <find>4-0-123456789-D</find>
      <find>\n</find>
      <find>/*</find>
    </findStrings>
    <replaceStrings>
      <replace>.class.getName());</replace>
      <replace>import java.util.logging.Logger;</replace>
      <replace>warning</replace>
      <replace>put</replace>
      <replace>GetMapping</replace>
      <replace>log.warn</replace>
      <replace>C</replace>
      <replace>D</replace>
      <replace />
    </replaceStrings>
    <dirStrings>
      <dir>E:\intellj_idea_WorkSpaces\learn_demo</dir>
    </dirStrings>
  </component>
  <component name="IdeDocumentHistory">
    <option name="CHANGED_PATHS">
      <list>
        <option value="$PROJECT_DIR$/src/main/java/pri/zxx/learndemo/air/Localtions.java" />
        <option value="$PROJECT_DIR$/src/main/java/pri/zxx/learndemo/trancs/Confirmed.java" />
        <option value="$PROJECT_DIR$/src/main/java/pri/zxx/learndemo/LambdaAndStream/Lanbda_stream/StreamOperationsTest.java" />
        <option value="$PROJECT_DIR$/src/main/java/pri/zxx/learndemo/trancs/TestClient.java" />
        <option value="$PROJECT_DIR$/src/main/java/pri/zxx/learndemo/trancs/TranSerivce.java" />
        <option value="$PROJECT_DIR$/src/main/java/pri/zxx/learndemo/threademo/threadOps/concurrent/Badsyn.java" />
        <option value="$PROJECT_DIR$/src/main/java/pri/zxx/learndemo/threademo/threadOps/concurrent/BooleanLockClient.java" />
        <option value="$PROJECT_DIR$/src/main/java/pri/zxx/learndemo/threademo/threadOps/concurrent/BooleanLock.java" />
        <option value="$PROJECT_DIR$/src/main/java/pri/zxx/learndemo/threademo/javabase/classload/classinit/SingletonDemo.java" />
        <option value="$PROJECT_DIR$/src/main/java/pri/zxx/learndemo/collectionDemo/CharTest.java" />
        <option value="$PROJECT_DIR$/src/main/java/pri/zxx/shiro/shirocore/HelloWorld.java" />
        <option value="$PROJECT_DIR$/src/test/java/pri/zxx/shiro/shirocore/FeedBackControllerTest.java" />
        <option value="$PROJECT_DIR$/src/main/java/pri/zxx/shiro/shirocore/FeedBackMapper.java" />
        <option value="$PROJECT_DIR$/src/test/java/pri/zxx/shiro/shirocore/FeedBackMapperTest.java" />
        <option value="$PROJECT_DIR$/src/main/java/pri/zxx/shiro/shirocore/FeedBackController.java" />
        <option value="$PROJECT_DIR$/src/main/java/pri/zxx/shiro/shirocore/FeedBack.java" />
        <option value="$PROJECT_DIR$/src/main/java/pri/zxx/learndemo/threademo/futureTaskDemo/TestSem.java" />
        <option value="$PROJECT_DIR$/src/main/java/pri/zxx/learndemo/threademo/futureTaskDemo/SemaphoreTest.java" />
        <option value="$PROJECT_DIR$/src/main/java/pri/zxx/learndemo/threademo/futureTaskDemo/CountDownLatchTest.java" />
        <option value="$PROJECT_DIR$/src/main/java/pri/zxx/learndemo/threademo/threadOps/readwritelock/ILock/ReadWriteLock.java" />
        <option value="$PROJECT_DIR$/src/main/java/pri/zxx/learndemo/threademo/threadOps/interruptOps/InterruptThreadTest.java" />
        <option value="$PROJECT_DIR$/src/main/java/pri/zxx/learndemo/threademo/juc/RandomTest.java" />
        <option value="$PROJECT_DIR$/src/main/java/pri/zxx/webdemo/controllers/services/TestService.java" />
        <option value="$PROJECT_DIR$/src/main/java/pri/zxx/webdemo/entity/SysUser.java" />
        <option value="$PROJECT_DIR$/src/main/java/pri/zxx/webdemo/services/TestService.java" />
        <option value="$PROJECT_DIR$/src/main/java/pri/zxx/webdemo/mappers/TestMapper.java" />
        <option value="$APPLICATION_CONFIG_DIR$/scratches/LearnDemoApplication.http" />
        <option value="$PROJECT_DIR$/swaggerZuul/src/main/java/com/yunce/cloud/swagger/config/controller/SwaggerTo.java" />
        <option value="$PROJECT_DIR$/src/main/java/pri/zxx/webdemo/utils/SwaggerTo.java" />
        <option value="$PROJECT_DIR$/swaggerZuul/pom.xml" />
        <option value="$PROJECT_DIR$/swaggerZuul/src/main/java/com/yunce/cloud/swagger/config/SwaggerAutoConfiguration.java" />
        <option value="$PROJECT_DIR$/swaggerZuul/src/main/java/com/yunce/cloud/swagger/config/properties/SwaggerProperties.java" />
        <option value="$PROJECT_DIR$/src/main/java/pri/zxx/webdemo/entity/SysRole.java" />
        <option value="$PROJECT_DIR$/src/main/java/pri/zxx/nio/NioTest.java" />
        <option value="$PROJECT_DIR$/src/main/java/pri/zxx/nio/ChannelTest.java" />
        <option value="$PROJECT_DIR$/src/main/java/pri/zxx/learndemo/LambdaAndStream/Lanbda_stream/StreamProblemTest.java" />
        <option value="$PROJECT_DIR$/src/main/java/pri/zxx/webdemo/config/LogRecordAspect.java" />
        <option value="$PROJECT_DIR$/src/main/java/pri/zxx/webdemo/msg/MsgOpsTest.java" />
        <option value="$PROJECT_DIR$/src/main/java/pri/zxx/webdemo/msg/MsgOps.java" />
        <option value="$PROJECT_DIR$/src/main/java/pri/zxx/learndemo/javaIo/IOtest.java" />
        <option value="$PROJECT_DIR$/src/main/java/pri/zxx/learndemo/my/StringOpsTest.java" />
        <option value="$PROJECT_DIR$/src/main/java/pri/zxx/learndemo/nomaldemo/Test.java" />
        <option value="$PROJECT_DIR$/src/main/java/pri/zxx/learndemo/my/PicTest.java" />
        <option value="$PROJECT_DIR$/src/main/java/pri/zxx/webdemo/controllers/TestController.java" />
        <option value="$PROJECT_DIR$/src/main/java/pri/zxx/learndemo/nomaldemo/DaysTest.java" />
        <option value="$PROJECT_DIR$/src/main/java/pri/zxx/learndemo/nomaldemo/PCAction.java" />
        <option value="$PROJECT_DIR$/src/main/java/pri/zxx/learndemo/nomaldemo/PcAction.java" />
        <option value="$PROJECT_DIR$/src/main/java/pri/zxx/learndemo/my/DemoTest.java" />
        <option value="$PROJECT_DIR$/src/main/java/pri/zxx/LearnDemoApplication.java" />
        <option value="$PROJECT_DIR$/src/main/resources/application.yml" />
        <option value="$PROJECT_DIR$/pom.xml" />
      </list>
    </option>
  </component>
  <component name="MavenProjectNavigator">
    <treeState>
      <expand>
        <path>
          <item name="" type="16c1761:MavenProjectsStructure$RootNode" />
          <item name="swaggerconfig" type="9519ce18:MavenProjectsStructure$ProjectNode" />
        </path>
        <path>
          <item name="" type="16c1761:MavenProjectsStructure$RootNode" />
          <item name="swaggerconfig" type="9519ce18:MavenProjectsStructure$ProjectNode" />
          <item name="Dependencies" type="f4be9f2a:MavenProjectsStructure$DependenciesNode" />
        </path>
      </expand>
      <select />
    </treeState>
  </component>
  <component name="ProjectFrameBounds" extendedState="6">
    <option name="x" value="542" />
    <option name="y" value="214" />
    <option name="width" value="1094" />
    <option name="height" value="758" />
  </component>
  <component name="ProjectView">
    <navigator currentView="Scope" currentSubView="Scope 'Project Files'; set:Project Files; class com.intellij.psi.search.scope.ProjectFilesScope" proportions="" version="1">
      <flattenPackages Scope="false" />
      <compactDirectories Scope="true" />
      <autoscrollFromSource Scope="true" ProjectPane="true" />
      <foldersAlwaysOnTop value="true" />
    </navigator>
    <panes>
      <pane id="PackagesPane" />
      <pane id="Scope">
        <subPane subId="Scope 'Project Files'; set:Project Files; class com.intellij.psi.search.scope.ProjectFilesScope">
          <expand>
            <path>
              <item name="learn_demo" type="3d21c010:ScopeViewTreeModel$ProjectNode" />
              <item name="learn-demo" type="2674bda8:ScopeViewTreeModel$GroupNode" />
            </path>
            <path>
              <item name="learn_demo" type="3d21c010:ScopeViewTreeModel$ProjectNode" />
              <item name="learn-demo" type="2674bda8:ScopeViewTreeModel$GroupNode" />
              <item name="src" type="9f88c78c:ScopeViewTreeModel$FileNode" />
            </path>
            <path>
              <item name="learn_demo" type="3d21c010:ScopeViewTreeModel$ProjectNode" />
              <item name="learn-demo" type="2674bda8:ScopeViewTreeModel$GroupNode" />
              <item name="src" type="9f88c78c:ScopeViewTreeModel$FileNode" />
              <item name="main" type="9f88c78c:ScopeViewTreeModel$FileNode" />
            </path>
            <path>
              <item name="learn_demo" type="3d21c010:ScopeViewTreeModel$ProjectNode" />
              <item name="learn-demo" type="2674bda8:ScopeViewTreeModel$GroupNode" />
              <item name="src" type="9f88c78c:ScopeViewTreeModel$FileNode" />
              <item name="main" type="9f88c78c:ScopeViewTreeModel$FileNode" />
              <item name="java" type="9f88c78c:ScopeViewTreeModel$FileNode" />
            </path>
            <path>
              <item name="learn_demo" type="3d21c010:ScopeViewTreeModel$ProjectNode" />
              <item name="learn-demo" type="2674bda8:ScopeViewTreeModel$GroupNode" />
              <item name="src" type="9f88c78c:ScopeViewTreeModel$FileNode" />
              <item name="main" type="9f88c78c:ScopeViewTreeModel$FileNode" />
              <item name="java" type="9f88c78c:ScopeViewTreeModel$FileNode" />
              <item name="pri.zxx" type="9f88c78c:ScopeViewTreeModel$FileNode" />
            </path>
            <path>
              <item name="learn_demo" type="3d21c010:ScopeViewTreeModel$ProjectNode" />
              <item name="learn-demo" type="2674bda8:ScopeViewTreeModel$GroupNode" />
              <item name="src" type="9f88c78c:ScopeViewTreeModel$FileNode" />
              <item name="main" type="9f88c78c:ScopeViewTreeModel$FileNode" />
              <item name="java" type="9f88c78c:ScopeViewTreeModel$FileNode" />
              <item name="pri.zxx" type="9f88c78c:ScopeViewTreeModel$FileNode" />
              <item name="webdemo" type="9f88c78c:ScopeViewTreeModel$FileNode" />
            </path>
            <path>
              <item name="learn_demo" type="3d21c010:ScopeViewTreeModel$ProjectNode" />
              <item name="learn-demo" type="2674bda8:ScopeViewTreeModel$GroupNode" />
              <item name="src" type="9f88c78c:ScopeViewTreeModel$FileNode" />
              <item name="main" type="9f88c78c:ScopeViewTreeModel$FileNode" />
              <item name="resources" type="9f88c78c:ScopeViewTreeModel$FileNode" />
            </path>
          </expand>
          <select />
        </subPane>
      </pane>
      <pane id="ProjectPane">
        <subPane>
          <expand>
            <path>
              <item name="learn_demo" type="b2602c69:ProjectViewProjectNode" />
              <item name="learn_demo" type="462c0819:PsiDirectoryNode" />
            </path>
            <path>
              <item name="learn_demo" type="b2602c69:ProjectViewProjectNode" />
              <item name="learn_demo" type="462c0819:PsiDirectoryNode" />
              <item name="src" type="462c0819:PsiDirectoryNode" />
            </path>
            <path>
              <item name="learn_demo" type="b2602c69:ProjectViewProjectNode" />
              <item name="learn_demo" type="462c0819:PsiDirectoryNode" />
              <item name="src" type="462c0819:PsiDirectoryNode" />
              <item name="main" type="462c0819:PsiDirectoryNode" />
            </path>
            <path>
              <item name="learn_demo" type="b2602c69:ProjectViewProjectNode" />
              <item name="learn_demo" type="462c0819:PsiDirectoryNode" />
              <item name="src" type="462c0819:PsiDirectoryNode" />
              <item name="main" type="462c0819:PsiDirectoryNode" />
              <item name="java" type="462c0819:PsiDirectoryNode" />
            </path>
            <path>
              <item name="learn_demo" type="b2602c69:ProjectViewProjectNode" />
              <item name="learn_demo" type="462c0819:PsiDirectoryNode" />
              <item name="src" type="462c0819:PsiDirectoryNode" />
              <item name="main" type="462c0819:PsiDirectoryNode" />
              <item name="java" type="462c0819:PsiDirectoryNode" />
              <item name="zxx" type="462c0819:PsiDirectoryNode" />
            </path>
            <path>
              <item name="learn_demo" type="b2602c69:ProjectViewProjectNode" />
              <item name="learn_demo" type="462c0819:PsiDirectoryNode" />
              <item name="swaggerZuul" type="462c0819:PsiDirectoryNode" />
            </path>
          </expand>
          <select />
        </subPane>
      </pane>
    </panes>
  </component>
  <component name="TestHistory">
    <history-entry file="StringOpsTest_myTest - 2019.08.20 at 21h 51m 08s.xml">
      <configuration name="StringOpsTest.myTest" configurationId="JUnit" />
    </history-entry>
    <history-entry file="StringOpsTest_myTest - 2019.08.20 at 21h 51m 32s.xml">
      <configuration name="StringOpsTest.myTest" configurationId="JUnit" />
    </history-entry>
    <history-entry file="StringOpsTest_myTest - 2019.08.20 at 21h 52m 26s.xml">
      <configuration name="StringOpsTest.myTest" configurationId="JUnit" />
    </history-entry>
    <history-entry file="StringOpsTest_myTest - 2019.08.20 at 21h 55m 06s.xml">
      <configuration name="StringOpsTest.myTest" configurationId="JUnit" />
    </history-entry>
    <history-entry file="StringOpsTest_myTest - 2019.08.20 at 21h 56m 43s.xml">
      <configuration name="StringOpsTest.myTest" configurationId="JUnit" />
    </history-entry>
    <history-entry file="StringOpsTest_myTest - 2019.08.20 at 22h 15m 37s.xml">
      <configuration name="StringOpsTest.myTest" configurationId="JUnit" />
    </history-entry>
    <history-entry file="StringOpsTest_myTest - 2019.10.27 at 15h 01m 18s.xml">
      <configuration name="StringOpsTest.myTest" configurationId="JUnit" />
    </history-entry>
    <history-entry file="DemoTest_myTest - 2019.10.30 at 23h 02m 44s.xml">
      <configuration name="DemoTest.myTest" configurationId="JUnit" />
    </history-entry>
    <history-entry file="DemoTest_myTest - 2019.10.30 at 23h 03m 22s.xml">
      <configuration name="DemoTest.myTest" configurationId="JUnit" />
    </history-entry>
    <history-entry file="DemoTest_myTest - 2019.10.30 at 23h 05m 21s.xml">
      <configuration name="DemoTest.myTest" configurationId="JUnit" />
    </history-entry>
  </component>
  <component name="TimeTrackingManager">
    <option name="totallyTimeSpent" value="162227000" />
  </component>
  <component name="ToolWindowManager">
    <frame x="-8" y="-8" width="1936" height="1066" extended-state="6" />
    <layout>
      <window_info active="true" content_ui="combo" id="Project" order="0" sideWeight="0.493578" visible="true" weight="0.16675547" />
      <window_info id="Structure" order="1" sideWeight="0.50642204" side_tool="true" weight="0.12253596" />
      <window_info id="Designer" order="2" />
      <window_info id="UI Designer" order="3" />
      <window_info id="Favorites" order="4" sideWeight="0.50541127" side_tool="true" weight="0.21493334" />
      <window_info id="Web" order="5" sideWeight="0.50088185" side_tool="true" weight="0.2228145" />
      <window_info id="Learn" order="6" show_stripe_button="false" weight="0.32975295" />
      <window_info id="Image Layers" order="7" />
      <window_info id="Capture Tool" order="8" />
      <window_info anchor="bottom" id="Message" order="0" />
      <window_info anchor="bottom" id="Find" order="1" weight="0.32900432" />
      <window_info anchor="bottom" id="Run" order="2" weight="0.3601695" />
      <window_info anchor="bottom" id="Debug" order="3" sideWeight="0.49840087" weight="0.1875" />
      <window_info anchor="bottom" id="Cvs" order="4" weight="0.25" />
      <window_info anchor="bottom" id="Inspection" order="5" weight="0.4" />
      <window_info anchor="bottom" id="TODO" order="6" sideWeight="0.4989339" weight="0.17207792" />
      <window_info anchor="bottom" id="FindBugs-IDEA" order="7" sideWeight="0.4989339" weight="0.5487013" />
      <window_info anchor="bottom" id="Spring" order="8" sideWeight="0.49946696" weight="0.32900432" />
      <window_info anchor="bottom" id="Terminal" order="9" sideWeight="0.49946696" weight="0.32900432" />
      <window_info anchor="bottom" id="Event Log" order="10" sideWeight="0.50159913" side_tool="true" weight="0.27380952" />
      <window_info anchor="bottom" id="Messages" order="11" weight="0.3665254" />
      <window_info anchor="bottom" id="Java Enterprise" order="12" sideWeight="0.49946696" weight="0.32900432" />
      <window_info anchor="bottom" id="Database Changes" order="13" show_stripe_button="false" />
      <window_info anchor="bottom" id="Version Control" order="14" weight="0.32944915" />
      <window_info anchor="bottom" id="Tail" order="15" />
      <window_info anchor="bottom" id="Docker" order="16" show_stripe_button="false" />
      <window_info anchor="bottom" id="Build" order="17" weight="0.32944915" />
      <window_info anchor="bottom" id="Services" order="18" />
      <window_info anchor="bottom" id="Profiler" order="19" weight="0.32944915" />
      <window_info anchor="bottom" id="Inspection Results" order="20" weight="0.4915254" />
      <window_info anchor="right" id="Commander" internal_type="SLIDING" order="0" type="SLIDING" weight="0.4" />
      <window_info anchor="right" id="Ant Build" order="1" weight="0.2496" />
      <window_info anchor="right" content_ui="combo" id="Hierarchy" order="2" weight="0.25" />
      <window_info anchor="right" id="Palette" order="3" />
      <window_info anchor="right" id="Maven Projects" order="4" weight="0.3232" />
      <window_info anchor="right" id="Database" order="5" weight="0.3296" />
      <window_info anchor="right" id="Palette&#9;" order="6" />
      <window_info anchor="right" id="Bean Validation" order="7" weight="0.3296" />
      <window_info anchor="right" id="Coverage" order="8" sideWeight="0.50045496" side_tool="true" weight="0.292488" />
      <window_info anchor="right" id="Maven" order="9" sideWeight="0.49954504" visible="true" weight="0.20831114" />
      <window_info anchor="right" id="Capture Analysis" order="10" />
      <window_info anchor="right" id="Theme Preview" order="11" />
      <window_info anchor="right" id="Key Promoter X" order="12" weight="0.3296" />
      <window_info anchor="right" id="Ant" order="13" />
    </layout>
  </component>
  <component name="editorHistoryManager">
    <entry file="file://$PROJECT_DIR$/files/辐射4年度版1920x1080壁纸_彼岸图网.jpg">
      <provider selected="true" editor-type-id="images" />
    </entry>
    <entry file="file://$PROJECT_DIR$/files/log4j.properties">
      <provider selected="true" editor-type-id="text-editor" />
    </entry>
    <entry file="file://$PROJECT_DIR$/files/码云私人令牌.txt">
      <provider selected="true" editor-type-id="text-editor">
        <state>
          <caret column="33" lean-forward="true" selection-start-column="33" selection-end-column="33" />
        </state>
      </provider>
    </entry>
    <entry file="file://$PROJECT_DIR$/files/夜晚 星星 星空 梦幻 4K壁纸_彼岸图网.jpg">
      <provider selected="true" editor-type-id="images" />
    </entry>
    <entry file="jar://L:/.m2/commons-io/commons-io/2.6/commons-io-2.6.jar!/org/apache/commons/io/FileUtils.class" />
    <entry file="file://$PROJECT_DIR$/files/QQ图片20180927181736.png">
      <provider selected="true" editor-type-id="images" />
    </entry>
    <entry file="jar://L:/.m2/org/springframework/spring-core/5.0.10.RELEASE/spring-core-5.0.10.RELEASE.jar!/org/springframework/cglib/proxy/MethodProxy.class" />
    <entry file="file://$PROJECT_DIR$/src/test/java/pri/zxx/learndemo/LearnDemoApplicationTests.java">
      <provider selected="true" editor-type-id="text-editor">
        <state relative-caret-position="174">
          <caret line="9" column="13" selection-start-line="9" selection-start-column="13" selection-end-line="9" selection-end-column="13" />
        </state>
      </provider>
    </entry>
    <entry file="file://$PROJECT_DIR$/src/main/java/pri/zxx/webdemo/msg/MsgOps.java">
      <provider selected="true" editor-type-id="text-editor">
        <state relative-caret-position="2668">
          <caret line="105" column="29" selection-start-line="105" selection-start-column="29" selection-end-line="105" selection-end-column="29" />
        </state>
      </provider>
    </entry>
    <entry file="file://$PROJECT_DIR$/src/main/java/pri/zxx/webdemo/msg/MsgOpsTest.java">
      <provider selected="true" editor-type-id="text-editor">
        <state relative-caret-position="462">
          <caret line="34" column="35" selection-start-line="34" selection-start-column="35" selection-end-line="34" selection-end-column="35" />
        </state>
      </provider>
    </entry>
    <entry file="file://$PROJECT_DIR$/src/main/java/pri/zxx/learndemo/air/Localtions.java">
      <provider selected="true" editor-type-id="text-editor">
        <state relative-caret-position="-1106">
          <caret line="81" column="30" selection-start-line="81" selection-start-column="19" selection-end-line="81" selection-end-column="30" />
        </state>
      </provider>
    </entry>
    <entry file="file://$PROJECT_DIR$/src/main/java/pri/zxx/learndemo/collectionDemo/CollectionsTest.java">
      <provider selected="true" editor-type-id="text-editor">
        <state relative-caret-position="1062">
          <caret line="51" column="47" lean-forward="true" selection-start-line="51" selection-start-column="47" selection-end-line="51" selection-end-column="47" />
        </state>
      </provider>
    </entry>
    <entry file="file://$PROJECT_DIR$/src/main/java/pri/zxx/learndemo/collectionDemo/CharTest.java">
      <provider selected="true" editor-type-id="text-editor">
        <state relative-caret-position="261">
          <caret line="12" column="13" selection-start-line="12" selection-start-column="13" selection-end-line="12" selection-end-column="13" />
        </state>
      </provider>
    </entry>
    <entry file="file://$PROJECT_DIR$/src/main/java/pri/zxx/learndemo/filedinstinct/MusicDinstinct.java">
      <provider selected="true" editor-type-id="text-editor">
        <state relative-caret-position="-860">
          <caret line="14" column="13" selection-start-line="14" selection-start-column="13" selection-end-line="14" selection-end-column="13" />
        </state>
      </provider>
    </entry>
    <entry file="file://$PROJECT_DIR$/src/main/java/pri/zxx/learndemo/httpclientdemo/get/HtmlUnitRequest.java">
      <provider selected="true" editor-type-id="text-editor">
        <state relative-caret-position="143">
          <caret line="21" column="40" selection-start-line="21" selection-start-column="33" selection-end-line="21" selection-end-column="40" />
        </state>
      </provider>
    </entry>
    <entry file="file://$PROJECT_DIR$/src/main/java/pri/zxx/learndemo/httpclientdemo/get/NewsPull.java">
      <provider selected="true" editor-type-id="text-editor">
        <state relative-caret-position="261">
          <caret line="13" column="17" selection-start-line="13" selection-start-column="17" selection-end-line="13" selection-end-column="17" />
        </state>
      </provider>
    </entry>
    <entry file="file://$PROJECT_DIR$/src/main/java/pri/zxx/learndemo/httpclientdemo/get/SohuNews.java">
      <provider selected="true" editor-type-id="text-editor">
        <state relative-caret-position="261">
          <caret line="15" column="13" selection-start-line="15" selection-start-column="13" selection-end-line="15" selection-end-column="13" />
        </state>
      </provider>
    </entry>
    <entry file="file://$PROJECT_DIR$/src/main/java/pri/zxx/learndemo/httpclientdemo/get/ToutiaoNewsPuller.java">
      <provider selected="true" editor-type-id="text-editor">
        <state relative-caret-position="-285">
          <caret line="19" column="13" selection-start-line="19" selection-start-column="13" selection-end-line="19" selection-end-column="13" />
        </state>
      </provider>
    </entry>
    <entry file="file://$PROJECT_DIR$/src/main/java/pri/zxx/learndemo/httpclientdemo/CharsetDetector.java">
      <provider selected="true" editor-type-id="text-editor">
        <state relative-caret-position="290">
          <caret line="30" column="13" selection-start-line="30" selection-start-column="13" selection-end-line="30" selection-end-column="13" />
        </state>
      </provider>
    </entry>
    <entry file="file://$PROJECT_DIR$/src/main/java/pri/zxx/learndemo/httpclientdemo/HtmlUnitDemo.java">
      <provider selected="true" editor-type-id="text-editor">
        <state relative-caret-position="261">
          <caret line="16" column="13" selection-start-line="16" selection-start-column="13" selection-end-line="16" selection-end-column="13" />
        </state>
      </provider>
    </entry>
    <entry file="file://$PROJECT_DIR$/src/main/java/pri/zxx/learndemo/httpclientdemo/HttpclientDemo.java">
      <provider selected="true" editor-type-id="text-editor">
        <state relative-caret-position="261">
          <caret line="20" column="13" selection-start-line="20" selection-start-column="13" selection-end-line="20" selection-end-column="13" />
        </state>
      </provider>
    </entry>
    <entry file="file://$PROJECT_DIR$/src/main/java/pri/zxx/learndemo/httpclientdemo/JsoupDemo.java">
      <provider selected="true" editor-type-id="text-editor">
        <state relative-caret-position="261">
          <caret line="25" column="13" selection-start-line="25" selection-start-column="13" selection-end-line="25" selection-end-column="13" />
        </state>
      </provider>
    </entry>
    <entry file="file://$PROJECT_DIR$/src/main/java/pri/zxx/learndemo/smsdemo/SmsDemo.java">
      <provider selected="true" editor-type-id="text-editor">
        <state relative-caret-position="203">
          <caret line="18" column="24" selection-start-line="18" selection-start-column="3" selection-end-line="18" selection-end-column="24" />
        </state>
      </provider>
    </entry>
    <entry file="file://$PROJECT_DIR$/src/main/java/pri/zxx/webdemo/services/TestService.java">
      <provider selected="true" editor-type-id="text-editor">
        <state relative-caret-position="406">
          <caret line="18" column="18" selection-start-line="18" selection-start-column="11" selection-end-line="18" selection-end-column="18" />
        </state>
      </provider>
    </entry>
    <entry file="file://$PROJECT_DIR$/src/main/java/pri/zxx/learndemo/trancs/TestClient.java">
      <provider selected="true" editor-type-id="text-editor">
        <state relative-caret-position="73">
          <caret line="19" column="13" selection-start-line="19" selection-start-column="13" selection-end-line="19" selection-end-column="13" />
        </state>
      </provider>
    </entry>
    <entry file="file://$PROJECT_DIR$/src/main/java/pri/zxx/learndemo/redis/RedisUserMap.java">
      <provider selected="true" editor-type-id="text-editor">
        <state relative-caret-position="307">
          <caret line="23" column="13" selection-start-line="23" selection-start-column="13" selection-end-line="23" selection-end-column="13" />
        </state>
      </provider>
    </entry>
    <entry file="file://$PROJECT_DIR$/src/main/java/pri/zxx/learndemo/redis/Test.java">
      <provider selected="true" editor-type-id="text-editor">
        <state relative-caret-position="-122">
          <caret line="21" column="13" selection-start-line="21" selection-start-column="13" selection-end-line="21" selection-end-column="13" />
        </state>
      </provider>
    </entry>
    <entry file="file://$PROJECT_DIR$/src/main/java/pri/zxx/learndemo/my/StringOpsTest.java">
      <provider selected="true" editor-type-id="text-editor">
        <state relative-caret-position="247">
          <caret line="16" column="49" lean-forward="true" selection-start-line="16" selection-start-column="49" selection-end-line="16" selection-end-column="49" />
        </state>
      </provider>
    </entry>
    <entry file="file://$PROJECT_DIR$/logs/log.log.2019-06-16.7.gz" />
    <entry file="file://$PROJECT_DIR$/src/main/java/pri/zxx/learndemo/nomaldemo/DaysTest.java">
      <provider selected="true" editor-type-id="text-editor">
        <state relative-caret-position="101">
          <caret line="14" column="14" selection-start-line="14" selection-start-column="14" selection-end-line="14" selection-end-column="14" />
        </state>
      </provider>
    </entry>
    <entry file="file://$PROJECT_DIR$/src/main/java/pri/zxx/learndemo/nomaldemo/Test.java">
      <provider selected="true" editor-type-id="text-editor">
        <state relative-caret-position="84">
          <caret line="3" column="19" lean-forward="true" selection-start-line="3" selection-start-column="19" selection-end-line="3" selection-end-column="19" />
        </state>
      </provider>
    </entry>
    <entry file="file://$PROJECT_DIR$/src/main/java/pri/zxx/learndemo/noused/SitesConfigJTDao.java">
      <provider selected="true" editor-type-id="text-editor" />
    </entry>
    <entry file="file://$PROJECT_DIR$/src/main/java/pri/zxx/learndemo/my/PicTest.java">
      <provider selected="true" editor-type-id="text-editor">
        <state relative-caret-position="168">
          <caret line="30" column="4" lean-forward="true" selection-start-line="30" selection-start-column="4" selection-end-line="37" selection-end-column="7" />
        </state>
      </provider>
    </entry>
    <entry file="file://$PROJECT_DIR$/src/main/java/pri/zxx/learndemo/my/HtmlLabelTest.java">
      <provider selected="true" editor-type-id="text-editor">
        <state relative-caret-position="28">
          <caret line="19" column="5" selection-start-line="19" selection-start-column="5" selection-end-line="19" selection-end-column="5" />
        </state>
      </provider>
    </entry>
    <entry file="file://$PROJECT_DIR$/src/main/java/pri/zxx/learndemo/my/EnumTest.java">
      <provider selected="true" editor-type-id="text-editor">
        <state relative-caret-position="952">
          <caret line="38" column="5" lean-forward="true" selection-start-line="38" selection-start-column="5" selection-end-line="38" selection-end-column="5" />
        </state>
      </provider>
    </entry>
    <entry file="file://$PROJECT_DIR$/src/main/java/pri/zxx/learndemo/my/HashSetTest.java">
      <provider selected="true" editor-type-id="text-editor">
        <state relative-caret-position="196">
          <caret line="11" column="37" selection-start-line="11" selection-start-column="37" selection-end-line="11" selection-end-column="37" />
        </state>
      </provider>
    </entry>
    <entry file="file://$PROJECT_DIR$/src/main/resources/shiro.ini">
      <provider selected="true" editor-type-id="text-editor" />
    </entry>
    <entry file="file://$PROJECT_DIR$/src/main/java/pri/zxx/learndemo/my/DemoTest.java">
      <provider selected="true" editor-type-id="text-editor">
        <state relative-caret-position="560">
          <caret line="28" column="32" selection-start-line="28" selection-start-column="32" selection-end-line="28" selection-end-column="32" />
        </state>
      </provider>
    </entry>
    <entry file="file://$PROJECT_DIR$/src/main/java/pri/zxx/learndemo/nomaldemo/PcAction.java">
      <provider selected="true" editor-type-id="text-editor">
        <state relative-caret-position="-521">
          <caret line="13" column="34" lean-forward="true" selection-start-line="13" selection-start-column="34" selection-end-line="13" selection-end-column="34" />
          <folding>
            <element signature="imports" expanded="true" />
            <element signature="docComment;class#PcAction#0" expanded="true" />
          </folding>
        </state>
      </provider>
    </entry>
    <entry file="file://$PROJECT_DIR$/src/main/resources/banner.txt">
      <provider selected="true" editor-type-id="text-editor" />
    </entry>
    <entry file="file://$PROJECT_DIR$/src/main/resources/application.yml">
      <provider selected="true" editor-type-id="text-editor">
        <state relative-caret-position="360">
          <caret line="39" column="18" selection-start-line="39" selection-start-column="18" selection-end-line="39" selection-end-column="18" />
        </state>
      </provider>
    </entry>
    <entry file="file://$PROJECT_DIR$/src/main/java/pri/zxx/nio/NioTest.java">
      <provider selected="true" editor-type-id="text-editor">
        <state relative-caret-position="184">
          <caret line="16" column="1" selection-start-line="16" selection-start-column="1" selection-end-line="16" selection-end-column="1" />
        </state>
      </provider>
    </entry>
    <entry file="file://$PROJECT_DIR$/src/main/java/pri/zxx/webdemo/config/LogRecordAspect.java">
      <provider selected="true" editor-type-id="text-editor">
        <state relative-caret-position="887">
          <caret line="66" column="25" selection-start-line="66" selection-start-column="25" selection-end-line="66" selection-end-column="25" />
        </state>
      </provider>
    </entry>
    <entry file="file://$PROJECT_DIR$/src/main/java/pri/zxx/webdemo/controllers/TestController.java">
      <provider selected="true" editor-type-id="text-editor">
        <state relative-caret-position="-1764">
          <caret line="94" column="46" selection-start-line="94" selection-start-column="46" selection-end-line="94" selection-end-column="46" />
        </state>
      </provider>
    </entry>
    <entry file="file://$PROJECT_DIR$/swaggerZuul/pom.xml">
      <provider selected="true" editor-type-id="text-editor">
        <state relative-caret-position="450">
          <caret line="30" column="55" lean-forward="true" selection-start-line="30" selection-start-column="55" selection-end-line="30" selection-end-column="55" />
        </state>
      </provider>
    </entry>
    <entry file="file://$PROJECT_DIR$/src/main/java/pri/zxx/learndemo/javaIo/IOtest.java">
      <provider selected="true" editor-type-id="text-editor">
        <state relative-caret-position="140">
          <caret line="9" column="13" selection-start-line="9" selection-start-column="13" selection-end-line="9" selection-end-column="13" />
        </state>
      </provider>
    </entry>
    <entry file="file://$PROJECT_DIR$/src/main/java/pri/zxx/learndemo/javaIo/IoOps.java">
      <provider selected="true" editor-type-id="text-editor">
        <state relative-caret-position="448">
          <caret line="27" column="33" lean-forward="true" selection-start-line="27" selection-start-column="33" selection-end-line="27" selection-end-column="33" />
        </state>
      </provider>
    </entry>
    <entry file="file://$PROJECT_DIR$/src/main/java/pri/zxx/learndemo/springsourcedemo/resource/SpringResourceTest.java">
      <provider selected="true" editor-type-id="text-editor">
        <state relative-caret-position="238">
          <caret line="47" column="5" selection-start-line="47" selection-start-column="5" selection-end-line="47" selection-end-column="5" />
        </state>
      </provider>
    </entry>
    <entry file="file://$PROJECT_DIR$/pom.xml">
      <provider selected="true" editor-type-id="text-editor">
        <state relative-caret-position="4284">
          <caret line="153" column="26" selection-start-line="153" selection-start-column="26" selection-end-line="153" selection-end-column="26" />
        </state>
      </provider>
    </entry>
    <entry file="file://$PROJECT_DIR$/src/gitTest.txt">
      <provider selected="true" editor-type-id="text-editor" />
    </entry>
    <entry file="file://$PROJECT_DIR$/src/main/java/pri/zxx/LearnDemoApplication.java">
      <provider selected="true" editor-type-id="text-editor">
        <state relative-caret-position="168">
          <caret line="16" column="22" lean-forward="true" selection-start-line="16" selection-start-column="22" selection-end-line="16" selection-end-column="22" />
        </state>
      </provider>
    </entry>
  </component>
</project>