<project version="4">
  <component name="FileEditorManager">
    <leaf>
      <file pinned="false" current-in-tab="false">
        <entry file="file://$PROJECT_DIR$/src/main/java/pri/zxx/learndemo/threademo/ThraedLocalTest.java">
          <provider selected="true" editor-type-id="text-editor">
            <state relative-caret-position="286">
              <caret line="13" selection-start-line="13" selection-end-line="13" />
              <folding>
                <element signature="docComment;class#ThraedLocalTest#0" expanded="true" />
              </folding>
            </state>
          </provider>
        </entry>
      </file>
      <file pinned="false" current-in-tab="false">
        <entry file="file://$PROJECT_DIR$/src/main/java/pri/zxx/shiro/shirocore/HelloWorld.java">
          <provider selected="true" editor-type-id="text-editor">
            <state relative-caret-position="110">
              <caret line="14" column="13" selection-start-line="14" selection-start-column="13" selection-end-line="14" selection-end-column="13" />
            </state>
          </provider>
        </entry>
      </file>
      <file pinned="false" current-in-tab="false">
        <entry file="file://$PROJECT_DIR$/src/main/java/pri/zxx/learndemo/transction/Confirmed.java">
          <provider selected="true" editor-type-id="text-editor">
            <state relative-caret-position="132">
              <caret line="10" column="13" selection-start-line="10" selection-start-column="13" selection-end-line="10" selection-end-column="13" />
            </state>
          </provider>
        </entry>
      </file>
      <file pinned="false" current-in-tab="false">
        <entry file="file://$PROJECT_DIR$/src/main/java/pri/zxx/learndemo/localUtils/LocalDateUtil.java">
          <provider selected="true" editor-type-id="text-editor">
            <state relative-caret-position="224">
              <caret line="23" selection-start-line="23" selection-end-line="23" />
            </state>
          </provider>
        </entry>
      </file>
      <file pinned="false" current-in-tab="false">
        <entry file="file://$PROJECT_DIR$/src/main/java/pri/zxx/learndemo/localUtils/ComputeUtil.java">
          <provider selected="true" editor-type-id="text-editor">
            <state relative-caret-position="-891">
              <caret line="10" column="13" selection-start-line="10" selection-start-column="13" selection-end-line="10" selection-end-column="13" />
            </state>
          </provider>
        </entry>
      </file>
      <file pinned="false" current-in-tab="false">
        <entry file="file://$PROJECT_DIR$/src/main/java/pri/zxx/learndemo/localUtils/LocalPeriod.java">
          <provider selected="true" editor-type-id="text-editor">
            <state relative-caret-position="-333">
              <caret line="63" column="56" selection-start-line="63" selection-start-column="47" selection-end-line="63" selection-end-column="56" />
            </state>
          </provider>
        </entry>
      </file>
      <file pinned="false" current-in-tab="true">
        <entry file="file://$PROJECT_DIR$/pom.xml">
          <provider selected="true" editor-type-id="text-editor">
            <state relative-caret-position="22">
              <caret line="17" column="28" selection-start-line="17" selection-start-column="20" selection-end-line="17" selection-end-column="28" />
            </state>
          </provider>
        </entry>
      </file>
    </leaf>
  </component>
  <component name="FindInProjectRecents">
    <findStrings>
      <find>add</find>
      <find>remove</find>
      <find>trim</find>
      <find>,</find>
      <find>SQLException</find>
      <find>log.info</find>
      <find>yyyy</find>
      <find>start</find>
      <find>pre_end</find>
    </findStrings>
    <replaceStrings>
      <replace>&quot;,&quot;</replace>
      <replace>System.out.println</replace>
      <replace>localPre_end</replace>
    </replaceStrings>
  </component>
  <component name="IdeDocumentHistory">
    <option name="CHANGED_PATHS">
      <list>
        <option value="$PROJECT_DIR$/src/main/java/pri/zxx/learndemo/threads/providerAndConsumer/utils/IGenerator.java" />
        <option value="$PROJECT_DIR$/src/main/java/pri/zxx/learndemo/threads/providerAndConsumer/utils/IParesProcess.java" />
        <option value="$PROJECT_DIR$/src/main/java/pri/zxx/learndemo/threads/providerAndConsumer/FetcherState.java" />
        <option value="$PROJECT_DIR$/src/main/java/pri/zxx/learndemo/threads/providerAndConsumer/FetchQueue.java" />
        <option value="$PROJECT_DIR$/src/main/java/pri/zxx/learndemo/threads/providerAndConsumer/QueueFeeder.java" />
        <option value="$PROJECT_DIR$/src/main/java/pri/zxx/learndemo/threads/providerAndConsumer/FetcherThread.java" />
        <option value="$PROJECT_DIR$/src/main/java/pri/zxx/learndemo/threads/providerAndConsumer/FetcherProcess.java" />
        <option value="$PROJECT_DIR$/src/main/java/pri/zxx/learndemo/exceptionHandle/MyExceptionHandle.java" />
        <option value="$PROJECT_DIR$/src/main/java/pri/zxx/learndemo/exceptionHandle/GlobalExceptionHandle.java" />
        <option value="$PROJECT_DIR$/src/main/java/pri/zxx/learndemo/datasource/C3poDataSourceConfig.java" />
        <option value="$APPLICATION_CONFIG_DIR$/idea64.exe.vmoptions" />
        <option value="$PROJECT_DIR$/src/main/java/pri/zxx/learndemo/quartzdemo/demo1/Dumb.java" />
        <option value="$PROJECT_DIR$/src/main/java/pri/zxx/learndemo/quartzdemo/demo1/QuartzTestDemo.java" />
        <option value="$PROJECT_DIR$/src/main/java/pri/zxx/learndemo/justTest/PicTest.java" />
        <option value="$PROJECT_DIR$/src/main/java/pri/zxx/webdemo/quartzdemo/demo1/JobFactoryImp.java" />
        <option value="$PROJECT_DIR$/src/main/java/pri/zxx/learndemo/threademo/threadOps/jointhread/Test.java" />
        <option value="$PROJECT_DIR$/src/main/java/pri/zxx/learndemo/air/Localtions.java" />
        <option value="$PROJECT_DIR$/src/main/java/pri/zxx/learndemo/designmodels/sigleres/SigleResponesibility.java" />
        <option value="$PROJECT_DIR$/src/main/java/pri/zxx/learndemo/designmodels/rules/SigleResponesibility.java" />
        <option value="$PROJECT_DIR$/src/main/java/pri/zxx/learndemo/leetcode/UniqueStr.java" />
        <option value="$PROJECT_DIR$/src/main/java/pri/zxx/learndemo/leetcode/SumReverse.java" />
        <option value="$PROJECT_DIR$/src/main/java/pri/zxx/learndemo/leetcode/Test4_15.java" />
        <option value="$PROJECT_DIR$/src/main/java/pri/zxx/webdemo/utils/TestNum.java" />
        <option value="$PROJECT_DIR$/src/main/java/pri/zxx/webdemo/entity/AlarmMessageDto.java" />
        <option value="$PROJECT_DIR$/src/main/java/pri/zxx/webdemo/controllers/HashTestControoler.java" />
        <option value="$PROJECT_DIR$/src/main/java/pri/zxx/myaopdemo/aops/MyInvocationHandlerMybatis.java" />
        <option value="$PROJECT_DIR$/src/main/java/pri/zxx/webdemo/config/LogRecordAspect.java" />
        <option value="$PROJECT_DIR$/src/main/java/pri/zxx/learndemo/leetcode/SumTarget.java" />
        <option value="$PROJECT_DIR$/src/main/java/pri/zxx/learndemo/javabase/sortprogram/SortPrograms.java" />
        <option value="$PROJECT_DIR$/src/main/java/pri/zxx/socketdemo/ServerSocketTest.java" />
        <option value="$PROJECT_DIR$/src/main/java/pri/zxx/learndemo/designmodels/sevensigleton/FirstSingleton.java" />
        <option value="$PROJECT_DIR$/src/main/java/pri/zxx/webdemo/utils/ActivityExportServiceImpl.java" />
        <option value="$PROJECT_DIR$/src/main/java/pri/zxx/webdemo/utils/ExportBaseService.java" />
        <option value="$PROJECT_DIR$/src/main/java/pri/zxx/webdemo/utils/poi/entity/ExportRow.java" />
        <option value="$PROJECT_DIR$/src/main/java/pri/zxx/webdemo/utils/poi/ActivityExportServiceImpl.java" />
        <option value="$PROJECT_DIR$/src/main/java/pri/zxx/webdemo/utils/poi/ExportBaseService.java" />
        <option value="$PROJECT_DIR$/src/main/java/pri/zxx/webdemo/utils/poi/entity/ExportHeader.java" />
        <option value="$PROJECT_DIR$/src/main/java/pri/zxx/webdemo/utils/poi/entity/PointListHeader.java" />
        <option value="$PROJECT_DIR$/src/main/docker/DockerFile" />
        <option value="$PROJECT_DIR$/src/main/docker/Dockerfile" />
        <option value="$PROJECT_DIR$/pom.xml" />
        <option value="$PROJECT_DIR$/src/main/resources/application.yml" />
        <option value="$PROJECT_DIR$/src/main/resources/bootstrap-back.yml" />
        <option value="$PROJECT_DIR$/src/main/resources/application-back.yml" />
        <option value="$PROJECT_DIR$/src/main/java/pri/zxx/learndemo/leetcode/Solution.java" />
        <option value="$PROJECT_DIR$/src/main/java/pri/zxx/learndemo/lambdaandstream/newTimeApi/DateUtil.java" />
        <option value="$PROJECT_DIR$/src/main/java/pri/zxx/learndemo/lambdaandstream/newTimeApi/Period.java" />
        <option value="$PROJECT_DIR$/src/main/java/pri/zxx/learndemo/threademo/ThraedLocalTest.java" />
        <option value="$PROJECT_DIR$/src/main/java/pri/zxx/learndemo/math/BigDecimalTest.java" />
        <option value="$PROJECT_DIR$/src/main/java/pri/zxx/learndemo/localUtils/ActivityUtil.java" />
        <option value="$PROJECT_DIR$/src/main/java/pri/zxx/learndemo/localUtils/LocalPeriod.java" />
      </list>
    </option>
  </component>
  <component name="MavenProjectNavigator">
    <treeState>
      <expand>
        <path>
          <item name="" type="16c1761:MavenProjectsStructure$RootNode" />
          <item name="learn-demo" type="9519ce18:MavenProjectsStructure$ProjectNode" />
        </path>
        <path>
          <item name="" type="16c1761:MavenProjectsStructure$RootNode" />
          <item name="learn-demo" type="9519ce18:MavenProjectsStructure$ProjectNode" />
          <item name="Lifecycle" type="58874e2:MavenProjectsStructure$LifecycleNode" />
        </path>
        <path>
          <item name="" type="16c1761:MavenProjectsStructure$RootNode" />
          <item name="swaggerconfig" type="9519ce18:MavenProjectsStructure$ProjectNode" />
        </path>
        <path>
          <item name="" type="16c1761:MavenProjectsStructure$RootNode" />
          <item name="swaggerconfig" type="9519ce18:MavenProjectsStructure$ProjectNode" />
          <item name="Dependencies" type="f4be9f2a:MavenProjectsStructure$DependenciesNode" />
        </path>
      </expand>
      <select />
    </treeState>
  </component>
  <component name="ProjectFrameBounds" extendedState="6">
    <option name="x" value="1912" />
    <option name="y" value="-8" />
    <option name="width" value="1936" />
    <option name="height" value="1066" />
  </component>
  <component name="ProjectView">
    <navigator proportions="" version="1">
      <sortByType Scope="true" />
      <foldersAlwaysOnTop value="true" />
    </navigator>
    <panes>
      <pane id="PackagesPane" />
      <pane id="ProjectPane">
        <subPane>
          <expand>
            <path>
              <item name="learn-demo" type="b2602c69:ProjectViewProjectNode" />
              <item name="learn_demo" type="462c0819:PsiDirectoryNode" />
            </path>
            <path>
              <item name="learn-demo" type="b2602c69:ProjectViewProjectNode" />
              <item name="learn_demo" type="462c0819:PsiDirectoryNode" />
              <item name="swaggerZuul" type="462c0819:PsiDirectoryNode" />
            </path>
            <path>
              <item name="learn-demo" type="b2602c69:ProjectViewProjectNode" />
              <item name="learn_demo" type="462c0819:PsiDirectoryNode" />
              <item name="xml" type="462c0819:PsiDirectoryNode" />
            </path>
          </expand>
          <select />
        </subPane>
      </pane>
      <pane id="Scope">
        <subPane subId="Scope 'Project Files'; set:Project Files; class com.intellij.psi.search.scope.ProjectFilesScope">
          <expand>
            <path>
              <item name="learn-demo" type="3d21c010:ScopeViewTreeModel$ProjectNode" />
              <item name="learn-demo" type="2674bda8:ScopeViewTreeModel$GroupNode" />
            </path>
            <path>
              <item name="learn-demo" type="3d21c010:ScopeViewTreeModel$ProjectNode" />
              <item name="learn-demo" type="2674bda8:ScopeViewTreeModel$GroupNode" />
              <item name="src" type="9f88c78c:ScopeViewTreeModel$FileNode" />
            </path>
            <path>
              <item name="learn-demo" type="3d21c010:ScopeViewTreeModel$ProjectNode" />
              <item name="learn-demo" type="2674bda8:ScopeViewTreeModel$GroupNode" />
              <item name="src" type="9f88c78c:ScopeViewTreeModel$FileNode" />
              <item name="main" type="9f88c78c:ScopeViewTreeModel$FileNode" />
            </path>
            <path>
              <item name="learn-demo" type="3d21c010:ScopeViewTreeModel$ProjectNode" />
              <item name="learn-demo" type="2674bda8:ScopeViewTreeModel$GroupNode" />
              <item name="src" type="9f88c78c:ScopeViewTreeModel$FileNode" />
              <item name="main" type="9f88c78c:ScopeViewTreeModel$FileNode" />
              <item name="java" type="9f88c78c:ScopeViewTreeModel$FileNode" />
            </path>
            <path>
              <item name="learn-demo" type="3d21c010:ScopeViewTreeModel$ProjectNode" />
              <item name="learn-demo" type="2674bda8:ScopeViewTreeModel$GroupNode" />
              <item name="src" type="9f88c78c:ScopeViewTreeModel$FileNode" />
              <item name="main" type="9f88c78c:ScopeViewTreeModel$FileNode" />
              <item name="java" type="9f88c78c:ScopeViewTreeModel$FileNode" />
              <item name="pri.zxx" type="9f88c78c:ScopeViewTreeModel$FileNode" />
            </path>
            <path>
              <item name="learn-demo" type="3d21c010:ScopeViewTreeModel$ProjectNode" />
              <item name="learn-demo" type="2674bda8:ScopeViewTreeModel$GroupNode" />
              <item name="src" type="9f88c78c:ScopeViewTreeModel$FileNode" />
              <item name="main" type="9f88c78c:ScopeViewTreeModel$FileNode" />
              <item name="java" type="9f88c78c:ScopeViewTreeModel$FileNode" />
              <item name="pri.zxx" type="9f88c78c:ScopeViewTreeModel$FileNode" />
              <item name="learndemo" type="9f88c78c:ScopeViewTreeModel$FileNode" />
            </path>
            <path>
              <item name="learn-demo" type="3d21c010:ScopeViewTreeModel$ProjectNode" />
              <item name="learn-demo" type="2674bda8:ScopeViewTreeModel$GroupNode" />
              <item name="src" type="9f88c78c:ScopeViewTreeModel$FileNode" />
              <item name="main" type="9f88c78c:ScopeViewTreeModel$FileNode" />
              <item name="java" type="9f88c78c:ScopeViewTreeModel$FileNode" />
              <item name="pri.zxx" type="9f88c78c:ScopeViewTreeModel$FileNode" />
              <item name="nio" type="9f88c78c:ScopeViewTreeModel$FileNode" />
            </path>
            <path>
              <item name="learn-demo" type="3d21c010:ScopeViewTreeModel$ProjectNode" />
              <item name="learn-demo" type="2674bda8:ScopeViewTreeModel$GroupNode" />
              <item name="src" type="9f88c78c:ScopeViewTreeModel$FileNode" />
              <item name="main" type="9f88c78c:ScopeViewTreeModel$FileNode" />
              <item name="java" type="9f88c78c:ScopeViewTreeModel$FileNode" />
              <item name="pri.zxx" type="9f88c78c:ScopeViewTreeModel$FileNode" />
              <item name="shiro.shirocore" type="9f88c78c:ScopeViewTreeModel$FileNode" />
            </path>
            <path>
              <item name="learn-demo" type="3d21c010:ScopeViewTreeModel$ProjectNode" />
              <item name="learn-demo" type="2674bda8:ScopeViewTreeModel$GroupNode" />
              <item name="src" type="9f88c78c:ScopeViewTreeModel$FileNode" />
              <item name="main" type="9f88c78c:ScopeViewTreeModel$FileNode" />
              <item name="java" type="9f88c78c:ScopeViewTreeModel$FileNode" />
              <item name="pri.zxx" type="9f88c78c:ScopeViewTreeModel$FileNode" />
              <item name="socketdemo" type="9f88c78c:ScopeViewTreeModel$FileNode" />
            </path>
          </expand>
          <select />
        </subPane>
      </pane>
    </panes>
  </component>
  <component name="TestHistory">
    <history-entry file="CollectionsTest_myTest2 - 2019.12.06 at 23h 05m 48s.xml">
      <configuration name="CollectionsTest.myTest2" configurationId="JUnit" />
    </history-entry>
    <history-entry file="CollectionsTest_myTest2 - 2019.12.06 at 23h 06m 22s.xml">
      <configuration name="CollectionsTest.myTest2" configurationId="JUnit" />
    </history-entry>
    <history-entry file="CollectionsTest_myTest2 - 2019.12.06 at 23h 06m 45s.xml">
      <configuration name="CollectionsTest.myTest2" configurationId="JUnit" />
    </history-entry>
    <history-entry file="TimeApiTest_test2 - 2019.12.06 at 23h 13m 18s.xml">
      <configuration name="TimeApiTest.test2" configurationId="JUnit" />
    </history-entry>
    <history-entry file="TimeApiTest_instantDemo - 2019.12.06 at 23h 14m 16s.xml">
      <configuration name="TimeApiTest.instantDemo" configurationId="JUnit" />
    </history-entry>
    <history-entry file="TimeApiTest_test2 - 2019.12.06 at 23h 15m 06s.xml">
      <configuration name="TimeApiTest.test2" configurationId="JUnit" />
    </history-entry>
    <history-entry file="TimeApiTest_instantDemo - 2019.12.06 at 23h 16m 13s.xml">
      <configuration name="TimeApiTest.instantDemo" configurationId="JUnit" />
    </history-entry>
    <history-entry file="TimeApiTest_test - 2019.12.06 at 23h 17m 06s.xml">
      <configuration name="TimeApiTest.test" configurationId="JUnit" />
    </history-entry>
    <history-entry file="StreamOperationsTest_createTest - 2019.12.06 at 23h 19m 52s.xml">
      <configuration name="StreamOperationsTest.createTest" configurationId="JUnit" />
    </history-entry>
    <history-entry file="StreamOperationsTest_stopOpe - 2019.12.06 at 23h 20m 22s.xml">
      <configuration name="StreamOperationsTest.stopOpe" configurationId="JUnit" />
    </history-entry>
  </component>
  <component name="TimeTrackingManager">
    <option name="totallyTimeSpent" value="145932000" />
  </component>
  <component name="TodoView">
    <todo-panel id="selected-file">
      <is-autoscroll-to-source value="true" />
    </todo-panel>
    <todo-panel id="all">
      <are-packages-shown value="true" />
      <is-autoscroll-to-source value="true" />
    </todo-panel>
  </component>
  <component name="ToolWindowManager">
    <frame x="1912" y="-8" width="1936" height="1066" extended-state="6" />
    <editor active="true" />
    <layout>
      <window_info active="true" content_ui="combo" id="Project" order="0" sideWeight="0.4973262" visible="true" weight="0.21620172" />
      <window_info x="767" y="53" width="386" height="944" id="Structure" order="1" sideWeight="0.5026738" side_tool="true" weight="0.24986681" />
      <window_info id="Favorites" order="2" sideWeight="0.5005291" side_tool="true" weight="0.2514651" />
      <window_info id="Web" order="3" side_tool="true" />
      <window_info anchor="bottom" id="Message" order="0" />
      <window_info anchor="bottom" id="Find" order="1" weight="0.32939914" />
      <window_info anchor="bottom" id="Run" order="2" weight="0.44313306" />
      <window_info anchor="bottom" id="Debug" order="3" sideWeight="0.49892703" weight="0.42703864" />
      <window_info anchor="bottom" id="Cvs" order="4" weight="0.25" />
      <window_info anchor="bottom" id="Inspection" order="5" weight="0.4" />
      <window_info anchor="bottom" id="TODO" order="6" weight="0.32911393" />
      <window_info anchor="bottom" id="Build" order="7" weight="0.32944915" />
      <window_info anchor="bottom" id="Messages" order="8" weight="0.37875536" />
      <window_info anchor="bottom" id="Spring" order="9" />
      <window_info anchor="bottom" id="Terminal" order="10" weight="0.32900432" />
      <window_info anchor="bottom" id="Event Log" order="11" sideWeight="0.50107294" side_tool="true" weight="0.33154505" />
      <window_info anchor="bottom" id="Problems" order="12" weight="0.32944915" />
      <window_info anchor="bottom" id="Java Enterprise" order="13" weight="0.32900432" />
      <window_info anchor="bottom" id="Services" order="14" weight="0.38185653" />
      <window_info anchor="bottom" id="Database Changes" order="15" show_stripe_button="false" />
      <window_info anchor="bottom" id="Version Control" order="16" sideWeight="0.49973363" weight="0.48701298" />
      <window_info anchor="bottom" id="Tail" order="17" />
      <window_info anchor="bottom" id="Duplicates" order="18" weight="0.32911393" />
      <window_info anchor="bottom" id="Run with VisualVM" order="19" />
      <window_info anchor="bottom" id="Debug with VisualVM" order="20" />
      <window_info anchor="right" id="Commander" internal_type="SLIDING" order="0" type="SLIDING" weight="0.4" />
      <window_info anchor="right" id="Ant Build" order="1" weight="0.25" />
      <window_info anchor="right" content_ui="combo" id="Hierarchy" order="2" weight="0.25" />
      <window_info anchor="right" id="Maven" order="3" weight="0.14914162" />
      <window_info anchor="right" id="Ant" order="4" weight="0.32995737" />
      <window_info anchor="right" id="Database" order="5" weight="0.32995737" />
      <window_info anchor="right" id="Theme Preview" order="6" />
      <window_info anchor="right" id="Bean Validation" order="7" weight="0.32942432" />
      <window_info anchor="right" id="Key Promoter X" order="8" weight="0.32995737" />
      <window_info anchor="right" id="Json Parser" order="9" />
      <window_info anchor="right" id="JSON Utils" order="10" weight="0.2185501" />
      <window_info anchor="right" id="Coverage" order="11" side_tool="true" weight="0.32978156" />
    </layout>
  </component>
  <component name="antWorkspaceConfiguration">
    <option name="IS_AUTOSCROLL_TO_SOURCE" value="false" />
    <option name="FILTER_TARGETS" value="false" />
  </component>
  <component name="editorHistoryManager">
    <entry file="file://$PROJECT_DIR$/src/main/java/pri/zxx/learndemo/leetcode/Solution.java" />
    <entry file="jar://D:/web_softs/jdk1.8/jdk/src.zip!/java/lang/Enum.java">
      <provider selected="true" editor-type-id="text-editor">
        <state relative-caret-position="450">
          <caret line="101" column="21" selection-start-line="101" selection-start-column="21" selection-end-line="101" selection-end-column="21" />
        </state>
      </provider>
    </entry>
    <entry file="file://$PROJECT_DIR$/src/main/java/pri/zxx/learndemo/lambdaandstream/newTimeApi/DateUtil.java">
      <provider selected="true" editor-type-id="text-editor">
        <state relative-caret-position="358">
          <caret line="81" column="30" selection-start-line="81" selection-start-column="30" selection-end-line="81" selection-end-column="30" />
          <folding>
            <element signature="imports" expanded="true" />
            <element signature="docComment;method#dateTimeParse#0;class#DateUtil#0" expanded="true" />
            <element signature="docComment;method#transferToDate#0;class#DateUtil#0" expanded="true" />
            <element signature="docComment;method#transferToLDT#0;class#DateUtil#0" expanded="true" />
            <element signature="docComment;method#formatter#1;class#DateUtil#0" expanded="true" />
          </folding>
        </state>
      </provider>
    </entry>
    <entry file="file://$PROJECT_DIR$/src/main/java/pri/zxx/learndemo/lambdaandstream/newTimeApi/TimeApiLockTest.java">
      <provider selected="true" editor-type-id="text-editor">
        <state relative-caret-position="110">
          <caret line="14" column="13" selection-start-line="14" selection-start-column="13" selection-end-line="14" selection-end-column="13" />
        </state>
      </provider>
    </entry>
    <entry file="file://$PROJECT_DIR$/src/main/java/pri/zxx/learndemo/lambdaandstream/newTimeApi/BusinessException.java">
      <provider selected="true" editor-type-id="text-editor">
        <state relative-caret-position="66">
          <caret line="8" column="13" selection-start-line="8" selection-start-column="13" selection-end-line="8" selection-end-column="13" />
        </state>
      </provider>
    </entry>
    <entry file="file://$PROJECT_DIR$/src/main/java/pri/zxx/learndemo/lambdaandstream/newTimeApi/ResultCode.java">
      <provider selected="true" editor-type-id="text-editor">
        <state relative-caret-position="66">
          <caret line="6" column="12" selection-start-line="6" selection-start-column="12" selection-end-line="6" selection-end-column="12" />
        </state>
      </provider>
    </entry>
    <entry file="file://$PROJECT_DIR$/src/main/java/pri/zxx/learndemo/lambdaandstream/newTimeApi/Period.java">
      <provider selected="true" editor-type-id="text-editor">
        <state relative-caret-position="351">
          <caret line="238" column="56" selection-start-line="238" selection-start-column="56" selection-end-line="238" selection-end-column="56" />
          <folding>
            <element signature="imports" expanded="true" />
            <element signature="docComment;class#PeriodStrategy#0" expanded="true" />
            <element signature="docComment;field#pre_start#0;class#Period#0" expanded="true" />
            <element signature="docComment;field#pre_end#0;class#Period#0" expanded="true" />
            <element signature="docComment;method#getThisYear#0;class#Period#0" expanded="true" />
            <element signature="docComment;method#getThisMonth#0;class#Period#0" expanded="true" />
          </folding>
        </state>
      </provider>
    </entry>
    <entry file="file://$PROJECT_DIR$/src/main/java/pri/zxx/learndemo/lambdaandstream/Lanbda_stream/StreamProblemTest.java">
      <provider selected="true" editor-type-id="text-editor">
        <state relative-caret-position="-176">
          <caret line="19" column="13" selection-start-line="19" selection-start-column="13" selection-end-line="19" selection-end-column="13" />
        </state>
      </provider>
    </entry>
    <entry file="file://$PROJECT_DIR$/src/main/java/pri/zxx/learndemo/lambdaandstream/Lanbda_stream/StreamOperationsTest.java">
      <provider selected="true" editor-type-id="text-editor">
        <state relative-caret-position="-2750">
          <caret line="17" column="13" selection-start-line="17" selection-start-column="13" selection-end-line="17" selection-end-column="13" />
        </state>
      </provider>
    </entry>
    <entry file="file://$PROJECT_DIR$/src/main/java/pri/zxx/learndemo/lambdaandstream/Lanbda_stream/LambdaDemoTest.java">
      <provider selected="true" editor-type-id="text-editor">
        <state relative-caret-position="54">
          <caret line="34" column="13" selection-start-line="34" selection-start-column="13" selection-end-line="34" selection-end-column="13" />
        </state>
      </provider>
    </entry>
    <entry file="file://$PROJECT_DIR$/src/main/java/pri/zxx/learndemo/lambdaandstream/Lanbda_stream/ColletorToMap.java">
      <provider selected="true" editor-type-id="text-editor">
        <state relative-caret-position="805">
          <caret line="56" column="35" selection-start-line="56" selection-start-column="25" selection-end-line="56" selection-end-column="35" />
          <folding>
            <element signature="docComment;method#create#0;class#ColletorToMap#0" expanded="true" />
          </folding>
        </state>
      </provider>
    </entry>
    <entry file="file://$PROJECT_DIR$/src/main/java/pri/zxx/learndemo/justTest/HashSetTest.java">
      <provider selected="true" editor-type-id="text-editor">
        <state relative-caret-position="110">
          <caret line="9" column="13" selection-start-line="9" selection-start-column="13" selection-end-line="9" selection-end-column="13" />
        </state>
      </provider>
    </entry>
    <entry file="file://$PROJECT_DIR$/src/main/java/pri/zxx/learndemo/justTest/SystemArrayCopyTest.java">
      <provider selected="true" editor-type-id="text-editor">
        <state relative-caret-position="110">
          <caret line="14" column="13" selection-start-line="14" selection-start-column="13" selection-end-line="14" selection-end-column="13" />
        </state>
      </provider>
    </entry>
    <entry file="file://$PROJECT_DIR$/src/main/java/pri/zxx/learndemo/justTest/StringOpsTest.java">
      <provider selected="true" editor-type-id="text-editor">
        <state relative-caret-position="-394">
          <caret line="12" column="13" selection-start-line="12" selection-start-column="13" selection-end-line="12" selection-end-column="13" />
        </state>
      </provider>
    </entry>
    <entry file="file://$PROJECT_DIR$/src/main/java/pri/zxx/learndemo/justTest/EnumTest.java">
      <provider selected="true" editor-type-id="text-editor">
        <state relative-caret-position="66">
          <caret line="7" column="12" selection-start-line="7" selection-start-column="12" selection-end-line="7" selection-end-column="12" />
        </state>
      </provider>
    </entry>
    <entry file="file://$PROJECT_DIR$/src/main/java/pri/zxx/learndemo/justTest/DaysTest.java">
      <provider selected="true" editor-type-id="text-editor">
        <state relative-caret-position="110">
          <caret line="14" column="13" selection-start-line="14" selection-start-column="13" selection-end-line="14" selection-end-column="13" />
        </state>
      </provider>
    </entry>
    <entry file="file://$PROJECT_DIR$/src/main/java/pri/zxx/learndemo/justTest/Test.java">
      <provider selected="true" editor-type-id="text-editor">
        <state relative-caret-position="66">
          <caret line="7" column="13" selection-start-line="7" selection-start-column="13" selection-end-line="7" selection-end-column="13" />
        </state>
      </provider>
    </entry>
    <entry file="file://$PROJECT_DIR$/src/main/java/pri/zxx/learndemo/justTest/PCAction.java">
      <provider selected="true" editor-type-id="text-editor">
        <state relative-caret-position="88">
          <caret line="6" column="13" selection-start-line="6" selection-start-column="13" selection-end-line="6" selection-end-column="13" />
        </state>
      </provider>
    </entry>
    <entry file="file://$PROJECT_DIR$/src/main/java/pri/zxx/learndemo/justTest/PicTest.java">
      <provider selected="true" editor-type-id="text-editor">
        <state relative-caret-position="-2456">
          <caret line="29" column="13" selection-start-line="29" selection-start-column="13" selection-end-line="29" selection-end-column="13" />
        </state>
      </provider>
    </entry>
    <entry file="file://$PROJECT_DIR$/src/main/java/pri/zxx/learndemo/threademo/forkJoin/ForkJoinDemo.java">
      <provider selected="true" editor-type-id="text-editor">
        <state relative-caret-position="66">
          <caret line="7" column="13" selection-start-line="7" selection-start-column="13" selection-end-line="7" selection-end-column="13" />
        </state>
      </provider>
    </entry>
    <entry file="file://$PROJECT_DIR$/src/main/java/pri/zxx/learndemo/xmlpaser/User.java">
      <provider selected="true" editor-type-id="text-editor">
        <state relative-caret-position="44">
          <caret line="2" column="13" selection-start-line="2" selection-start-column="13" selection-end-line="2" selection-end-column="13" />
        </state>
      </provider>
    </entry>
    <entry file="file://$PROJECT_DIR$/src/main/java/pri/zxx/learndemo/xmlpaser/DomPares.java">
      <provider selected="true" editor-type-id="text-editor">
        <state relative-caret-position="82">
          <caret line="8" column="13" selection-start-line="8" selection-start-column="13" selection-end-line="8" selection-end-column="13" />
        </state>
      </provider>
    </entry>
    <entry file="file://$PROJECT_DIR$/src/main/java/pri/zxx/learndemo/xmlpaser/Saxdom.java">
      <provider selected="true" editor-type-id="text-editor">
        <state relative-caret-position="88">
          <caret line="11" column="13" selection-start-line="11" selection-start-column="13" selection-end-line="11" selection-end-column="13" />
        </state>
      </provider>
    </entry>
    <entry file="file://$PROJECT_DIR$/src/main/java/pri/zxx/learndemo/xmlpaser/ThreadDemo.java">
      <provider selected="true" editor-type-id="text-editor">
        <state relative-caret-position="396">
          <caret line="32" column="19" lean-forward="true" selection-start-line="32" selection-start-column="19" selection-end-line="32" selection-end-column="19" />
          <folding>
            <element signature="docComment;method#demo6#0;class#ThreadDemo#0" expanded="true" />
          </folding>
        </state>
      </provider>
    </entry>
    <entry file="file://$PROJECT_DIR$/src/main/java/pri/zxx/myaopdemo/annotation/ExtParam.java">
      <provider selected="true" editor-type-id="text-editor">
        <state relative-caret-position="176">
          <caret line="8" column="18" selection-start-line="8" selection-start-column="18" selection-end-line="8" selection-end-column="18" />
        </state>
      </provider>
    </entry>
    <entry file="file://$PROJECT_DIR$/src/main/java/pri/zxx/myaopdemo/annotation/InsertMysql.java">
      <provider selected="true" editor-type-id="text-editor">
        <state relative-caret-position="198">
          <caret line="13" column="18" selection-start-line="13" selection-start-column="18" selection-end-line="13" selection-end-column="18" />
        </state>
      </provider>
    </entry>
    <entry file="file://$PROJECT_DIR$/src/main/java/pri/zxx/myaopdemo/annotation/SelectMysql.java">
      <provider selected="true" editor-type-id="text-editor">
        <state relative-caret-position="198">
          <caret line="13" column="18" selection-start-line="13" selection-start-column="18" selection-end-line="13" selection-end-column="18" />
        </state>
      </provider>
    </entry>
    <entry file="file://$PROJECT_DIR$/src/main/java/pri/zxx/myaopdemo/aops/TestMapper.java">
      <provider selected="true" editor-type-id="text-editor">
        <state relative-caret-position="44">
          <caret line="2" column="13" selection-start-line="2" selection-start-column="13" selection-end-line="2" selection-end-column="13" />
        </state>
      </provider>
    </entry>
    <entry file="file://$PROJECT_DIR$/src/main/java/pri/zxx/myaopdemo/aops/UserMapper.java">
      <provider selected="true" editor-type-id="text-editor">
        <state relative-caret-position="88">
          <caret line="6" column="17" selection-start-line="6" selection-start-column="17" selection-end-line="6" selection-end-column="17" />
        </state>
      </provider>
    </entry>
    <entry file="file://$PROJECT_DIR$/src/main/java/pri/zxx/myaopdemo/aops/MyInvocationHandlerMybatis.java">
      <provider selected="true" editor-type-id="text-editor">
        <state relative-caret-position="-1664">
          <caret line="18" column="13" selection-start-line="18" selection-start-column="13" selection-end-line="18" selection-end-column="13" />
        </state>
      </provider>
    </entry>
    <entry file="file://$PROJECT_DIR$/src/main/java/pri/zxx/myaopdemo/aops/SqlSession.java">
      <provider selected="true" editor-type-id="text-editor">
        <state relative-caret-position="110">
          <caret line="9" column="13" selection-start-line="9" selection-start-column="13" selection-end-line="9" selection-end-column="13" />
        </state>
      </provider>
    </entry>
    <entry file="file://$PROJECT_DIR$/src/main/java/pri/zxx/myaopdemo/aops/SQLUtils.java">
      <provider selected="true" editor-type-id="text-editor">
        <state relative-caret-position="-338">
          <caret line="10" column="13" selection-start-line="10" selection-start-column="13" selection-end-line="10" selection-end-column="13" />
        </state>
      </provider>
    </entry>
    <entry file="file://$PROJECT_DIR$/src/main/java/pri/zxx/myaopdemo/aops/User.java">
      <provider selected="true" editor-type-id="text-editor">
        <state relative-caret-position="44">
          <caret line="2" column="13" selection-start-line="2" selection-start-column="13" selection-end-line="2" selection-end-column="13" />
        </state>
      </provider>
    </entry>
    <entry file="file://$PROJECT_DIR$/src/main/java/pri/zxx/socketdemo/SocketTest.java">
      <provider selected="true" editor-type-id="text-editor">
        <state relative-caret-position="110">
          <caret line="14" column="13" selection-start-line="14" selection-start-column="13" selection-end-line="14" selection-end-column="13" />
        </state>
      </provider>
    </entry>
    <entry file="file://$PROJECT_DIR$/src/main/java/pri/zxx/webdemo/utils/poi/ActivityExportServiceImpl.java">
      <provider selected="true" editor-type-id="text-editor">
        <state>
          <folding>
            <element signature="e#0#9893#0" expanded="true" />
          </folding>
        </state>
      </provider>
    </entry>
    <entry file="file://$PROJECT_DIR$/src/main/java/pri/zxx/webdemo/utils/poi/ExportBaseService.java">
      <provider selected="true" editor-type-id="text-editor">
        <state relative-caret-position="-216">
          <caret line="18" column="13" selection-start-line="18" selection-start-column="13" selection-end-line="18" selection-end-column="13" />
        </state>
      </provider>
    </entry>
    <entry file="file://$PROJECT_DIR$/src/main/java/pri/zxx/LearnDemoApplication.java">
      <provider selected="true" editor-type-id="text-editor">
        <state relative-caret-position="286">
          <caret line="25" column="17" lean-forward="true" selection-start-line="25" selection-start-column="17" selection-end-line="25" selection-end-column="17" />
        </state>
      </provider>
    </entry>
    <entry file="file://$PROJECT_DIR$/src/main/resources/application-back.yml">
      <provider selected="true" editor-type-id="text-editor">
        <state relative-caret-position="601">
          <caret line="37" column="20" selection-start-line="37" selection-end-line="38" />
        </state>
      </provider>
    </entry>
    <entry file="file://$PROJECT_DIR$/src/main/resources/bootstrap.yml">
      <provider selected="true" editor-type-id="text-editor">
        <state relative-caret-position="462">
          <caret line="21" column="26" selection-start-line="21" selection-start-column="26" selection-end-line="21" selection-end-column="26" />
        </state>
      </provider>
    </entry>
    <entry file="file://$PROJECT_DIR$/src/main/java/pri/zxx/webdemo/config/LogRecordAspect.java">
      <provider selected="true" editor-type-id="text-editor">
        <state relative-caret-position="396">
          <caret line="33" column="36" selection-start-line="33" selection-start-column="27" selection-end-line="33" selection-end-column="36" />
        </state>
      </provider>
    </entry>
    <entry file="file://$PROJECT_DIR$/src/main/java/pri/zxx/learndemo/math/BigDecimalTest.java">
      <provider selected="true" editor-type-id="text-editor">
        <state relative-caret-position="110">
          <caret line="16" column="20" selection-start-line="16" selection-start-column="8" selection-end-line="16" selection-end-column="20" />
          <folding>
            <element signature="imports" expanded="true" />
          </folding>
        </state>
      </provider>
    </entry>
    <entry file="file://$PROJECT_DIR$/src/main/java/pri/zxx/learndemo/codeoptimization/SwitchReplaceIf.java">
      <provider selected="true" editor-type-id="text-editor">
        <state relative-caret-position="66">
          <caret line="7" column="13" selection-start-line="7" selection-start-column="13" selection-end-line="7" selection-end-column="13" />
        </state>
      </provider>
    </entry>
    <entry file="file://$PROJECT_DIR$/src/main/java/pri/zxx/socketdemo/ServerSocketTest.java">
      <provider selected="true" editor-type-id="text-editor">
        <state relative-caret-position="110">
          <caret line="15" column="13" selection-start-line="15" selection-start-column="13" selection-end-line="15" selection-end-column="13" />
        </state>
      </provider>
    </entry>
    <entry file="file://$PROJECT_DIR$/src/main/java/pri/zxx/shiro/shirocore/HelloWorld.java">
      <provider selected="true" editor-type-id="text-editor">
        <state relative-caret-position="110">
          <caret line="14" column="13" selection-start-line="14" selection-start-column="13" selection-end-line="14" selection-end-column="13" />
        </state>
      </provider>
    </entry>
    <entry file="file://$PROJECT_DIR$/src/main/java/pri/zxx/learndemo/threademo/ThraedLocalTest.java">
      <provider selected="true" editor-type-id="text-editor">
        <state relative-caret-position="286">
          <caret line="13" selection-start-line="13" selection-end-line="13" />
          <folding>
            <element signature="docComment;class#ThraedLocalTest#0" expanded="true" />
          </folding>
        </state>
      </provider>
    </entry>
    <entry file="file://$PROJECT_DIR$/src/main/java/pri/zxx/learndemo/localUtils/ActivityUtil.java">
      <provider selected="true" editor-type-id="text-editor">
        <state relative-caret-position="154">
          <caret line="11" column="13" selection-start-line="11" selection-start-column="13" selection-end-line="11" selection-end-column="13" />
          <folding>
            <element signature="imports" expanded="true" />
          </folding>
        </state>
      </provider>
    </entry>
    <entry file="file://$PROJECT_DIR$/src/main/java/pri/zxx/learndemo/transction/Confirmed.java">
      <provider selected="true" editor-type-id="text-editor">
        <state relative-caret-position="132">
          <caret line="10" column="13" selection-start-line="10" selection-start-column="13" selection-end-line="10" selection-end-column="13" />
        </state>
      </provider>
    </entry>
    <entry file="file://$PROJECT_DIR$/src/main/java/pri/zxx/learndemo/localUtils/LocalDateUtil.java">
      <provider selected="true" editor-type-id="text-editor">
        <state relative-caret-position="224">
          <caret line="23" selection-start-line="23" selection-end-line="23" />
        </state>
      </provider>
    </entry>
    <entry file="file://$PROJECT_DIR$/src/main/java/pri/zxx/learndemo/localUtils/ComputeUtil.java">
      <provider selected="true" editor-type-id="text-editor">
        <state relative-caret-position="-891">
          <caret line="10" column="13" selection-start-line="10" selection-start-column="13" selection-end-line="10" selection-end-column="13" />
        </state>
      </provider>
    </entry>
    <entry file="file://$PROJECT_DIR$/src/main/java/pri/zxx/learndemo/localUtils/LocalPeriod.java">
      <provider selected="true" editor-type-id="text-editor">
        <state relative-caret-position="-333">
          <caret line="63" column="56" selection-start-line="63" selection-start-column="47" selection-end-line="63" selection-end-column="56" />
        </state>
      </provider>
    </entry>
    <entry file="file://$PROJECT_DIR$/pom.xml">
      <provider selected="true" editor-type-id="text-editor">
        <state relative-caret-position="22">
          <caret line="17" column="28" selection-start-line="17" selection-start-column="20" selection-end-line="17" selection-end-column="28" />
        </state>
      </provider>
    </entry>
  </component>
  <component name="masterDetails">
    <states>
      <state key="ArtifactsStructureConfigurable.UI">
        <settings>
          <artifact-editor />
          <splitter-proportions>
            <option name="proportions">
              <list>
                <option value="0.2" />
              </list>
            </option>
          </splitter-proportions>
        </settings>
      </state>
      <state key="FacetStructureConfigurable.UI">
        <settings>
          <splitter-proportions>
            <option name="proportions">
              <list>
                <option value="0.2" />
              </list>
            </option>
          </splitter-proportions>
        </settings>
      </state>
      <state key="GlobalLibrariesConfigurable.UI">
        <settings>
          <splitter-proportions>
            <option name="proportions">
              <list>
                <option value="0.2" />
              </list>
            </option>
          </splitter-proportions>
        </settings>
      </state>
      <state key="JdkListConfigurable.UI">
        <settings>
          <last-edited>1.8</last-edited>
          <splitter-proportions>
            <option name="proportions">
              <list>
                <option value="0.2" />
              </list>
            </option>
          </splitter-proportions>
        </settings>
      </state>
      <state key="ModuleStructureConfigurable.UI">
        <settings>
          <splitter-proportions>
            <option name="proportions">
              <list>
                <option value="0.2" />
              </list>
            </option>
          </splitter-proportions>
        </settings>
      </state>
      <state key="ProjectLibrariesConfigurable.UI">
        <settings>
          <splitter-proportions>
            <option name="proportions">
              <list>
                <option value="0.2" />
              </list>
            </option>
          </splitter-proportions>
        </settings>
      </state>
      <state key="ScopeChooserConfigurable.UI">
        <settings>
          <splitter-proportions>
            <option name="proportions">
              <list>
                <option value="0.2" />
              </list>
            </option>
          </splitter-proportions>
        </settings>
      </state>
    </states>
  </component>
</project>