<project version="4">
  <component name="BookmarkManager">
    <bookmark url="file://$PROJECT_DIR$/DataStructures/Lists/CircleLinkedList.java" line="70" mnemonic="0" />
  </component>
  <component name="FileEditorManager">
    <leaf>
      <file pinned="false" current-in-tab="true">
        <entry file="file://$PROJECT_DIR$/Sorts/BubbleSort.java">
          <provider selected="true" editor-type-id="text-editor">
            <state relative-caret-position="-222">
              <caret line="10" column="6" selection-start-line="10" selection-start-column="6" selection-end-line="10" selection-end-column="6" />
            </state>
          </provider>
        </entry>
      </file>
    </leaf>
  </component>
  <component name="IdeDocumentHistory">
    <option name="CHANGED_PATHS">
      <list>
        <option value="$PROJECT_DIR$/DataStructures/Stacks/StackOfLinkedList.java" />
        <option value="$PROJECT_DIR$/Maths/Factorial.java" />
        <option value="$PROJECT_DIR$/DataStructures/Lists/CircleLinkedList.java" />
      </list>
    </option>
  </component>
  <component name="ProjectFrameBounds" extendedState="6">
    <option name="x" value="-6" />
    <option name="width" value="1920" />
    <option name="height" value="1050" />
  </component>
  <component name="ProjectView">
    <navigator currentView="Scope" currentSubView="Scope 'Project Files'; set:Project Files; class com.intellij.psi.search.scope.ProjectFilesScope" proportions="" version="1">
      <foldersAlwaysOnTop value="true" />
    </navigator>
    <panes>
      <pane id="ProjectPane">
        <subPane>
          <expand>
            <path>
              <item name="Java-master" type="b2602c69:ProjectViewProjectNode" />
              <item name="Java-master" type="462c0819:PsiDirectoryNode" />
            </path>
          </expand>
          <select />
        </subPane>
      </pane>
      <pane id="PackagesPane" />
      <pane id="Scope">
        <subPane subId="Scope 'Project Files'; set:Project Files; class com.intellij.psi.search.scope.ProjectFilesScope">
          <expand>
            <path>
              <item name="Java-master" type="3d21c010:ScopeViewTreeModel$ProjectNode" />
              <item name="Java-master" type="2674bda8:ScopeViewTreeModel$GroupNode" />
            </path>
            <path>
              <item name="Java-master" type="3d21c010:ScopeViewTreeModel$ProjectNode" />
              <item name="Java-master" type="2674bda8:ScopeViewTreeModel$GroupNode" />
              <item name="C:\Users\11398\Desktop\Java-master" type="442cc68d:ScopeViewTreeModel$RootNode" />
            </path>
            <path>
              <item name="Java-master" type="3d21c010:ScopeViewTreeModel$ProjectNode" />
              <item name="Java-master" type="2674bda8:ScopeViewTreeModel$GroupNode" />
              <item name="C:\Users\11398\Desktop\Java-master" type="442cc68d:ScopeViewTreeModel$RootNode" />
              <item name="Sorts" type="9f88c78c:ScopeViewTreeModel$FileNode" />
            </path>
          </expand>
          <select />
        </subPane>
      </pane>
    </panes>
  </component>
  <component name="TimeTrackingManager">
    <option name="totallyTimeSpent" value="3332000" />
  </component>
  <component name="TodoView">
    <todo-panel id="selected-file">
      <is-autoscroll-to-source value="true" />
    </todo-panel>
    <todo-panel id="all">
      <are-packages-shown value="true" />
      <is-autoscroll-to-source value="true" />
    </todo-panel>
  </component>
  <component name="ToolWindowManager">
    <frame x="-8" y="-8" width="1936" height="1066" extended-state="6" />
    <editor active="true" />
    <layout>
      <window_info active="true" content_ui="combo" id="Project" order="0" visible="true" weight="0.20682302" />
      <window_info id="Structure" order="1" side_tool="true" weight="0.25" />
      <window_info id="Favorites" order="2" side_tool="true" />
      <window_info anchor="bottom" id="Message" order="0" />
      <window_info anchor="bottom" id="Find" order="1" />
      <window_info anchor="bottom" id="Run" order="2" weight="0.32980973" />
      <window_info anchor="bottom" id="Debug" order="3" weight="0.34778014" />
      <window_info anchor="bottom" id="Cvs" order="4" weight="0.25" />
      <window_info anchor="bottom" id="Inspection" order="5" weight="0.4" />
      <window_info anchor="bottom" id="TODO" order="6" weight="0.32980973" />
      <window_info anchor="bottom" id="Tail" order="7" />
      <window_info anchor="bottom" id="Version Control" order="8" />
      <window_info anchor="bottom" id="Problems" order="9" />
      <window_info anchor="bottom" id="Database Changes" order="10" />
      <window_info anchor="bottom" id="Services" order="11" />
      <window_info anchor="bottom" id="Terminal" order="12" />
      <window_info anchor="bottom" id="Event Log" order="13" side_tool="true" />
      <window_info anchor="bottom" id="Build" order="14" />
      <window_info anchor="bottom" id="Messages" order="15" weight="0.32980973" />
      <window_info anchor="bottom" id="Profiler" order="16" weight="0.32980973" />
      <window_info anchor="right" id="Json Parser" weight="0.28144988" />
      <window_info anchor="right" id="Commander" internal_type="SLIDING" order="0" type="SLIDING" weight="0.4" />
      <window_info anchor="right" id="Ant Build" order="1" weight="0.25" />
      <window_info anchor="right" content_ui="combo" id="Hierarchy" order="2" weight="0.25" />
      <window_info anchor="right" id="Database" order="3" />
      <window_info anchor="right" id="Theme Preview" order="4" />
      <window_info anchor="right" id="Ant" order="5" />
      <window_info anchor="right" id="Key Promoter X" order="6" weight="0.32995737" />
    </layout>
  </component>
  <component name="editorHistoryManager">
    <entry file="file://$PROJECT_DIR$/Searches/LinearSearch.java">
      <provider selected="true" editor-type-id="text-editor">
        <state relative-caret-position="-54">
          <caret line="21" column="13" selection-start-line="21" selection-start-column="13" selection-end-line="21" selection-end-column="13" />
        </state>
      </provider>
    </entry>
    <entry file="file://$PROJECT_DIR$/DataStructures/Stacks/StackOfLinkedList.java">
      <provider selected="true" editor-type-id="text-editor">
        <state relative-caret-position="435">
          <caret line="100" column="5" selection-start-line="100" selection-start-column="5" selection-end-line="100" selection-end-column="5" />
        </state>
      </provider>
    </entry>
    <entry file="file://$PROJECT_DIR$/output/production/Java-master/MinimizingLateness/lateness_data.txt">
      <provider selected="true" editor-type-id="text-editor">
        <state relative-caret-position="168">
          <caret line="6" column="4" selection-start-line="6" selection-start-column="4" selection-end-line="6" selection-end-column="4" />
        </state>
      </provider>
    </entry>
    <entry file="file://$PROJECT_DIR$/output/production/Java-master/Sorts/BogoSort.class">
      <provider selected="true" editor-type-id="text-editor">
        <state relative-caret-position="-130" />
      </provider>
    </entry>
    <entry file="file://$PROJECT_DIR$/Sorts/BogoSort.java">
      <provider selected="true" editor-type-id="text-editor">
        <state relative-caret-position="28">
          <caret line="9" column="13" selection-start-line="9" selection-start-column="13" selection-end-line="9" selection-end-column="13" />
        </state>
      </provider>
    </entry>
    <entry file="file://$PROJECT_DIR$/Sorts/SortUtils.java">
      <provider selected="true" editor-type-id="text-editor">
        <state relative-caret-position="270">
          <caret line="29" column="6" lean-forward="true" selection-start-line="29" selection-start-column="6" selection-end-line="29" selection-end-column="6" />
        </state>
      </provider>
    </entry>
    <entry file="file://$PROJECT_DIR$/Sorts/QuickSort.java">
      <provider selected="true" editor-type-id="text-editor">
        <state relative-caret-position="478">
          <caret line="91" column="46" selection-start-line="91" selection-start-column="46" selection-end-line="91" selection-end-column="46" />
        </state>
      </provider>
    </entry>
    <entry file="file://$PROJECT_DIR$/Sorts/RadixSort.java">
      <provider selected="true" editor-type-id="text-editor">
        <state relative-caret-position="28">
          <caret line="18" column="19" selection-start-line="18" selection-start-column="15" selection-end-line="18" selection-end-column="19" />
        </state>
      </provider>
    </entry>
    <entry file="file://$PROJECT_DIR$/Maths/AbsoluteMax.java">
      <provider selected="true" editor-type-id="text-editor">
        <state relative-caret-position="217">
          <caret line="14" selection-start-line="14" selection-end-line="14" />
        </state>
      </provider>
    </entry>
    <entry file="file://$PROJECT_DIR$/Maths/AbsoluteMin.java">
      <provider selected="true" editor-type-id="text-editor">
        <state relative-caret-position="62">
          <caret line="10" column="13" selection-start-line="10" selection-start-column="13" selection-end-line="10" selection-end-column="13" />
        </state>
      </provider>
    </entry>
    <entry file="file://$PROJECT_DIR$/Maths/AbsoluteValue.java">
      <provider selected="true" editor-type-id="text-editor">
        <state relative-caret-position="112">
          <caret line="6" column="13" selection-start-line="6" selection-start-column="13" selection-end-line="6" selection-end-column="13" />
        </state>
      </provider>
    </entry>
    <entry file="file://$PROJECT_DIR$/Maths/Factorial.java">
      <provider selected="true" editor-type-id="text-editor">
        <state relative-caret-position="392">
          <caret line="19" column="35" selection-start-line="19" selection-start-column="35" selection-end-line="19" selection-end-column="35" />
        </state>
      </provider>
    </entry>
    <entry file="file://$PROJECT_DIR$/Maths/FactorialRecursion.java">
      <provider selected="true" editor-type-id="text-editor">
        <state relative-caret-position="426">
          <caret line="23" column="51" selection-start-line="23" selection-start-column="42" selection-end-line="23" selection-end-column="51" />
        </state>
      </provider>
    </entry>
    <entry file="file://$PROJECT_DIR$/Maths/FibonacciNumber.java">
      <provider selected="true" editor-type-id="text-editor">
        <state relative-caret-position="-161">
          <caret line="5" column="13" selection-start-line="5" selection-start-column="13" selection-end-line="5" selection-end-column="13" />
        </state>
      </provider>
    </entry>
    <entry file="file://$PROJECT_DIR$/Maths/GCD.java">
      <provider selected="true" editor-type-id="text-editor">
        <state relative-caret-position="-665">
          <caret line="8" column="13" selection-start-line="8" selection-start-column="13" selection-end-line="8" selection-end-column="13" />
        </state>
      </provider>
    </entry>
    <entry file="file://$PROJECT_DIR$/DataStructures/Bags/Bag.java">
      <provider selected="true" editor-type-id="text-editor">
        <state relative-caret-position="-583">
          <caret line="73" column="31" selection-start-line="73" selection-start-column="19" selection-end-line="73" selection-end-column="31" />
        </state>
      </provider>
    </entry>
    <entry file="file://$PROJECT_DIR$/DataStructures/Buffers/CircularBuffer.java">
      <provider selected="true" editor-type-id="text-editor">
        <state relative-caret-position="112">
          <caret line="5" column="13" selection-start-line="5" selection-start-column="13" selection-end-line="5" selection-end-column="13" />
        </state>
      </provider>
    </entry>
    <entry file="file://$PROJECT_DIR$/DataStructures/Graphs/BellmanFord.java">
      <provider selected="true" editor-type-id="text-editor">
        <state relative-caret-position="28">
          <caret line="1" column="6" selection-start-line="1" selection-start-column="6" selection-end-line="1" selection-end-column="6" />
        </state>
      </provider>
    </entry>
    <entry file="file://$PROJECT_DIR$/Misc/heap_sort.java">
      <provider selected="true" editor-type-id="text-editor">
        <state relative-caret-position="-607">
          <caret line="2" column="13" selection-start-line="2" selection-start-column="13" selection-end-line="2" selection-end-column="13" />
        </state>
      </provider>
    </entry>
    <entry file="file://$PROJECT_DIR$/Conversions/AnyBaseToAnyBase.java">
      <provider selected="true" editor-type-id="text-editor">
        <state relative-caret-position="-756">
          <caret line="24" column="18" selection-start-line="24" selection-start-column="16" selection-end-line="24" selection-end-column="18" />
        </state>
      </provider>
    </entry>
    <entry file="file://$PROJECT_DIR$/DataStructures/Lists/CircleLinkedList.java">
      <provider selected="true" editor-type-id="text-editor">
        <state relative-caret-position="900">
          <caret line="69" selection-start-line="69" selection-end-line="69" />
        </state>
      </provider>
    </entry>
    <entry file="file://$PROJECT_DIR$/Sorts/ShellSort.java">
      <provider selected="true" editor-type-id="text-editor">
        <state relative-caret-position="125">
          <caret line="21" lean-forward="true" selection-start-line="21" selection-end-line="21" />
        </state>
      </provider>
    </entry>
    <entry file="file://$PROJECT_DIR$/Sorts/BubbleSort.java">
      <provider selected="true" editor-type-id="text-editor">
        <state relative-caret-position="-222">
          <caret line="10" column="6" selection-start-line="10" selection-start-column="6" selection-end-line="10" selection-end-column="6" />
        </state>
      </provider>
    </entry>
  </component>
  <component name="masterDetails">
    <states>
      <state key="ArtifactsStructureConfigurable.UI">
        <settings>
          <artifact-editor />
          <splitter-proportions>
            <option name="proportions">
              <list>
                <option value="0.2" />
              </list>
            </option>
          </splitter-proportions>
        </settings>
      </state>
      <state key="FacetStructureConfigurable.UI">
        <settings>
          <last-edited>No facets are configured</last-edited>
          <splitter-proportions>
            <option name="proportions">
              <list>
                <option value="0.2" />
              </list>
            </option>
          </splitter-proportions>
        </settings>
      </state>
      <state key="GlobalLibrariesConfigurable.UI">
        <settings>
          <last-edited>jquery</last-edited>
          <splitter-proportions>
            <option name="proportions">
              <list>
                <option value="0.2" />
              </list>
            </option>
          </splitter-proportions>
        </settings>
      </state>
      <state key="JdkListConfigurable.UI">
        <settings>
          <last-edited>1.8</last-edited>
          <splitter-proportions>
            <option name="proportions">
              <list>
                <option value="0.2" />
              </list>
            </option>
          </splitter-proportions>
        </settings>
      </state>
      <state key="ModuleStructureConfigurable.UI">
        <settings>
          <last-edited>Java-master</last-edited>
          <splitter-proportions>
            <option name="proportions">
              <list>
                <option value="0.2" />
              </list>
            </option>
          </splitter-proportions>
        </settings>
      </state>
      <state key="ProjectLibrariesConfigurable.UI">
        <settings>
          <splitter-proportions>
            <option name="proportions">
              <list>
                <option value="0.2" />
              </list>
            </option>
          </splitter-proportions>
        </settings>
      </state>
    </states>
  </component>
</project>