<project version="4">
  <component name="FileEditorManager">
    <leaf>
      <file pinned="false" current-in-tab="true">
        <entry file="file://$PROJECT_DIR$/src/org/apache/naming/resources/RecyclableNamingEnumeration.java">
          <provider selected="true" editor-type-id="text-editor">
            <state relative-caret-position="96">
              <caret line="78" column="13" selection-start-line="78" selection-start-column="13" selection-end-line="78" selection-end-column="13" />
            </state>
          </provider>
        </entry>
      </file>
    </leaf>
  </component>
  <component name="ProjectFrameBounds" extendedState="6">
    <option name="width" value="1920" />
    <option name="height" value="1050" />
  </component>
  <component name="ProjectView">
    <navigator proportions="" version="1">
      <foldersAlwaysOnTop value="true" />
    </navigator>
    <panes>
      <pane id="PackagesPane" />
      <pane id="Scope" />
      <pane id="ProjectPane">
        <subPane>
          <expand>
            <path>
              <item name="HowTomcatWorks" type="b2602c69:ProjectViewProjectNode" />
              <item name="HowTomcatWorks" type="462c0819:PsiDirectoryNode" />
            </path>
            <path>
              <item name="HowTomcatWorks" type="b2602c69:ProjectViewProjectNode" />
              <item name="HowTomcatWorks" type="462c0819:PsiDirectoryNode" />
              <item name="src" type="462c0819:PsiDirectoryNode" />
            </path>
            <path>
              <item name="HowTomcatWorks" type="b2602c69:ProjectViewProjectNode" />
              <item name="HowTomcatWorks" type="462c0819:PsiDirectoryNode" />
              <item name="webapps" type="462c0819:PsiDirectoryNode" />
            </path>
            <path>
              <item name="HowTomcatWorks" type="b2602c69:ProjectViewProjectNode" />
              <item name="HowTomcatWorks" type="462c0819:PsiDirectoryNode" />
              <item name="webroot" type="462c0819:PsiDirectoryNode" />
            </path>
          </expand>
          <select />
        </subPane>
      </pane>
    </panes>
  </component>
  <component name="TimeTrackingManager">
    <option name="totallyTimeSpent" value="241000" />
  </component>
  <component name="ToolWindowManager">
    <frame x="-8" y="-8" width="1936" height="1066" extended-state="6" />
    <editor active="true" />
    <layout>
      <window_info id="Web" side_tool="true" />
      <window_info id="Favorites" side_tool="true" />
      <window_info active="true" content_ui="combo" id="Project" order="0" visible="true" weight="0.24986681" />
      <window_info id="Structure" order="1" side_tool="true" weight="0.25" />
      <window_info anchor="bottom" id="Services" />
      <window_info anchor="bottom" id="Problems" />
      <window_info anchor="bottom" id="Database Changes" />
      <window_info anchor="bottom" id="Version Control" />
      <window_info anchor="bottom" id="Build" />
      <window_info anchor="bottom" id="Java Enterprise" />
      <window_info anchor="bottom" id="Terminal" />
      <window_info anchor="bottom" id="Event Log" side_tool="true" />
      <window_info anchor="bottom" id="Message" order="0" />
      <window_info anchor="bottom" id="Find" order="1" />
      <window_info anchor="bottom" id="Run" order="2" />
      <window_info anchor="bottom" id="Debug" order="3" weight="0.4" />
      <window_info anchor="bottom" id="Cvs" order="4" weight="0.25" />
      <window_info anchor="bottom" id="Inspection" order="5" weight="0.4" />
      <window_info anchor="bottom" id="TODO" order="6" />
      <window_info anchor="right" id="Database" />
      <window_info anchor="right" id="Ant" />
      <window_info anchor="right" id="Key Promoter X" />
      <window_info anchor="right" id="Json Parser" />
      <window_info anchor="right" id="Commander" internal_type="SLIDING" order="0" type="SLIDING" weight="0.4" />
      <window_info anchor="right" id="Ant Build" order="1" weight="0.25" />
      <window_info anchor="right" content_ui="combo" id="Hierarchy" order="2" weight="0.25" />
    </layout>
  </component>
  <component name="editorHistoryManager">
    <entry file="file://$PROJECT_DIR$/PropertiesFilesCopier.class">
      <provider selected="true" editor-type-id="text-editor" />
    </entry>
    <entry file="file://$PROJECT_DIR$/Tomcat4.1.12.license">
      <provider selected="true" editor-type-id="text-editor" />
    </entry>
    <entry file="file://$PROJECT_DIR$/win-compile.bat">
      <provider selected="true" editor-type-id="text-editor">
        <state relative-caret-position="28">
          <caret line="1" column="26" lean-forward="true" selection-start-line="1" selection-start-column="26" selection-end-line="1" selection-end-column="26" />
        </state>
      </provider>
    </entry>
    <entry file="file://$PROJECT_DIR$/etc/employee1.xml">
      <provider selected="true" editor-type-id="text-editor" />
    </entry>
    <entry file="file://$PROJECT_DIR$/conf/server.xml">
      <provider selected="true" editor-type-id="text-editor">
        <state relative-caret-position="-780" />
      </provider>
    </entry>
    <entry file="file://$PROJECT_DIR$/myApp/WEB-INF/classes/ModernServlet.class">
      <provider selected="true" editor-type-id="text-editor" />
    </entry>
    <entry file="file://$PROJECT_DIR$/myApp/WEB-INF/classes/PrimitiveServlet.class">
      <provider selected="true" editor-type-id="text-editor" />
    </entry>
    <entry file="file://$PROJECT_DIR$/src/SimpleContextConfig.java">
      <provider selected="true" editor-type-id="text-editor">
        <state>
          <folding>
            <element signature="imports" expanded="true" />
          </folding>
        </state>
      </provider>
    </entry>
    <entry file="file://$PROJECT_DIR$/src/com/brainysoftware/pyrmont/util/HttpSniffer.java">
      <provider selected="true" editor-type-id="text-editor">
        <state relative-caret-position="168">
          <caret line="17" column="25" selection-start-line="17" selection-start-column="25" selection-end-line="17" selection-end-column="25" />
        </state>
      </provider>
    </entry>
    <entry file="file://$PROJECT_DIR$/linux-compile.sh">
      <provider selected="true" editor-type-id="text-editor" />
    </entry>
    <entry file="file://$PROJECT_DIR$/webroot/SessionServlet.java">
      <provider selected="true" editor-type-id="text-editor">
        <state relative-caret-position="56">
          <caret line="8" column="13" selection-start-line="8" selection-start-column="13" selection-end-line="8" selection-end-column="13" />
        </state>
      </provider>
    </entry>
    <entry file="file://$PROJECT_DIR$/webroot/PrimitiveServlet.class">
      <provider selected="true" editor-type-id="text-editor" />
    </entry>
    <entry file="file://$PROJECT_DIR$/webroot/PrimitiveServlet.java">
      <provider selected="true" editor-type-id="text-editor">
        <state relative-caret-position="56">
          <caret line="4" column="13" selection-start-line="4" selection-start-column="13" selection-end-line="4" selection-end-column="13" />
        </state>
      </provider>
    </entry>
    <entry file="file://$PROJECT_DIR$/webroot/ModernServlet.class">
      <provider selected="true" editor-type-id="text-editor" />
    </entry>
    <entry file="file://$PROJECT_DIR$/webapps/myadmin.xml">
      <provider selected="true" editor-type-id="text-editor" />
    </entry>
    <entry file="file://$PROJECT_DIR$/src/SessionServlet.java">
      <provider selected="true" editor-type-id="text-editor">
        <state relative-caret-position="224">
          <caret line="8" column="19" selection-start-line="8" selection-start-column="19" selection-end-line="8" selection-end-column="19" />
          <folding>
            <element signature="imports" expanded="true" />
          </folding>
        </state>
      </provider>
    </entry>
    <entry file="file://$PROJECT_DIR$/src/org/apache/naming/resources/DirContextURLConnection.java">
      <provider selected="true" editor-type-id="text-editor">
        <state relative-caret-position="302">
          <caret line="243" selection-start-line="243" selection-end-line="243" />
        </state>
      </provider>
    </entry>
    <entry file="file://$PROJECT_DIR$/src/org/apache/naming/resources/RecyclableNamingEnumeration.java">
      <provider selected="true" editor-type-id="text-editor">
        <state relative-caret-position="96">
          <caret line="78" column="13" selection-start-line="78" selection-start-column="13" selection-end-line="78" selection-end-column="13" />
        </state>
      </provider>
    </entry>
  </component>
</project>