<project version="4">
  <component name="FileEditorManager">
    <leaf>
      <file pinned="false" current-in-tab="true">
        <entry file="file://$PROJECT_DIR$/src/org/apache/catalina/connector/http/HttpProcessor.java">
          <provider selected="true" editor-type-id="text-editor">
            <state relative-caret-position="558">
              <caret line="74" column="50" lean-forward="true" selection-start-line="74" selection-start-column="50" selection-end-line="74" selection-end-column="50" />
            </state>
          </provider>
        </entry>
      </file>
    </leaf>
  </component>
  <component name="IdeDocumentHistory">
    <option name="CHANGED_PATHS">
      <list>
        <option value="$PROJECT_DIR$/src/ex02/pyrmont/HttpServer1.java" />
        <option value="$PROJECT_DIR$/src/ex01/pyrmont/HttpServer.java" />
        <option value="$PROJECT_DIR$/src/org/apache/catalina/authenticator/AuthenticatorBase.java" />
        <option value="$PROJECT_DIR$/src/cxs15/pyrmont/startup/Bootstrap.java" />
        <option value="$PROJECT_DIR$/src/org/apache/catalina/Host.java" />
        <option value="$PROJECT_DIR$/src/cxs01/pyrmont/HttpServer.java" />
        <option value="$PROJECT_DIR$/src/cxs01/pyrmont/Request.java" />
        <option value="$PROJECT_DIR$/src/cxs01/pyrmont/Response.java" />
        <option value="$PROJECT_DIR$/webroot/SessionServlet.java" />
        <option value="$PROJECT_DIR$/src/cxs02/pyrmont/HttpServer2.java" />
        <option value="$PROJECT_DIR$/src/cxs02/pyrmont/Request.java" />
        <option value="$PROJECT_DIR$/src/cxs02/pyrmont/RequestFacade.java" />
        <option value="$PROJECT_DIR$/src/cxs02/pyrmont/Response.java" />
        <option value="$PROJECT_DIR$/src/cxs02/pyrmont/ResponseFacade.java" />
        <option value="$PROJECT_DIR$/src/cxs02/pyrmont/StaticResourceProcessor.java" />
        <option value="$PROJECT_DIR$/src/cxs02/pyrmont/Constants.java" />
        <option value="$PROJECT_DIR$/src/cxs02/pyrmont/ServletProcessor1.java" />
        <option value="$PROJECT_DIR$/src/cxs16/pyrmont/shutdownhook/MySwingApp.java" />
        <option value="$PROJECT_DIR$/webroot/ModernServlet.java" />
        <option value="$PROJECT_DIR$/webroot/PrimitiveServlet.java" />
        <option value="$PROJECT_DIR$/src/cxs02/pyrmont/ServletProcessor2.java" />
        <option value="$PROJECT_DIR$/src/cxs02/pyrmont/HttpServer1.java" />
      </list>
    </option>
  </component>
  <component name="MavenProjectNavigator">
    <treeState>
      <expand />
      <select />
    </treeState>
  </component>
  <component name="ProjectFrameBounds" extendedState="6">
    <option name="x" value="40" />
    <option name="y" value="48" />
    <option name="width" value="1784" />
    <option name="height" value="960" />
  </component>
  <component name="ProjectView">
    <navigator currentView="Scope" currentSubView="Scope 'Project Files'; set:Project Files; class com.intellij.psi.search.scope.ProjectFilesScope" proportions="" version="1">
      <foldersAlwaysOnTop value="true" />
    </navigator>
    <panes>
      <pane id="PackagesPane" />
      <pane id="Scope">
        <subPane subId="Scope 'Project Files'; set:Project Files; class com.intellij.psi.search.scope.ProjectFilesScope">
          <expand>
            <path>
              <item name="HowTomcatWorks" type="3d21c010:ScopeViewTreeModel$ProjectNode" />
              <item name="HowTomcatWorks" type="2674bda8:ScopeViewTreeModel$GroupNode" />
            </path>
            <path>
              <item name="HowTomcatWorks" type="3d21c010:ScopeViewTreeModel$ProjectNode" />
              <item name="HowTomcatWorks" type="2674bda8:ScopeViewTreeModel$GroupNode" />
              <item name="C:\Users\11398\Desktop\tomcat_codes\HowTomcatWorks" type="442cc68d:ScopeViewTreeModel$RootNode" />
            </path>
            <path>
              <item name="HowTomcatWorks" type="3d21c010:ScopeViewTreeModel$ProjectNode" />
              <item name="HowTomcatWorks" type="2674bda8:ScopeViewTreeModel$GroupNode" />
              <item name="C:\Users\11398\Desktop\tomcat_codes\HowTomcatWorks" type="442cc68d:ScopeViewTreeModel$RootNode" />
              <item name="src" type="9f88c78c:ScopeViewTreeModel$FileNode" />
            </path>
            <path>
              <item name="HowTomcatWorks" type="3d21c010:ScopeViewTreeModel$ProjectNode" />
              <item name="HowTomcatWorks" type="2674bda8:ScopeViewTreeModel$GroupNode" />
              <item name="C:\Users\11398\Desktop\tomcat_codes\HowTomcatWorks" type="442cc68d:ScopeViewTreeModel$RootNode" />
              <item name="src" type="9f88c78c:ScopeViewTreeModel$FileNode" />
              <item name="ex04.pyrmont" type="9f88c78c:ScopeViewTreeModel$FileNode" />
            </path>
            <path>
              <item name="HowTomcatWorks" type="3d21c010:ScopeViewTreeModel$ProjectNode" />
              <item name="HowTomcatWorks" type="2674bda8:ScopeViewTreeModel$GroupNode" />
              <item name="C:\Users\11398\Desktop\tomcat_codes\HowTomcatWorks" type="442cc68d:ScopeViewTreeModel$RootNode" />
              <item name="src" type="9f88c78c:ScopeViewTreeModel$FileNode" />
              <item name="ex04.pyrmont" type="9f88c78c:ScopeViewTreeModel$FileNode" />
              <item name="core" type="9f88c78c:ScopeViewTreeModel$FileNode" />
            </path>
            <path>
              <item name="HowTomcatWorks" type="3d21c010:ScopeViewTreeModel$ProjectNode" />
              <item name="HowTomcatWorks" type="2674bda8:ScopeViewTreeModel$GroupNode" />
              <item name="C:\Users\11398\Desktop\tomcat_codes\HowTomcatWorks" type="442cc68d:ScopeViewTreeModel$RootNode" />
              <item name="src" type="9f88c78c:ScopeViewTreeModel$FileNode" />
              <item name="ex04.pyrmont" type="9f88c78c:ScopeViewTreeModel$FileNode" />
              <item name="startup" type="9f88c78c:ScopeViewTreeModel$FileNode" />
            </path>
            <path>
              <item name="HowTomcatWorks" type="3d21c010:ScopeViewTreeModel$ProjectNode" />
              <item name="HowTomcatWorks" type="2674bda8:ScopeViewTreeModel$GroupNode" />
              <item name="C:\Users\11398\Desktop\tomcat_codes\HowTomcatWorks" type="442cc68d:ScopeViewTreeModel$RootNode" />
              <item name="src" type="9f88c78c:ScopeViewTreeModel$FileNode" />
              <item name="org.apache" type="9f88c78c:ScopeViewTreeModel$FileNode" />
            </path>
            <path>
              <item name="HowTomcatWorks" type="3d21c010:ScopeViewTreeModel$ProjectNode" />
              <item name="HowTomcatWorks" type="2674bda8:ScopeViewTreeModel$GroupNode" />
              <item name="C:\Users\11398\Desktop\tomcat_codes\HowTomcatWorks" type="442cc68d:ScopeViewTreeModel$RootNode" />
              <item name="src" type="9f88c78c:ScopeViewTreeModel$FileNode" />
              <item name="org.apache" type="9f88c78c:ScopeViewTreeModel$FileNode" />
              <item name="catalina" type="9f88c78c:ScopeViewTreeModel$FileNode" />
            </path>
            <path>
              <item name="HowTomcatWorks" type="3d21c010:ScopeViewTreeModel$ProjectNode" />
              <item name="HowTomcatWorks" type="2674bda8:ScopeViewTreeModel$GroupNode" />
              <item name="C:\Users\11398\Desktop\tomcat_codes\HowTomcatWorks" type="442cc68d:ScopeViewTreeModel$RootNode" />
              <item name="src" type="9f88c78c:ScopeViewTreeModel$FileNode" />
              <item name="org.apache" type="9f88c78c:ScopeViewTreeModel$FileNode" />
              <item name="catalina" type="9f88c78c:ScopeViewTreeModel$FileNode" />
              <item name="connector" type="9f88c78c:ScopeViewTreeModel$FileNode" />
            </path>
            <path>
              <item name="HowTomcatWorks" type="3d21c010:ScopeViewTreeModel$ProjectNode" />
              <item name="HowTomcatWorks" type="2674bda8:ScopeViewTreeModel$GroupNode" />
              <item name="C:\Users\11398\Desktop\tomcat_codes\HowTomcatWorks" type="442cc68d:ScopeViewTreeModel$RootNode" />
              <item name="src" type="9f88c78c:ScopeViewTreeModel$FileNode" />
              <item name="org.apache" type="9f88c78c:ScopeViewTreeModel$FileNode" />
              <item name="catalina" type="9f88c78c:ScopeViewTreeModel$FileNode" />
              <item name="connector" type="9f88c78c:ScopeViewTreeModel$FileNode" />
              <item name="http" type="9f88c78c:ScopeViewTreeModel$FileNode" />
            </path>
          </expand>
          <select />
        </subPane>
      </pane>
      <pane id="ProjectPane">
        <subPane>
          <expand>
            <path>
              <item name="HowTomcatWorks" type="b2602c69:ProjectViewProjectNode" />
              <item name="HowTomcatWorks" type="462c0819:PsiDirectoryNode" />
            </path>
            <path>
              <item name="HowTomcatWorks" type="b2602c69:ProjectViewProjectNode" />
              <item name="HowTomcatWorks" type="462c0819:PsiDirectoryNode" />
              <item name="src" type="462c0819:PsiDirectoryNode" />
            </path>
            <path>
              <item name="HowTomcatWorks" type="b2602c69:ProjectViewProjectNode" />
              <item name="HowTomcatWorks" type="462c0819:PsiDirectoryNode" />
              <item name="src" type="462c0819:PsiDirectoryNode" />
              <item name="util" type="462c0819:PsiDirectoryNode" />
            </path>
            <path>
              <item name="HowTomcatWorks" type="b2602c69:ProjectViewProjectNode" />
              <item name="HowTomcatWorks" type="462c0819:PsiDirectoryNode" />
              <item name="src" type="462c0819:PsiDirectoryNode" />
              <item name="pyrmont" type="462c0819:PsiDirectoryNode" />
            </path>
            <path>
              <item name="HowTomcatWorks" type="b2602c69:ProjectViewProjectNode" />
              <item name="HowTomcatWorks" type="462c0819:PsiDirectoryNode" />
              <item name="webapps" type="462c0819:PsiDirectoryNode" />
            </path>
            <path>
              <item name="HowTomcatWorks" type="b2602c69:ProjectViewProjectNode" />
              <item name="HowTomcatWorks" type="462c0819:PsiDirectoryNode" />
              <item name="webroot" type="462c0819:PsiDirectoryNode" />
            </path>
          </expand>
          <select />
        </subPane>
      </pane>
    </panes>
  </component>
  <component name="TimeTrackingManager">
    <option name="totallyTimeSpent" value="16599000" />
  </component>
  <component name="ToolWindowManager">
    <frame x="-8" y="-8" width="1936" height="1066" extended-state="6" />
    <layout>
      <window_info active="true" content_ui="combo" id="Project" order="0" visible="true" weight="0.18656716" />
      <window_info id="Structure" order="1" weight="0.25" />
      <window_info id="Designer" order="2" />
      <window_info id="Favorites" order="3" side_tool="true" />
      <window_info id="Web" order="4" side_tool="true" />
      <window_info anchor="bottom" id="Message" order="0" />
      <window_info anchor="bottom" id="Find" order="1" />
      <window_info anchor="bottom" id="Run" order="2" weight="0.32838982" />
      <window_info anchor="bottom" id="Debug" order="3" weight="0.3983051" />
      <window_info anchor="bottom" id="Cvs" order="4" weight="0.25" />
      <window_info anchor="bottom" id="Inspection" order="5" weight="0.4" />
      <window_info anchor="bottom" id="TODO" order="6" />
      <window_info anchor="bottom" id="CheckStyle" order="7" />
      <window_info anchor="bottom" id="Tail" order="8" />
      <window_info anchor="bottom" id="Version Control" order="9" show_stripe_button="false" />
      <window_info anchor="bottom" id="JProfiler" order="10" />
      <window_info anchor="bottom" id="Terminal" order="11" />
      <window_info anchor="bottom" id="Event Log" order="12" side_tool="true" />
      <window_info anchor="bottom" id="Messages" order="13" weight="0.32838982" />
      <window_info anchor="bottom" id="FindBugs-IDEA" order="14" />
      <window_info anchor="bottom" id="Build" order="15" />
      <window_info anchor="bottom" id="Services" order="16" />
      <window_info anchor="bottom" id="Database Changes" order="17" />
      <window_info anchor="bottom" id="Java Enterprise" order="18" />
      <window_info anchor="right" id="Commander" order="0" weight="0.4" />
      <window_info anchor="right" id="Ant Build" order="1" weight="0.25" />
      <window_info anchor="right" content_ui="combo" id="Hierarchy" order="2" weight="0.25" />
      <window_info anchor="right" id="Maven Projects" order="3" weight="0.1609808" />
      <window_info anchor="right" id="Database" order="4" />
      <window_info anchor="right" id="Palette&#9;" order="5" />
      <window_info anchor="right" id="Key Promoter X" order="6" weight="0.32978156" />
      <window_info anchor="right" id="Json Parser" order="7" weight="0.32978156" />
      <window_info anchor="right" id="Ant" order="8" />
      <window_info anchor="right" id="JSON Utils" order="9" />
    </layout>
  </component>
  <component name="editorHistoryManager">
    <entry file="file://$PROJECT_DIR$/webroot/ModernServlet.class">
      <provider selected="true" editor-type-id="text-editor" />
    </entry>
    <entry file="file://$PROJECT_DIR$/webroot/PrimitiveServlet.class">
      <provider selected="true" editor-type-id="text-editor" />
    </entry>
    <entry file="file://$PROJECT_DIR$/webroot/PrimitiveServlet.java">
      <provider selected="true" editor-type-id="text-editor">
        <state relative-caret-position="168">
          <caret line="6" column="23" selection-start-line="6" selection-start-column="23" selection-end-line="6" selection-end-column="23" />
          <folding>
            <element signature="imports" expanded="true" />
          </folding>
        </state>
      </provider>
    </entry>
    <entry file="file://$PROJECT_DIR$/src/ex20/pyrmont/standardmbeantest/Car.java">
      <provider selected="true" editor-type-id="text-editor">
        <state relative-caret-position="40">
          <caret line="2" column="13" selection-start-line="2" selection-start-column="13" selection-end-line="2" selection-end-column="13" />
        </state>
      </provider>
    </entry>
    <entry file="file://$PROJECT_DIR$/src/ex20/pyrmont/standardmbeantest/StandardAgent.java">
      <provider selected="true" editor-type-id="text-editor">
        <state relative-caret-position="140">
          <caret line="9" column="15" selection-start-line="9" selection-start-column="15" selection-end-line="9" selection-end-column="15" />
          <caret line="10" lean-forward="true" selection-start-line="10" selection-end-line="10" />
        </state>
      </provider>
    </entry>
    <entry file="file://$PROJECT_DIR$/src/ex20/pyrmont/modelmbeantest1/ModelAgent.java">
      <provider selected="true" editor-type-id="text-editor">
        <state relative-caret-position="-193">
          <caret line="18" column="13" selection-start-line="18" selection-start-column="13" selection-end-line="18" selection-end-column="13" />
        </state>
      </provider>
    </entry>
    <entry file="file://$PROJECT_DIR$/src/ex20/pyrmont/modelmbeantest1/Car.java">
      <provider selected="true" editor-type-id="text-editor">
        <state relative-caret-position="40">
          <caret line="2" column="13" selection-start-line="2" selection-start-column="13" selection-end-line="2" selection-end-column="13" />
        </state>
      </provider>
    </entry>
    <entry file="file://$PROJECT_DIR$/src/ex14/pyrmont/startup/Bootstrap.java">
      <provider selected="true" editor-type-id="text-editor">
        <state relative-caret-position="-1012">
          <caret line="23" column="19" selection-start-line="23" selection-start-column="19" selection-end-line="23" selection-end-column="19" />
        </state>
      </provider>
    </entry>
    <entry file="file://$PROJECT_DIR$/myApp/WEB-INF/classes/ModernServlet.class">
      <provider selected="true" editor-type-id="text-editor" />
    </entry>
    <entry file="file://$PROJECT_DIR$/myApp/WEB-INF/classes/PrimitiveServlet.class">
      <provider selected="true" editor-type-id="text-editor" />
    </entry>
    <entry file="file://$PROJECT_DIR$/webapps/myadmin.xml">
      <provider selected="true" editor-type-id="text-editor" />
    </entry>
    <entry file="file://$PROJECT_DIR$/webapps/manager.xml">
      <provider selected="true" editor-type-id="text-editor" />
    </entry>
    <entry file="file://$PROJECT_DIR$/src/com/brainysoftware/pyrmont/util/HttpSniffer.java">
      <provider selected="true" editor-type-id="text-editor">
        <state relative-caret-position="236">
          <caret line="54" column="26" selection-start-line="54" selection-start-column="9" selection-end-line="54" selection-end-column="26" />
          <folding>
            <element signature="e#1518#1653#0" expanded="true" />
            <element signature="e#1652#1653#0" expanded="true" />
          </folding>
        </state>
      </provider>
    </entry>
    <entry file="file://$PROJECT_DIR$/src/cxs16/pyrmont/shutdownhook/MySwingApp.java">
      <provider selected="true" editor-type-id="text-editor">
        <state relative-caret-position="-402">
          <caret line="7" column="13" selection-start-line="7" selection-start-column="13" selection-end-line="7" selection-end-column="13" />
          <folding>
            <element signature="imports" expanded="true" />
          </folding>
        </state>
      </provider>
    </entry>
    <entry file="file://$PROJECT_DIR$/src/cxs01/pyrmont/HttpServer.java">
      <provider selected="true" editor-type-id="text-editor">
        <state relative-caret-position="513">
          <caret line="54" column="29" selection-start-line="54" selection-start-column="29" selection-end-line="54" selection-end-column="29" />
          <folding>
            <element signature="docComment;field#WEB_ROOT#0;class#HttpServer#0" expanded="true" />
          </folding>
        </state>
      </provider>
    </entry>
    <entry file="file://$PROJECT_DIR$/src/SessionServlet.java">
      <provider selected="true" editor-type-id="text-editor">
        <state relative-caret-position="36">
          <caret line="8" column="13" selection-start-line="8" selection-start-column="13" selection-end-line="8" selection-end-column="13" />
        </state>
      </provider>
    </entry>
    <entry file="file://$PROJECT_DIR$/src/SimpleContextConfig.java">
      <provider selected="true" editor-type-id="text-editor">
        <state relative-caret-position="36">
          <caret line="5" column="13" selection-start-line="5" selection-start-column="13" selection-end-line="5" selection-end-column="13" />
        </state>
      </provider>
    </entry>
    <entry file="file://$PROJECT_DIR$/src/cxs01/pyrmont/Request.java">
      <provider selected="true" editor-type-id="text-editor">
        <state relative-caret-position="432">
          <caret line="25" column="5" selection-start-line="25" selection-start-column="5" selection-end-line="25" selection-end-column="5" />
        </state>
      </provider>
    </entry>
    <entry file="file://$PROJECT_DIR$/src/cxs01/pyrmont/Response.java">
      <provider selected="true" editor-type-id="text-editor">
        <state relative-caret-position="540">
          <caret line="33" column="15" selection-start-line="33" selection-start-column="11" selection-end-line="33" selection-end-column="15" />
        </state>
      </provider>
    </entry>
    <entry file="jar://D:/web_softs/jdk1.8/jdk/src.zip!/java/io/FileSystem.java">
      <provider selected="true" editor-type-id="text-editor">
        <state relative-caret-position="234">
          <caret line="40" column="29" selection-start-line="40" selection-start-column="29" selection-end-line="40" selection-end-column="29" />
        </state>
      </provider>
    </entry>
    <entry file="jar://D:/web_softs/jdk1.8/jdk/src.zip!/java/io/File.java">
      <provider selected="true" editor-type-id="text-editor">
        <state relative-caret-position="315">
          <caret line="221" column="52" selection-start-line="221" selection-start-column="52" selection-end-line="221" selection-end-column="52" />
          <folding>
            <element signature="e#9060#9559#0" expanded="true" />
          </folding>
        </state>
      </provider>
    </entry>
    <entry file="file://$PROJECT_DIR$/src/cxs02/pyrmont/Constants.java">
      <provider selected="true" editor-type-id="text-editor">
        <state relative-caret-position="72">
          <caret line="4" column="13" selection-start-line="4" selection-start-column="13" selection-end-line="4" selection-end-column="13" />
        </state>
      </provider>
    </entry>
    <entry file="file://$PROJECT_DIR$/src/cxs02/pyrmont/Request.java">
      <provider selected="true" editor-type-id="text-editor">
        <state relative-caret-position="90">
          <caret line="14" column="13" selection-start-line="14" selection-start-column="13" selection-end-line="14" selection-end-column="13" />
        </state>
      </provider>
    </entry>
    <entry file="file://$PROJECT_DIR$/src/cxs02/pyrmont/RequestFacade.java">
      <provider selected="true" editor-type-id="text-editor">
        <state relative-caret-position="72">
          <caret line="12" column="16" selection-start-line="12" selection-start-column="16" selection-end-line="12" selection-end-column="16" />
        </state>
      </provider>
    </entry>
    <entry file="file://$PROJECT_DIR$/src/cxs02/pyrmont/Response.java">
      <provider selected="true" editor-type-id="text-editor">
        <state relative-caret-position="68">
          <caret line="12" column="13" selection-start-line="12" selection-start-column="13" selection-end-line="12" selection-end-column="13" />
        </state>
      </provider>
    </entry>
    <entry file="file://$PROJECT_DIR$/src/cxs02/pyrmont/ServletProcessor2.java">
      <provider selected="true" editor-type-id="text-editor">
        <state relative-caret-position="252">
          <caret line="21" column="30" selection-start-line="21" selection-start-column="30" selection-end-line="22" selection-end-column="6" />
        </state>
      </provider>
    </entry>
    <entry file="file://$PROJECT_DIR$/src/cxs02/pyrmont/StaticResourceProcessor.java">
      <provider selected="true" editor-type-id="text-editor">
        <state relative-caret-position="72">
          <caret line="4" column="13" selection-start-line="4" selection-start-column="13" selection-end-line="4" selection-end-column="13" />
        </state>
      </provider>
    </entry>
    <entry file="file://$PROJECT_DIR$/src/cxs02/pyrmont/HttpServer2.java">
      <provider selected="true" editor-type-id="text-editor">
        <state relative-caret-position="911">
          <caret line="58" column="33" selection-start-line="58" selection-start-column="10" selection-end-line="58" selection-end-column="33" />
        </state>
      </provider>
    </entry>
    <entry file="file://$PROJECT_DIR$/src/cxs02/pyrmont/HttpServer1.java">
      <provider selected="true" editor-type-id="text-editor">
        <state relative-caret-position="407">
          <caret line="56" column="1" selection-start-line="56" selection-start-column="1" selection-end-line="56" selection-end-column="1" />
          <folding>
            <element signature="imports" expanded="true" />
          </folding>
        </state>
      </provider>
    </entry>
    <entry file="file://$PROJECT_DIR$/src/cxs02/pyrmont/ServletProcessor1.java">
      <provider selected="true" editor-type-id="text-editor">
        <state relative-caret-position="702">
          <caret line="46" column="64" selection-start-line="46" selection-start-column="49" selection-end-line="46" selection-end-column="64" />
        </state>
      </provider>
    </entry>
    <entry file="file://$PROJECT_DIR$/src/cxs02/pyrmont/ResponseFacade.java">
      <provider selected="true" editor-type-id="text-editor">
        <state relative-caret-position="270">
          <caret line="19" lean-forward="true" selection-start-line="19" selection-end-line="19" />
        </state>
      </provider>
    </entry>
    <entry file="file://$PROJECT_DIR$/src/ex03/pyrmont/connector/http/HttpHeader.java">
      <provider selected="true" editor-type-id="text-editor">
        <state relative-caret-position="72">
          <caret line="10" column="12" selection-start-line="10" selection-start-column="12" selection-end-line="10" selection-end-column="12" />
        </state>
      </provider>
    </entry>
    <entry file="file://$PROJECT_DIR$/src/ex03/pyrmont/connector/http/HttpRequestLine.java">
      <provider selected="true" editor-type-id="text-editor">
        <state relative-caret-position="-1435">
          <caret line="12" column="12" selection-start-line="12" selection-start-column="12" selection-end-line="12" selection-end-column="12" />
        </state>
      </provider>
    </entry>
    <entry file="file://$PROJECT_DIR$/src/ex03/pyrmont/connector/http/SocketInputStream.java">
      <provider selected="true" editor-type-id="text-editor">
        <state relative-caret-position="90">
          <caret line="14" column="13" selection-start-line="14" selection-start-column="13" selection-end-line="14" selection-end-column="13" />
        </state>
      </provider>
    </entry>
    <entry file="file://$PROJECT_DIR$/src/ex03/pyrmont/connector/http/LocalStrings.properties">
      <provider selected="true" editor-type-id="text-editor" />
      <provider editor-type-id="ResourceBundle" />
    </entry>
    <entry file="file://$PROJECT_DIR$/src/ex03/pyrmont/connector/http/LocalStrings_ja.properties">
      <provider selected="true" editor-type-id="text-editor" />
      <provider editor-type-id="ResourceBundle" />
    </entry>
    <entry file="file://$PROJECT_DIR$/src/ex03/pyrmont/connector/http/LocalStrings_es.properties">
      <provider selected="true" editor-type-id="text-editor" />
      <provider editor-type-id="ResourceBundle" />
    </entry>
    <entry file="file://$PROJECT_DIR$/src/ex03/pyrmont/connector/RequestStream.java">
      <provider selected="true" editor-type-id="text-editor">
        <state relative-caret-position="126">
          <caret line="21" column="13" selection-start-line="21" selection-start-column="13" selection-end-line="21" selection-end-column="13" />
        </state>
      </provider>
    </entry>
    <entry file="file://$PROJECT_DIR$/src/ex03/pyrmont/connector/ResponseStream.java">
      <provider selected="true" editor-type-id="text-editor">
        <state relative-caret-position="-1759">
          <caret line="18" column="13" selection-start-line="18" selection-start-column="13" selection-end-line="18" selection-end-column="13" />
        </state>
      </provider>
    </entry>
    <entry file="file://$PROJECT_DIR$/src/ex03/pyrmont/connector/ResponseWriter.java">
      <provider selected="true" editor-type-id="text-editor">
        <state relative-caret-position="-516">
          <caret line="10" column="13" selection-start-line="10" selection-start-column="13" selection-end-line="10" selection-end-column="13" />
        </state>
      </provider>
    </entry>
    <entry file="file://$PROJECT_DIR$/src/ex03/pyrmont/startup/Bootstrap.java">
      <provider selected="true" editor-type-id="text-editor">
        <state relative-caret-position="126">
          <caret line="7" column="19" selection-start-line="7" selection-start-column="14" selection-end-line="7" selection-end-column="19" />
        </state>
      </provider>
    </entry>
    <entry file="file://$PROJECT_DIR$/src/ex03/pyrmont/connector/http/Constants.java">
      <provider selected="true" editor-type-id="text-editor">
        <state relative-caret-position="54">
          <caret line="3" column="19" selection-start-line="3" selection-start-column="19" selection-end-line="3" selection-end-column="19" />
        </state>
      </provider>
    </entry>
    <entry file="file://$PROJECT_DIR$/src/ex03/pyrmont/connector/http/HttpConnector.java">
      <provider selected="true" editor-type-id="text-editor">
        <state relative-caret-position="612">
          <caret line="37" column="20" lean-forward="true" selection-start-line="37" selection-start-column="20" selection-end-line="37" selection-end-column="20" />
        </state>
      </provider>
    </entry>
    <entry file="file://$PROJECT_DIR$/src/ex03/pyrmont/connector/http/HttpProcessor.java">
      <provider selected="true" editor-type-id="text-editor">
        <state relative-caret-position="582">
          <caret line="67" column="25" lean-forward="true" selection-start-line="67" selection-start-column="25" selection-end-line="67" selection-end-column="25" />
        </state>
      </provider>
    </entry>
    <entry file="file://$PROJECT_DIR$/src/ex03/pyrmont/connector/http/HttpRequestFacade.java">
      <provider selected="true" editor-type-id="text-editor">
        <state relative-caret-position="-2281">
          <caret line="52" column="15" selection-start-line="52" selection-start-column="9" selection-end-line="52" selection-end-column="15" />
        </state>
      </provider>
    </entry>
    <entry file="file://$PROJECT_DIR$/src/ex03/pyrmont/connector/http/HttpRequest.java">
      <provider selected="true" editor-type-id="text-editor">
        <state relative-caret-position="558">
          <caret line="119" lean-forward="true" selection-start-line="119" selection-end-line="119" />
        </state>
      </provider>
    </entry>
    <entry file="file://$PROJECT_DIR$/src/org/apache/catalina/connector/http/DefaultHeaders.java">
      <provider selected="true" editor-type-id="text-editor">
        <state relative-caret-position="90">
          <caret line="11" column="12" selection-start-line="11" selection-start-column="12" selection-end-line="11" selection-end-column="12" />
        </state>
      </provider>
    </entry>
    <entry file="file://$PROJECT_DIR$/src/ex04/pyrmont/core/SimpleContainer.java">
      <provider selected="true" editor-type-id="text-editor">
        <state relative-caret-position="615">
          <caret line="157" column="27" selection-start-line="157" selection-start-column="4" selection-end-line="157" selection-end-column="27" />
        </state>
      </provider>
    </entry>
    <entry file="file://$PROJECT_DIR$/src/ex04/pyrmont/startup/Bootstrap.java">
      <provider selected="true" editor-type-id="text-editor">
        <state relative-caret-position="216">
          <caret line="13" column="17" selection-start-line="13" selection-start-column="17" selection-end-line="13" selection-end-column="17" />
        </state>
      </provider>
    </entry>
    <entry file="file://$PROJECT_DIR$/src/org/apache/catalina/connector/http/HttpConnector.java">
      <provider selected="true" editor-type-id="text-editor">
        <state relative-caret-position="379">
          <caret line="863" column="45" selection-start-line="863" selection-start-column="45" selection-end-line="863" selection-end-column="45" />
        </state>
      </provider>
    </entry>
    <entry file="file://$PROJECT_DIR$/src/org/apache/catalina/connector/http/HttpProcessor.java">
      <provider selected="true" editor-type-id="text-editor">
        <state relative-caret-position="558">
          <caret line="74" column="50" lean-forward="true" selection-start-line="74" selection-start-column="50" selection-end-line="74" selection-end-column="50" />
        </state>
      </provider>
    </entry>
  </component>
</project>