<project version="4">
  <component name="FileEditorManager">
    <leaf>
      <file pinned="false" current-in-tab="true">
        <entry file="file://$PROJECT_DIR$/src/sample/Main.java">
          <provider selected="true" editor-type-id="text-editor">
            <state relative-caret-position="448">
              <caret line="16" column="24" selection-start-line="16" selection-start-column="24" selection-end-line="16" selection-end-column="24" />
              <folding>
                <element signature="imports" expanded="true" />
              </folding>
            </state>
          </provider>
        </entry>
      </file>
    </leaf>
  </component>
  <component name="IdeDocumentHistory">
    <option name="CHANGED_PATHS">
      <list>
        <option value="$PROJECT_DIR$/src/sample/sample.fxml" />
        <option value="$PROJECT_DIR$/src/sample/Main.java" />
      </list>
    </option>
  </component>
  <component name="ProjectFrameBounds" extendedState="6">
    <option name="width" value="1920" />
    <option name="height" value="1050" />
  </component>
  <component name="ProjectView">
    <navigator currentView="Scope" currentSubView="Scope 'Project Files'; set:Project Files; class com.intellij.psi.search.scope.ProjectFilesScope" proportions="" version="1">
      <foldersAlwaysOnTop value="true" />
    </navigator>
    <panes>
      <pane id="Scope">
        <subPane subId="Scope 'Project Files'; set:Project Files; class com.intellij.psi.search.scope.ProjectFilesScope">
          <expand>
            <path>
              <item name="javafx_demo" type="3d21c010:ScopeViewTreeModel$ProjectNode" />
              <item name="javafx_demo" type="2674bda8:ScopeViewTreeModel$GroupNode" />
            </path>
            <path>
              <item name="javafx_demo" type="3d21c010:ScopeViewTreeModel$ProjectNode" />
              <item name="javafx_demo" type="2674bda8:ScopeViewTreeModel$GroupNode" />
              <item name="src" type="9f88c78c:ScopeViewTreeModel$FileNode" />
            </path>
            <path>
              <item name="javafx_demo" type="3d21c010:ScopeViewTreeModel$ProjectNode" />
              <item name="javafx_demo" type="2674bda8:ScopeViewTreeModel$GroupNode" />
              <item name="src" type="9f88c78c:ScopeViewTreeModel$FileNode" />
              <item name="sample" type="9f88c78c:ScopeViewTreeModel$FileNode" />
            </path>
          </expand>
          <select />
        </subPane>
      </pane>
      <pane id="ProjectPane">
        <subPane>
          <expand>
            <path>
              <item name="javafx_demo" type="b2602c69:ProjectViewProjectNode" />
              <item name="javafx_demo" type="462c0819:PsiDirectoryNode" />
            </path>
            <path>
              <item name="javafx_demo" type="b2602c69:ProjectViewProjectNode" />
              <item name="javafx_demo" type="462c0819:PsiDirectoryNode" />
              <item name="src" type="462c0819:PsiDirectoryNode" />
            </path>
            <path>
              <item name="javafx_demo" type="b2602c69:ProjectViewProjectNode" />
              <item name="javafx_demo" type="462c0819:PsiDirectoryNode" />
              <item name="src" type="462c0819:PsiDirectoryNode" />
              <item name="sample" type="462c0819:PsiDirectoryNode" />
            </path>
          </expand>
          <select />
        </subPane>
      </pane>
      <pane id="PackagesPane" />
    </panes>
  </component>
  <component name="TimeTrackingManager">
    <option name="totallyTimeSpent" value="2506000" />
  </component>
  <component name="ToolWindowManager">
    <frame x="-8" y="-8" width="1936" height="1066" extended-state="6" />
    <layout>
      <window_info active="true" content_ui="combo" id="Project" order="0" sideWeight="0.6703755" visible="true" weight="0.21097496" />
      <window_info id="Structure" order="1" weight="0.25" />
      <window_info id="Favorites" order="2" />
      <window_info anchor="bottom" id="Message" order="0" />
      <window_info anchor="bottom" id="Find" order="1" />
      <window_info anchor="bottom" id="Run" order="2" weight="0.32962447" />
      <window_info anchor="bottom" id="Debug" order="3" weight="0.39957717" />
      <window_info anchor="bottom" id="Cvs" order="4" weight="0.25" />
      <window_info anchor="bottom" id="Inspection" order="5" weight="0.4" />
      <window_info anchor="bottom" id="TODO" order="6" />
      <window_info anchor="bottom" id="Application Servers" order="7" />
      <window_info anchor="bottom" id="Version Control" order="8" />
      <window_info anchor="bottom" id="Problems" order="9" />
      <window_info anchor="bottom" id="Changes" order="10" />
      <window_info anchor="bottom" id="Profiler" order="11" />
      <window_info anchor="bottom" id="Event Log" order="12" />
      <window_info anchor="bottom" id="Messages" order="13" />
      <window_info anchor="bottom" id="Build" order="14" />
      <window_info anchor="bottom" id="Services" order="15" />
      <window_info anchor="bottom" id="Database Changes" order="16" />
      <window_info anchor="bottom" id="Terminal" order="17" />
      <window_info anchor="bottom" id="Tail" order="18" />
      <window_info anchor="right" id="Commander" internal_type="SLIDING" order="0" type="SLIDING" weight="0.4" />
      <window_info anchor="right" id="Ant Build" order="1" weight="0.25" />
      <window_info anchor="right" content_ui="combo" id="Hierarchy" order="2" weight="0.25" />
      <window_info anchor="right" id="JetGradle" order="3" />
      <window_info anchor="right" id="Database" order="4" />
      <window_info anchor="right" id="Palette" order="5" />
      <window_info anchor="right" id="Maven Projects" order="6" />
      <window_info anchor="right" id="Key Promoter X" order="7" />
      <window_info anchor="right" id="Json Parser" order="8" />
      <window_info anchor="right" id="Ant" order="9" />
    </layout>
  </component>
  <component name="antWorkspaceConfiguration">
    <option name="IS_AUTOSCROLL_TO_SOURCE" value="false" />
    <option name="FILTER_TARGETS" value="false" />
  </component>
  <component name="editorHistoryManager">
    <entry file="jar://D:/web_softs/jdk1.8/jdk/javafx-src.zip!/javafx/application/Application.java">
      <provider selected="true" editor-type-id="text-editor">
        <state relative-caret-position="-407">
          <caret line="223" column="23" lean-forward="true" selection-start-line="223" selection-start-column="23" selection-end-line="223" selection-end-column="23" />
        </state>
      </provider>
    </entry>
    <entry file="file://$PROJECT_DIR$/src/sample/mainView.fxml">
      <provider selected="true" editor-type-id="text-editor">
        <state relative-caret-position="168">
          <caret line="6" column="54" selection-start-line="6" selection-start-column="54" selection-end-line="6" selection-end-column="54" />
        </state>
      </provider>
      <provider editor-type-id="JavaFX-Scene-Builder" />
    </entry>
    <entry file="file://$PROJECT_DIR$/src/sample/Controller.java">
      <provider selected="true" editor-type-id="text-editor">
        <state relative-caret-position="56">
          <caret line="2" column="13" selection-start-line="2" selection-start-column="13" selection-end-line="2" selection-end-column="13" />
        </state>
      </provider>
    </entry>
    <entry file="file://$PROJECT_DIR$/src/sample/Main.java">
      <provider selected="true" editor-type-id="text-editor">
        <state relative-caret-position="448">
          <caret line="16" column="24" selection-start-line="16" selection-start-column="24" selection-end-line="16" selection-end-column="24" />
          <folding>
            <element signature="imports" expanded="true" />
          </folding>
        </state>
      </provider>
    </entry>
  </component>
</project>