<project version="4">
  <component name="FileEditorManager">
    <leaf>
      <file pinned="false" current-in-tab="true">
        <entry file="file://$PROJECT_DIR$/swaggerconfig/src/main/java/com/yunce/cloud/swagger/config/SwaggerAutoConfiguration.java">
          <provider selected="true" editor-type-id="text-editor">
            <state relative-caret-position="304">
              <caret line="51" column="25" lean-forward="true" selection-start-line="51" selection-start-column="25" selection-end-line="51" selection-end-column="25" />
            </state>
          </provider>
        </entry>
      </file>
    </leaf>
  </component>
  <component name="IdeDocumentHistory">
    <option name="CHANGED_PATHS">
      <list>
        <option value="$PROJECT_DIR$/aos-app-user/src/main/java/com/bicap/cloud/aosappuser/controller/AppMsgClientController.java" />
        <option value="$PROJECT_DIR$/aos-app-user/src/main/java/com/bicap/cloud/aosappuser/controller/AppUserController.java" />
        <option value="$PROJECT_DIR$/report-generate/src/main/java/com/bicap/cloud/reportgenerate/service/DataSummingService.java" />
        <option value="$PROJECT_DIR$/control-center/src/main/java/com/zzyq/bicap/control/center/controller/SubjectTaskController.java" />
      </list>
    </option>
  </component>
  <component name="MavenProjectNavigator">
    <treeState>
      <expand>
        <path>
          <item name="" type="16c1761:MavenProjectsStructure$RootNode" />
          <item name="aos-report" type="9519ce18:MavenProjectsStructure$ProjectNode" />
        </path>
        <path>
          <item name="" type="16c1761:MavenProjectsStructure$RootNode" />
          <item name="aos-report" type="9519ce18:MavenProjectsStructure$ProjectNode" />
          <item name="Dependencies" type="f4be9f2a:MavenProjectsStructure$DependenciesNode" />
        </path>
      </expand>
      <select />
    </treeState>
  </component>
  <component name="ProjectFrameBounds" extendedState="6">
    <option name="x" value="-8" />
    <option name="y" value="-8" />
    <option name="width" value="1936" />
    <option name="height" value="1066" />
  </component>
  <component name="ProjectView">
    <navigator currentView="Scope" currentSubView="Scope 'Project Files'; set:Project Files; class com.intellij.psi.search.scope.ProjectFilesScope" proportions="" version="1">
      <foldersAlwaysOnTop value="true" />
    </navigator>
    <panes>
      <pane id="ProjectPane" />
      <pane id="PackagesPane" />
      <pane id="Scope">
        <subPane subId="Scope 'Project Files'; set:Project Files; class com.intellij.psi.search.scope.ProjectFilesScope">
          <expand>
            <path>
              <item name="aos" type="3d21c010:ScopeViewTreeModel$ProjectNode" />
              <item name="swaggerconfig" type="2674bda8:ScopeViewTreeModel$GroupNode" />
            </path>
            <path>
              <item name="aos" type="3d21c010:ScopeViewTreeModel$ProjectNode" />
              <item name="swaggerconfig" type="2674bda8:ScopeViewTreeModel$GroupNode" />
              <item name="src/main" type="9f88c78c:ScopeViewTreeModel$FileNode" />
            </path>
            <path>
              <item name="aos" type="3d21c010:ScopeViewTreeModel$ProjectNode" />
              <item name="swaggerconfig" type="2674bda8:ScopeViewTreeModel$GroupNode" />
              <item name="src/main" type="9f88c78c:ScopeViewTreeModel$FileNode" />
              <item name="java" type="9f88c78c:ScopeViewTreeModel$FileNode" />
            </path>
            <path>
              <item name="aos" type="3d21c010:ScopeViewTreeModel$ProjectNode" />
              <item name="swaggerconfig" type="2674bda8:ScopeViewTreeModel$GroupNode" />
              <item name="src/main" type="9f88c78c:ScopeViewTreeModel$FileNode" />
              <item name="java" type="9f88c78c:ScopeViewTreeModel$FileNode" />
              <item name="com.yunce.cloud.swagger.config" type="9f88c78c:ScopeViewTreeModel$FileNode" />
            </path>
            <path>
              <item name="aos" type="3d21c010:ScopeViewTreeModel$ProjectNode" />
              <item name="swaggerconfig" type="2674bda8:ScopeViewTreeModel$GroupNode" />
              <item name="src/main" type="9f88c78c:ScopeViewTreeModel$FileNode" />
              <item name="java" type="9f88c78c:ScopeViewTreeModel$FileNode" />
              <item name="com.yunce.cloud.swagger.config" type="9f88c78c:ScopeViewTreeModel$FileNode" />
              <item name="properties" type="9f88c78c:ScopeViewTreeModel$FileNode" />
            </path>
          </expand>
          <select />
        </subPane>
      </pane>
    </panes>
  </component>
  <component name="TimeTrackingManager">
    <option name="totallyTimeSpent" value="5543000" />
  </component>
  <component name="ToolWindowManager">
    <frame x="-8" y="-8" width="1936" height="1066" extended-state="6" />
    <layout>
      <window_info content_ui="combo" id="Project" order="0" visible="true" weight="0.18562232" />
      <window_info id="Structure" order="1" side_tool="true" weight="0.25" />
      <window_info id="Web" order="2" side_tool="true" />
      <window_info id="Favorites" order="3" side_tool="true" />
      <window_info anchor="bottom" id="Message" order="0" />
      <window_info anchor="bottom" id="Find" order="1" />
      <window_info anchor="bottom" id="Run" order="2" weight="0.32911393" />
      <window_info anchor="bottom" id="Debug" order="3" weight="0.4" />
      <window_info anchor="bottom" id="Cvs" order="4" weight="0.25" />
      <window_info anchor="bottom" id="Inspection" order="5" weight="0.4" />
      <window_info anchor="bottom" id="TODO" order="6" />
      <window_info anchor="bottom" id="Services" order="7" visible="true" weight="0.16416308" />
      <window_info anchor="bottom" id="Version Control" order="8" />
      <window_info anchor="bottom" id="Problems" order="9" />
      <window_info anchor="bottom" id="Spring" order="10" />
      <window_info anchor="bottom" id="Database Changes" order="11" />
      <window_info anchor="bottom" id="Terminal" order="12" />
      <window_info anchor="bottom" id="Event Log" order="13" side_tool="true" weight="0.32911393" />
      <window_info anchor="bottom" id="Build" order="14" />
      <window_info anchor="bottom" id="Java Enterprise" order="15" />
      <window_info anchor="right" id="Commander" internal_type="SLIDING" order="0" type="SLIDING" weight="0.4" />
      <window_info anchor="right" id="Ant Build" order="1" weight="0.25" />
      <window_info anchor="right" content_ui="combo" id="Hierarchy" order="2" weight="0.25" />
      <window_info active="true" anchor="right" id="Maven" order="3" visible="true" weight="0.18615879" />
      <window_info anchor="right" id="Database" order="4" />
      <window_info anchor="right" id="Ant" order="5" />
      <window_info anchor="right" id="Key Promoter X" order="6" />
      <window_info anchor="right" id="Bean Validation" order="7" />
      <window_info anchor="right" id="JSON Utils" order="8" />
    </layout>
  </component>
  <component name="editorHistoryManager">
    <entry file="file://$PROJECT_DIR$/aos-app-user/src/main/java/com/bicap/cloud/aosappuser/consumer/DataConsumer.java">
      <provider selected="true" editor-type-id="text-editor">
        <state relative-caret-position="72">
          <caret line="12" selection-start-line="12" selection-end-line="12" />
        </state>
      </provider>
    </entry>
    <entry file="file://$PROJECT_DIR$/aos-data-process/pom.xml">
      <provider selected="true" editor-type-id="text-editor">
        <state relative-caret-position="261">
          <caret line="21" column="19" selection-start-line="21" selection-start-column="9" selection-end-line="21" selection-end-column="19" />
        </state>
      </provider>
    </entry>
    <entry file="file://$PROJECT_DIR$/aos-app-user/src/main/java/com/bicap/cloud/aosappuser/controller/AppMsgServerController.java">
      <provider selected="true" editor-type-id="text-editor">
        <state relative-caret-position="144">
          <caret line="26" column="13" selection-start-line="26" selection-start-column="13" selection-end-line="26" selection-end-column="13" />
        </state>
      </provider>
    </entry>
    <entry file="file://$PROJECT_DIR$/aos-api-gateway/src/main/java/com/bicap/cloud/filter/AuthorizePreFilter.java">
      <provider selected="true" editor-type-id="text-editor">
        <state relative-caret-position="237">
          <caret line="158" column="29" selection-start-line="158" selection-start-column="16" selection-end-line="158" selection-end-column="29" />
        </state>
      </provider>
    </entry>
    <entry file="file://$PROJECT_DIR$/aos-api-gateway/build.bat">
      <provider selected="true" editor-type-id="text-editor" />
    </entry>
    <entry file="file://$PROJECT_DIR$/aos-app-user/pom.xml">
      <provider selected="true" editor-type-id="text-editor" />
    </entry>
    <entry file="file://$PROJECT_DIR$/aos-app-user/src/main/java/com/bicap/cloud/aosappuser/AppUserApplication.java">
      <provider selected="true" editor-type-id="text-editor">
        <state relative-caret-position="144">
          <caret line="23" column="13" selection-start-line="23" selection-start-column="13" selection-end-line="23" selection-end-column="13" />
        </state>
      </provider>
    </entry>
    <entry file="file://$PROJECT_DIR$/aos-app-user/src/main/java/com/bicap/cloud/aosappuser/controller/AppMsgClientController.java">
      <provider selected="true" editor-type-id="text-editor">
        <state relative-caret-position="326">
          <caret line="100" column="26" selection-start-line="100" selection-start-column="26" selection-end-line="100" selection-end-column="26" />
          <folding>
            <element signature="imports" expanded="true" />
          </folding>
        </state>
      </provider>
    </entry>
    <entry file="file://$PROJECT_DIR$/aos-app-user/src/main/java/com/bicap/cloud/aosappuser/controller/AppUserController.java">
      <provider selected="true" editor-type-id="text-editor">
        <state relative-caret-position="348">
          <caret line="50" column="5" lean-forward="true" selection-start-line="50" selection-start-column="5" selection-end-line="50" selection-end-column="5" />
        </state>
      </provider>
    </entry>
    <entry file="file://$PROJECT_DIR$/aos-app-user/src/main/resources/generatorConfig.xml">
      <provider selected="true" editor-type-id="text-editor">
        <state relative-caret-position="-255">
          <caret line="14" column="26" lean-forward="true" selection-start-line="14" selection-start-column="26" selection-end-line="14" selection-end-column="26" />
        </state>
      </provider>
    </entry>
    <entry file="file://$PROJECT_DIR$/aos-app-user/src/main/java/com/bicap/cloud/aosappuser/service/AppMsgClientService.java">
      <provider selected="true" editor-type-id="text-editor">
        <state relative-caret-position="219">
          <caret line="95" column="18" selection-start-line="95" selection-start-column="5" selection-end-line="95" selection-end-column="18" />
          <folding>
            <element signature="imports" expanded="true" />
            <element signature="docComment;method#getPageReturnInfo#0;class#AppMsgClientService#0" expanded="true" />
          </folding>
        </state>
      </provider>
    </entry>
    <entry file="file://$PROJECT_DIR$/aos-app-user/src/main/java/com/bicap/cloud/aosappuser/service/AppUserService.java">
      <provider selected="true" editor-type-id="text-editor">
        <state relative-caret-position="126">
          <caret line="20" column="13" selection-start-line="20" selection-start-column="13" selection-end-line="20" selection-end-column="13" />
        </state>
      </provider>
    </entry>
    <entry file="file://$PROJECT_DIR$/aos-app-user/src/main/java/com/bicap/cloud/aosappuser/service/UtilsService.java">
      <provider selected="true" editor-type-id="text-editor">
        <state relative-caret-position="144">
          <caret line="15" column="13" selection-start-line="15" selection-start-column="13" selection-end-line="15" selection-end-column="13" />
        </state>
      </provider>
    </entry>
    <entry file="file://$PROJECT_DIR$/aos-app-user/src/main/java/com/bicap/cloud/aosappuser/service/JPushMessageService.java">
      <provider selected="true" editor-type-id="text-editor">
        <state relative-caret-position="-325">
          <caret line="16" lean-forward="true" selection-start-line="16" selection-end-line="16" />
          <folding>
            <element signature="docComment;class#JPushMessageService#0" expanded="true" />
          </folding>
        </state>
      </provider>
    </entry>
    <entry file="file://$PROJECT_DIR$/data-process/src/main/java/com/bicap/cloud/es/hbase/message/MessageConsumer.java">
      <provider selected="true" editor-type-id="text-editor">
        <state relative-caret-position="144">
          <caret line="42" column="13" selection-start-line="42" selection-start-column="13" selection-end-line="42" selection-end-column="13" />
        </state>
      </provider>
    </entry>
    <entry file="file://$PROJECT_DIR$/report-generate/src/main/java/com/bicap/cloud/reportgenerate/service/YearlyService.java">
      <provider selected="true" editor-type-id="text-editor">
        <state relative-caret-position="-789">
          <caret line="25" column="13" selection-start-line="25" selection-start-column="13" selection-end-line="25" selection-end-column="13" />
        </state>
      </provider>
    </entry>
    <entry file="file://$PROJECT_DIR$/report-generate/build.bat">
      <provider selected="true" editor-type-id="text-editor" />
    </entry>
    <entry file="file://$PROJECT_DIR$/report-generate/pom.xml">
      <provider selected="true" editor-type-id="text-editor">
        <state relative-caret-position="109">
          <caret line="121" column="16" lean-forward="true" selection-start-line="121" selection-start-column="16" selection-end-line="121" selection-end-column="16" />
        </state>
      </provider>
    </entry>
    <entry file="file://$PROJECT_DIR$/report-generate/src/main/java/com/bicap/cloud/reportgenerate/service/MonthlyReportService.java">
      <provider selected="true" editor-type-id="text-editor">
        <state relative-caret-position="18">
          <caret line="116" column="68" selection-start-line="116" selection-start-column="30" selection-end-line="116" selection-end-column="68" />
          <folding>
            <element signature="imports" expanded="true" />
          </folding>
        </state>
      </provider>
    </entry>
    <entry file="file://$PROJECT_DIR$/report-generate/src/main/java/com/bicap/cloud/reportgenerate/service/ChartSummingService.java">
      <provider selected="true" editor-type-id="text-editor">
        <state relative-caret-position="108">
          <caret line="20" column="13" selection-start-line="20" selection-start-column="13" selection-end-line="20" selection-end-column="13" />
        </state>
      </provider>
    </entry>
    <entry file="file://$PROJECT_DIR$/report-generate/src/main/java/com/bicap/cloud/reportgenerate/service/CreateMonthlyReportService.java">
      <provider selected="true" editor-type-id="text-editor">
        <state relative-caret-position="108">
          <caret line="24" column="13" selection-start-line="24" selection-start-column="13" selection-end-line="24" selection-end-column="13" />
        </state>
      </provider>
    </entry>
    <entry file="file://$PROJECT_DIR$/report-generate/src/main/java/com/bicap/cloud/reportgenerate/service/DailyReportService.java">
      <provider selected="true" editor-type-id="text-editor">
        <state relative-caret-position="108">
          <caret line="42" column="13" selection-start-line="42" selection-start-column="13" selection-end-line="42" selection-end-column="13" />
        </state>
      </provider>
    </entry>
    <entry file="file://$PROJECT_DIR$/report-generate/src/main/java/com/bicap/cloud/reportgenerate/service/CreateYearlyService.java">
      <provider selected="true" editor-type-id="text-editor">
        <state relative-caret-position="108">
          <caret line="28" column="13" selection-start-line="28" selection-start-column="13" selection-end-line="28" selection-end-column="13" />
        </state>
      </provider>
    </entry>
    <entry file="file://$PROJECT_DIR$/report-generate/src/main/java/com/bicap/cloud/reportgenerate/service/DataSummingService.java">
      <provider selected="true" editor-type-id="text-editor">
        <state relative-caret-position="-8187">
          <caret line="121" column="49" selection-start-line="121" selection-start-column="49" selection-end-line="121" selection-end-column="49" />
        </state>
      </provider>
    </entry>
    <entry file="file://$PROJECT_DIR$/control-center/src/main/java/com/zzyq/bicap/control/center/configuration/ApplicationStartUp.java">
      <provider selected="true" editor-type-id="text-editor">
        <state relative-caret-position="22">
          <caret line="22" column="13" selection-start-line="22" selection-start-column="13" selection-end-line="22" selection-end-column="13" />
        </state>
      </provider>
    </entry>
    <entry file="file://$PROJECT_DIR$/control-center/src/main/resources/application.yml">
      <provider selected="true" editor-type-id="text-editor" />
    </entry>
    <entry file="file://$PROJECT_DIR$/control-center/src/main/resources/application-dev.properties">
      <provider selected="true" editor-type-id="text-editor" />
    </entry>
    <entry file="file://$PROJECT_DIR$/control-center/src/main/java/com/zzyq/bicap/control/center/mapper/SubjectTaskMapper.java">
      <provider selected="true" editor-type-id="text-editor">
        <state relative-caret-position="154">
          <caret line="12" column="17" selection-start-line="12" selection-start-column="17" selection-end-line="12" selection-end-column="17" />
        </state>
      </provider>
    </entry>
    <entry file="file://$PROJECT_DIR$/control-center/src/main/java/com/zzyq/bicap/control/center/entity/SubjectTask.java">
      <provider selected="true" editor-type-id="text-editor">
        <state relative-caret-position="-270">
          <caret line="6" column="13" selection-start-line="6" selection-start-column="13" selection-end-line="6" selection-end-column="13" />
        </state>
      </provider>
    </entry>
    <entry file="file://$PROJECT_DIR$/control-center/src/main/java/com/zzyq/bicap/control/center/controller/CollectTaskController.java">
      <provider selected="true" editor-type-id="text-editor">
        <state relative-caret-position="176">
          <caret line="34" column="13" selection-start-line="34" selection-start-column="13" selection-end-line="34" selection-end-column="13" />
        </state>
      </provider>
    </entry>
    <entry file="file://$PROJECT_DIR$/control-center/src/main/java/com/zzyq/bicap/control/center/controller/SubjectTaskController.java">
      <provider selected="true" editor-type-id="text-editor">
        <state relative-caret-position="183">
          <caret line="48" column="8" selection-start-line="48" selection-start-column="8" selection-end-line="48" selection-end-column="8" />
          <folding>
            <element signature="docComment;method#newTask#0;class#SubjectTaskController#0" expanded="true" />
          </folding>
        </state>
      </provider>
    </entry>
    <entry file="file://$PROJECT_DIR$/control-center/pom.xml">
      <provider selected="true" editor-type-id="text-editor">
        <state relative-caret-position="-1372" />
      </provider>
    </entry>
    <entry file="file://$PROJECT_DIR$/aos-warns/pom.xml">
      <provider selected="true" editor-type-id="text-editor">
        <state relative-caret-position="717">
          <caret line="107" column="12" selection-start-line="54" selection-start-column="4" selection-end-line="107" selection-end-column="12" />
        </state>
      </provider>
    </entry>
    <entry file="file://$PROJECT_DIR$/aos-theme/src/main/resources/application.yml">
      <provider selected="true" editor-type-id="text-editor" />
    </entry>
    <entry file="file://$PROJECT_DIR$/aos-theme/src/main/resources/bootstrap.yml">
      <provider selected="true" editor-type-id="text-editor" />
    </entry>
    <entry file="file://$PROJECT_DIR$/pom.xml">
      <provider selected="true" editor-type-id="text-editor">
        <state relative-caret-position="269">
          <caret line="92" lean-forward="true" selection-start-line="92" selection-end-line="92" />
        </state>
      </provider>
    </entry>
    <entry file="file://$PROJECT_DIR$/aos-api-gateway/src/main/resources/bootstrap.yml">
      <provider selected="true" editor-type-id="text-editor">
        <state relative-caret-position="264">
          <caret line="12" column="19" selection-start-line="12" selection-start-column="19" selection-end-line="12" selection-end-column="37" />
        </state>
      </provider>
    </entry>
    <entry file="file://$PROJECT_DIR$/aos-api-gateway/src/main/java/com/bicap/cloud/filter/TokenPreFilter.java">
      <provider selected="true" editor-type-id="text-editor">
        <state relative-caret-position="108">
          <caret line="23" column="13" selection-start-line="23" selection-start-column="13" selection-end-line="23" selection-end-column="13" />
        </state>
      </provider>
    </entry>
    <entry file="file://$PROJECT_DIR$/aos-api-gateway/src/main/java/com/bicap/cloud/AosApiGatewayApplication.java">
      <provider selected="true" editor-type-id="text-editor">
        <state relative-caret-position="88">
          <caret line="10" selection-start-line="10" selection-end-line="11" selection-end-column="22" />
        </state>
      </provider>
    </entry>
    <entry file="file://$PROJECT_DIR$/aos-api-gateway/pom.xml">
      <provider selected="true" editor-type-id="text-editor">
        <state relative-caret-position="350">
          <caret line="16" column="36" selection-start-line="16" selection-start-column="36" selection-end-line="16" selection-end-column="36" />
        </state>
      </provider>
    </entry>
    <entry file="file://$PROJECT_DIR$/aos-api-gateway/src/main/resources/application-backup.yml">
      <provider selected="true" editor-type-id="text-editor">
        <state relative-caret-position="-38">
          <caret line="25" column="16" lean-forward="true" selection-start-line="25" selection-start-column="16" selection-end-line="25" selection-end-column="16" />
        </state>
      </provider>
    </entry>
    <entry file="file://$PROJECT_DIR$/aos-app-user/src/main/resources/bootstrap.yml">
      <provider selected="true" editor-type-id="text-editor" />
    </entry>
    <entry file="file://$PROJECT_DIR$/aos-data-anlysis/src/main/resources/bootstrap.yml">
      <provider selected="true" editor-type-id="text-editor" />
    </entry>
    <entry file="file://$PROJECT_DIR$/aos-data-anlysis/src/main/resources/application-dev.yml">
      <provider selected="true" editor-type-id="text-editor">
        <state>
          <caret selection-end-line="17" selection-end-column="20" />
        </state>
      </provider>
    </entry>
    <entry file="file://$PROJECT_DIR$/aos-configurations/pom.xml">
      <provider selected="true" editor-type-id="text-editor" />
    </entry>
    <entry file="file://$PROJECT_DIR$/aos-configurations/src/main/java/com/configs/datasourceConfig/CustomDuridDataSourceProperties.java">
      <provider selected="true" editor-type-id="text-editor">
        <state relative-caret-position="132">
          <caret line="10" column="13" selection-start-line="10" selection-start-column="13" selection-end-line="10" selection-end-column="13" />
        </state>
      </provider>
    </entry>
    <entry file="file://$PROJECT_DIR$/swaggerconfig/pom.xml">
      <provider selected="true" editor-type-id="text-editor" />
    </entry>
    <entry file="file://$PROJECT_DIR$/swaggerconfig/src/main/java/com/yunce/cloud/swagger/config/properties/SwaggerProperties.java">
      <provider selected="true" editor-type-id="text-editor">
        <state relative-caret-position="-76">
          <caret line="19" column="13" selection-start-line="19" selection-start-column="13" selection-end-line="19" selection-end-column="13" />
        </state>
      </provider>
    </entry>
    <entry file="file://$PROJECT_DIR$/swaggerconfig/src/main/java/com/yunce/cloud/swagger/config/DocumentationConfig.java">
      <provider selected="true" editor-type-id="text-editor">
        <state relative-caret-position="70">
          <caret line="16" column="13" selection-start-line="16" selection-start-column="13" selection-end-line="16" selection-end-column="13" />
        </state>
      </provider>
    </entry>
    <entry file="file://$PROJECT_DIR$/swaggerconfig/src/main/java/com/yunce/cloud/swagger/config/SwaggerAutoConfiguration.java">
      <provider selected="true" editor-type-id="text-editor">
        <state relative-caret-position="304">
          <caret line="51" column="25" lean-forward="true" selection-start-line="51" selection-start-column="25" selection-end-line="51" selection-end-column="25" />
        </state>
      </provider>
    </entry>
  </component>
</project>