<project version="4">
  <component name="FileEditorManager">
    <leaf>
      <file pinned="false" current-in-tab="true">
        <entry file="file://$PROJECT_DIR$/pom.xml">
          <provider selected="true" editor-type-id="text-editor">
            <state relative-caret-position="234">
              <caret line="13" column="17" lean-forward="true" selection-start-line="13" selection-start-column="17" selection-end-line="13" selection-end-column="17" />
            </state>
          </provider>
        </entry>
      </file>
    </leaf>
  </component>
  <component name="IdeDocumentHistory">
    <option name="CHANGED_PATHS">
      <list>
        <option value="$APPLICATION_CONFIG_DIR$/idea64.exe.vmoptions" />
      </list>
    </option>
  </component>
  <component name="MavenProjectNavigator">
    <treeState>
      <expand />
      <select />
    </treeState>
  </component>
  <component name="ProjectFrameBounds" extendedState="6">
    <option name="x" value="1912" />
    <option name="y" value="-8" />
    <option name="width" value="1936" />
    <option name="height" value="1066" />
  </component>
  <component name="ProjectView">
    <navigator proportions="" version="1">
      <foldersAlwaysOnTop value="true" />
    </navigator>
    <panes>
      <pane id="ProjectPane">
        <subPane>
          <expand>
            <path>
              <item name="springcode" type="b2602c69:ProjectViewProjectNode" />
              <item name="springSourceCode" type="462c0819:PsiDirectoryNode" />
            </path>
            <path>
              <item name="springcode" type="b2602c69:ProjectViewProjectNode" />
              <item name="springSourceCode" type="462c0819:PsiDirectoryNode" />
              <item name="src" type="462c0819:PsiDirectoryNode" />
            </path>
            <path>
              <item name="springcode" type="b2602c69:ProjectViewProjectNode" />
              <item name="springSourceCode" type="462c0819:PsiDirectoryNode" />
              <item name="src" type="462c0819:PsiDirectoryNode" />
              <item name="main" type="462c0819:PsiDirectoryNode" />
            </path>
            <path>
              <item name="springcode" type="b2602c69:ProjectViewProjectNode" />
              <item name="springSourceCode" type="462c0819:PsiDirectoryNode" />
              <item name="src" type="462c0819:PsiDirectoryNode" />
              <item name="test" type="462c0819:PsiDirectoryNode" />
            </path>
          </expand>
          <select />
        </subPane>
      </pane>
      <pane id="Scope" />
      <pane id="PackagesPane" />
    </panes>
  </component>
  <component name="TimeTrackingManager">
    <option name="totallyTimeSpent" value="247000" />
  </component>
  <component name="ToolWindowManager">
    <frame x="1912" y="-8" width="1936" height="1066" extended-state="6" />
    <layout>
      <window_info id="Favorites" side_tool="true" />
      <window_info active="true" content_ui="combo" id="Project" order="0" visible="true" weight="0.17421417" />
      <window_info id="Structure" order="1" side_tool="true" weight="0.25" />
      <window_info anchor="bottom" id="Services" />
      <window_info anchor="bottom" id="Problems" />
      <window_info anchor="bottom" id="Database Changes" />
      <window_info anchor="bottom" id="Version Control" />
      <window_info anchor="bottom" id="Build" />
      <window_info anchor="bottom" id="Terminal" />
      <window_info anchor="bottom" id="Event Log" side_tool="true" visible="true" weight="0.32911393" />
      <window_info anchor="bottom" id="Message" order="0" />
      <window_info anchor="bottom" id="Find" order="1" />
      <window_info anchor="bottom" id="Run" order="2" />
      <window_info anchor="bottom" id="Debug" order="3" weight="0.4" />
      <window_info anchor="bottom" id="Cvs" order="4" weight="0.25" />
      <window_info anchor="bottom" id="Inspection" order="5" weight="0.4" />
      <window_info anchor="bottom" id="TODO" order="6" />
      <window_info anchor="right" id="Ant" />
      <window_info anchor="right" id="Maven" visible="true" weight="0.32978156" />
      <window_info anchor="right" id="JSON Utils" />
      <window_info anchor="right" id="Key Promoter X" />
      <window_info anchor="right" id="Database" />
      <window_info anchor="right" id="Commander" internal_type="SLIDING" order="0" type="SLIDING" weight="0.4" />
      <window_info anchor="right" id="Ant Build" order="1" weight="0.25" />
      <window_info anchor="right" content_ui="combo" id="Hierarchy" order="2" weight="0.25" />
    </layout>
  </component>
  <component name="editorHistoryManager">
    <entry file="file://$APPLICATION_CONFIG_DIR$/idea64.exe.vmoptions">
      <provider selected="true" editor-type-id="text-editor">
        <state relative-caret-position="108">
          <caret line="6" column="16" lean-forward="true" selection-start-line="6" selection-start-column="16" selection-end-line="6" selection-end-column="16" />
        </state>
      </provider>
    </entry>
    <entry file="file://$PROJECT_DIR$/pom.xml">
      <provider selected="true" editor-type-id="text-editor">
        <state relative-caret-position="234">
          <caret line="13" column="17" lean-forward="true" selection-start-line="13" selection-start-column="17" selection-end-line="13" selection-end-column="17" />
        </state>
      </provider>
    </entry>
  </component>
</project>