<project version="4">
  <component name="FileEditorManager">
    <leaf>
      <file pinned="false" current-in-tab="true">
        <entry file="file://$PROJECT_DIR$/src/main/java/firstchapter/codes/webdemo/services/TestService.java">
          <provider selected="true" editor-type-id="text-editor">
            <state relative-caret-position="162">
              <caret line="13" column="3" lean-forward="true" selection-start-line="13" selection-start-column="3" selection-end-line="13" selection-end-column="3" />
              <folding>
                <element signature="imports" expanded="true" />
              </folding>
            </state>
          </provider>
        </entry>
      </file>
    </leaf>
  </component>
  <component name="FindInProjectRecents">
    <findStrings>
      <find>&quot;template&quot;</find>
    </findStrings>
    <replaceStrings>
      <replace />
    </replaceStrings>
  </component>
  <component name="IdeDocumentHistory">
    <option name="CHANGED_PATHS">
      <list>
        <option value="$APPLICATION_CONFIG_DIR$/idea64.exe.vmoptions" />
        <option value="$PROJECT_DIR$/README.md" />
        <option value="$PROJECT_DIR$/src/main/resource/css/index.css.js" />
        <option value="$PROJECT_DIR$/src/main/resource/application.yml" />
        <option value="$PROJECT_DIR$/src/main/java/firstchapter/codes/webdemo/config/ReadFileTest.java" />
        <option value="$PROJECT_DIR$/src/main/java/firstchapter/codes/webdemo/config/ConstantConfig.java" />
        <option value="$PROJECT_DIR$/src/main/java/firstchapter/codes/webdemo/controllers/HashTestControoler.java" />
        <option value="$PROJECT_DIR$/src/main/java/firstchapter/codes/webdemo/entity/SysRole.java" />
        <option value="$PROJECT_DIR$/src/main/java/firstchapter/codes/webdemo/mappers/TestMapper.java" />
        <option value="$PROJECT_DIR$/src/main/java/firstchapter/codes/webdemo/msg/MsgOps.java" />
        <option value="$PROJECT_DIR$/pom.xml" />
        <option value="$PROJECT_DIR$/src/main/java/firstchapter/codes/webdemo/controllers/TestController.java" />
        <option value="$PROJECT_DIR$/src/main/java/firstchapter/codes/webdemo/services/TestService.java" />
        <option value="$PROJECT_DIR$/src/main/java/firstchapter/codes/webdemo/controllers/HashTestController.java" />
        <option value="$PROJECT_DIR$/src/main/java/firstchapter/SourceCodeApplication.java" />
        <option value="$PROJECT_DIR$/src/main/resource/js/index.js" />
        <option value="$PROJECT_DIR$/src/main/resource/template/index.html" />
        <option value="$PROJECT_DIR$/src/main/java/firstchapter/codes/springdemo/ConfigBean.java" />
      </list>
    </option>
  </component>
  <component name="MavenProjectNavigator">
    <treeState>
      <expand>
        <path>
          <item name="" type="16c1761:MavenProjectsStructure$RootNode" />
          <item name="springcode" type="9519ce18:MavenProjectsStructure$ProjectNode" />
        </path>
        <path>
          <item name="" type="16c1761:MavenProjectsStructure$RootNode" />
          <item name="springcode" type="9519ce18:MavenProjectsStructure$ProjectNode" />
          <item name="Dependencies" type="f4be9f2a:MavenProjectsStructure$DependenciesNode" />
        </path>
      </expand>
      <select />
    </treeState>
  </component>
  <component name="ProjectFrameBounds" extendedState="6">
    <option name="width" value="1920" />
    <option name="height" value="1050" />
  </component>
  <component name="ProjectView">
    <navigator currentView="Scope" currentSubView="Scope 'Project Files'; set:Project Files; class com.intellij.psi.search.scope.ProjectFilesScope" proportions="" version="1">
      <foldersAlwaysOnTop value="true" />
    </navigator>
    <panes>
      <pane id="ProjectPane">
        <subPane>
          <expand>
            <path>
              <item name="springcode" type="b2602c69:ProjectViewProjectNode" />
              <item name="spring_source_code_learn" type="462c0819:PsiDirectoryNode" />
            </path>
          </expand>
          <select />
        </subPane>
      </pane>
      <pane id="Scope">
        <subPane subId="Scope 'Project Files'; set:Project Files; class com.intellij.psi.search.scope.ProjectFilesScope">
          <expand>
            <path>
              <item name="springcode" type="3d21c010:ScopeViewTreeModel$ProjectNode" />
              <item name="springcode" type="2674bda8:ScopeViewTreeModel$GroupNode" />
            </path>
            <path>
              <item name="springcode" type="3d21c010:ScopeViewTreeModel$ProjectNode" />
              <item name="springcode" type="2674bda8:ScopeViewTreeModel$GroupNode" />
              <item name="src/main" type="9f88c78c:ScopeViewTreeModel$FileNode" />
            </path>
            <path>
              <item name="springcode" type="3d21c010:ScopeViewTreeModel$ProjectNode" />
              <item name="springcode" type="2674bda8:ScopeViewTreeModel$GroupNode" />
              <item name="src/main" type="9f88c78c:ScopeViewTreeModel$FileNode" />
              <item name="java" type="9f88c78c:ScopeViewTreeModel$FileNode" />
            </path>
            <path>
              <item name="springcode" type="3d21c010:ScopeViewTreeModel$ProjectNode" />
              <item name="springcode" type="2674bda8:ScopeViewTreeModel$GroupNode" />
              <item name="src/main" type="9f88c78c:ScopeViewTreeModel$FileNode" />
              <item name="java" type="9f88c78c:ScopeViewTreeModel$FileNode" />
              <item name="firstchapter" type="9f88c78c:ScopeViewTreeModel$FileNode" />
            </path>
            <path>
              <item name="springcode" type="3d21c010:ScopeViewTreeModel$ProjectNode" />
              <item name="springcode" type="2674bda8:ScopeViewTreeModel$GroupNode" />
              <item name="src/main" type="9f88c78c:ScopeViewTreeModel$FileNode" />
              <item name="java" type="9f88c78c:ScopeViewTreeModel$FileNode" />
              <item name="firstchapter" type="9f88c78c:ScopeViewTreeModel$FileNode" />
              <item name="codes" type="9f88c78c:ScopeViewTreeModel$FileNode" />
            </path>
            <path>
              <item name="springcode" type="3d21c010:ScopeViewTreeModel$ProjectNode" />
              <item name="springcode" type="2674bda8:ScopeViewTreeModel$GroupNode" />
              <item name="src/main" type="9f88c78c:ScopeViewTreeModel$FileNode" />
              <item name="java" type="9f88c78c:ScopeViewTreeModel$FileNode" />
              <item name="firstchapter" type="9f88c78c:ScopeViewTreeModel$FileNode" />
              <item name="codes" type="9f88c78c:ScopeViewTreeModel$FileNode" />
              <item name="webdemo" type="9f88c78c:ScopeViewTreeModel$FileNode" />
            </path>
          </expand>
          <select />
        </subPane>
      </pane>
      <pane id="PackagesPane" />
    </panes>
  </component>
  <component name="TimeTrackingManager">
    <option name="totallyTimeSpent" value="9634000" />
  </component>
  <component name="ToolWindowManager">
    <frame x="-8" y="-8" width="1936" height="1066" extended-state="6" />
    <layout>
      <window_info active="true" content_ui="combo" id="Project" order="0" visible="true" weight="0.19189766" />
      <window_info id="Structure" order="1" side_tool="true" weight="0.25" />
      <window_info id="Web" order="2" side_tool="true" />
      <window_info id="Favorites" order="3" side_tool="true" />
      <window_info anchor="bottom" id="Message" order="0" />
      <window_info anchor="bottom" id="Find" order="1" />
      <window_info anchor="bottom" id="Run" order="2" weight="0.32911393" />
      <window_info anchor="bottom" id="Debug" order="3" sideWeight="0.4989339" weight="0.342827" />
      <window_info anchor="bottom" id="Cvs" order="4" weight="0.25" />
      <window_info anchor="bottom" id="Inspection" order="5" weight="0.4" />
      <window_info anchor="bottom" id="TODO" order="6" />
      <window_info anchor="bottom" id="Services" order="7" />
      <window_info anchor="bottom" id="Version Control" order="8" />
      <window_info anchor="bottom" id="Problems" order="9" />
      <window_info anchor="bottom" id="Spring" order="10" />
      <window_info anchor="bottom" id="Database Changes" order="11" />
      <window_info anchor="bottom" id="Terminal" order="12" />
      <window_info anchor="bottom" id="Event Log" order="13" sideWeight="0.5010661" side_tool="true" weight="0.45464134" />
      <window_info anchor="bottom" id="Build" order="14" weight="0.2805907" />
      <window_info anchor="bottom" id="Java Enterprise" order="15" />
      <window_info anchor="bottom" id="Messages" order="16" sideWeight="0.49946696" weight="0.32911393" />
      <window_info anchor="right" id="Commander" internal_type="SLIDING" order="0" type="SLIDING" weight="0.4" />
      <window_info anchor="right" id="Ant Build" order="1" weight="0.25" />
      <window_info anchor="right" content_ui="combo" id="Hierarchy" order="2" weight="0.25" />
      <window_info anchor="right" id="Maven" order="3" weight="0.34061834" />
      <window_info anchor="right" id="Database" order="4" weight="0.32978156" />
      <window_info anchor="right" id="Ant" order="5" weight="0.32978156" />
      <window_info anchor="right" id="Key Promoter X" order="6" weight="0.32978156" />
      <window_info anchor="right" id="Bean Validation" order="7" />
      <window_info anchor="right" id="JSON Utils" order="8" weight="0.32978156" />
    </layout>
  </component>
  <component name="antWorkspaceConfiguration">
    <option name="IS_AUTOSCROLL_TO_SOURCE" value="false" />
    <option name="FILTER_TARGETS" value="false" />
  </component>
  <component name="editorHistoryManager">
    <entry file="file://$APPLICATION_CONFIG_DIR$/idea64.exe.vmoptions">
      <provider selected="true" editor-type-id="text-editor">
        <state relative-caret-position="126">
          <caret line="7" column="23" selection-start-line="7" selection-start-column="23" selection-end-line="7" selection-end-column="23" />
        </state>
      </provider>
    </entry>
    <entry file="jar://D:/.m2/org/springframework/data/spring-data-redis/2.0.11.RELEASE/spring-data-redis-2.0.11.RELEASE-sources.jar!/org/springframework/data/redis/connection/lettuce/LettuceClientConfiguration.java">
      <provider selected="true" editor-type-id="text-editor">
        <state relative-caret-position="333">
          <caret line="188" lean-forward="true" selection-start-line="188" selection-end-line="188" />
          <folding>
            <element signature="docComment;method#commandTimeout#0;class#LettuceClientConfigurationBuilder#0;class#LettuceClientConfiguration#0" expanded="true" />
          </folding>
        </state>
      </provider>
    </entry>
    <entry file="jar://D:/.m2/org/springframework/boot/spring-boot-autoconfigure/2.0.6.RELEASE/spring-boot-autoconfigure-2.0.6.RELEASE-sources.jar!/org/springframework/boot/autoconfigure/data/redis/LettuceConnectionConfiguration.java">
      <provider selected="true" editor-type-id="text-editor">
        <state relative-caret-position="333">
          <caret line="118" column="29" lean-forward="true" selection-start-line="118" selection-start-column="29" selection-end-line="118" selection-end-column="29" />
        </state>
      </provider>
    </entry>
    <entry file="jar://D:/.m2/org/springframework/boot/spring-boot-autoconfigure/2.0.6.RELEASE/spring-boot-autoconfigure-2.0.6.RELEASE-sources.jar!/org/springframework/boot/autoconfigure/data/redis/RedisProperties.java">
      <provider selected="true" editor-type-id="text-editor">
        <state relative-caret-position="315">
          <caret line="128" column="31" lean-forward="true" selection-start-line="128" selection-start-column="31" selection-end-line="128" selection-end-column="31" />
          <folding>
            <element signature="docComment;field#timeout#0;class#RedisProperties#0" expanded="true" />
          </folding>
        </state>
      </provider>
    </entry>
    <entry file="jar://D:/web_softs/jdk1.8/jdk/src.zip!/java/time/Duration.java">
      <provider selected="true" editor-type-id="text-editor">
        <state relative-caret-position="126">
          <caret line="133" column="33" selection-start-line="133" selection-start-column="19" selection-end-line="133" selection-end-column="33" />
        </state>
      </provider>
    </entry>
    <entry file="file://$PROJECT_DIR$/src/main/java/firstchapter/codes/webdemo/msg/MsgOpsTest.java" />
    <entry file="file://$PROJECT_DIR$/src/main/java/firstchapter/codes/webdemo/config/LogRecordAspect.java">
      <provider selected="true" editor-type-id="text-editor">
        <state relative-caret-position="522">
          <caret line="44" column="15" selection-start-line="44" selection-start-column="15" selection-end-line="44" selection-end-column="15" />
        </state>
      </provider>
    </entry>
    <entry file="file://$PROJECT_DIR$/src/main/java/firstchapter/codes/webdemo/entity/HashTest.java">
      <provider selected="true" editor-type-id="text-editor">
        <state relative-caret-position="54">
          <caret line="7" column="13" selection-start-line="7" selection-start-column="13" selection-end-line="7" selection-end-column="13" />
        </state>
      </provider>
    </entry>
    <entry file="file://$PROJECT_DIR$/src/main/java/firstchapter/codes/webdemo/entity/SysRole.java">
      <provider selected="true" editor-type-id="text-editor">
        <state relative-caret-position="239">
          <caret line="34" column="34" lean-forward="true" selection-start-line="34" selection-start-column="34" selection-end-line="34" selection-end-column="34" />
        </state>
      </provider>
    </entry>
    <entry file="file://$PROJECT_DIR$/src/main/java/firstchapter/codes/webdemo/msg/MsgOps.java" />
    <entry file="jar://D:/.m2/commons-io/commons-io/1.3.2/commons-io-1.3.2.jar!/org/apache/commons/io/FileUtils.class">
      <provider selected="true" editor-type-id="text-editor">
        <state relative-caret-position="-594">
          <caret line="7" column="23" selection-start-line="7" selection-start-column="18" selection-end-line="7" selection-end-column="23" />
        </state>
      </provider>
    </entry>
    <entry file="file://$PROJECT_DIR$/src/main/java/firstchapter/codes/webdemo/mappers/TestMapper.java">
      <provider selected="true" editor-type-id="text-editor">
        <state relative-caret-position="360">
          <caret line="24" column="15" selection-start-line="24" selection-start-column="15" selection-end-line="24" selection-end-column="15" />
          <folding>
            <element signature="imports" expanded="true" />
          </folding>
        </state>
      </provider>
    </entry>
    <entry file="file://$APPLICATION_CONFIG_DIR$/javascript/extLibs/http_cdn.staticfile.org_vue_2.2.2_vue.js">
      <provider selected="true" editor-type-id="text-editor">
        <state relative-caret-position="-159057">
          <folding>
            <element signature="n#!!doc" expanded="true" />
          </folding>
        </state>
      </provider>
    </entry>
    <entry file="file://$PROJECT_DIR$/src/main/java/firstchapter/codes/webdemo/controllers/TestController.java">
      <provider selected="true" editor-type-id="text-editor">
        <state relative-caret-position="621">
          <caret line="127" column="5" lean-forward="true" selection-start-line="127" selection-start-column="5" selection-end-line="127" selection-end-column="5" />
        </state>
      </provider>
    </entry>
    <entry file="file://$PROJECT_DIR$/src/main/java/firstchapter/codes/webdemo/controllers/HashTestController.java">
      <provider selected="true" editor-type-id="text-editor">
        <state relative-caret-position="833">
          <caret line="66" column="39" selection-start-line="66" selection-start-column="39" selection-end-line="66" selection-end-column="39" />
          <folding>
            <element signature="imports" expanded="true" />
          </folding>
        </state>
      </provider>
    </entry>
    <entry file="file://$PROJECT_DIR$/README.md">
      <provider selected="true" editor-type-id="split-provider[text-editor;markdown-preview-editor]">
        <state split_layout="FIRST">
          <first_editor relative-caret-position="36">
            <caret line="2" lean-forward="true" selection-start-line="2" selection-end-line="2" />
          </first_editor>
          <second_editor />
        </state>
      </provider>
    </entry>
    <entry file="file://$PROJECT_DIR$/src/main/resource/css/index.css">
      <provider selected="true" editor-type-id="text-editor" />
    </entry>
    <entry file="file://$PROJECT_DIR$/src/main/java/firstchapter/codes/webdemo/config/ConstantConfig.java">
      <provider selected="true" editor-type-id="text-editor">
        <state relative-caret-position="126">
          <caret line="7" column="13" selection-start-line="7" selection-start-column="13" selection-end-line="7" selection-end-column="13" />
          <folding>
            <element signature="docComment;class#ConstantConfig#0" expanded="true" />
          </folding>
        </state>
      </provider>
    </entry>
    <entry file="file://$PROJECT_DIR$/src/main/java/firstchapter/codes/webdemo/config/ReadFileTest.java">
      <provider selected="true" editor-type-id="text-editor">
        <state relative-caret-position="234">
          <caret line="18" column="20" lean-forward="true" selection-start-line="18" selection-start-column="20" selection-end-line="18" selection-end-column="20" />
          <folding>
            <element signature="docComment;class#ReadFileTest#0" expanded="true" />
          </folding>
        </state>
      </provider>
    </entry>
    <entry file="file://$PROJECT_DIR$/src/main/resource/js/index.js">
      <provider selected="true" editor-type-id="text-editor">
        <state relative-caret-position="360">
          <caret line="20" column="20" selection-start-line="20" selection-start-column="20" selection-end-line="20" selection-end-column="20" />
        </state>
      </provider>
    </entry>
    <entry file="file://$PROJECT_DIR$/src/main/java/firstchapter/codes/entity/MyUser.java">
      <provider selected="true" editor-type-id="text-editor">
        <state relative-caret-position="54">
          <caret line="7" column="13" selection-start-line="7" selection-start-column="13" selection-end-line="7" selection-end-column="13" />
        </state>
      </provider>
    </entry>
    <entry file="file://$PROJECT_DIR$/src/main/java/firstchapter/codes/springdemo/ConfigBean.java">
      <provider selected="true" editor-type-id="text-editor">
        <state relative-caret-position="162">
          <caret line="16" column="9" selection-start-line="16" selection-start-column="9" selection-end-line="16" selection-end-column="9" />
        </state>
      </provider>
    </entry>
    <entry file="file://$PROJECT_DIR$/logs/log.log">
      <provider selected="true" editor-type-id="text-editor">
        <state relative-caret-position="216">
          <caret line="12" column="19" selection-start-line="12" selection-start-column="19" selection-end-line="12" selection-end-column="19" />
        </state>
      </provider>
    </entry>
    <entry file="file://$PROJECT_DIR$/src/main/resource/application.yml">
      <provider selected="true" editor-type-id="text-editor">
        <state relative-caret-position="288">
          <caret line="16" column="15" lean-forward="true" selection-start-line="16" selection-start-column="15" selection-end-line="16" selection-end-column="15" />
        </state>
      </provider>
    </entry>
    <entry file="file://$PROJECT_DIR$/src/main/resource/test.xml">
      <provider selected="true" editor-type-id="text-editor">
        <state relative-caret-position="198">
          <caret line="11" column="8" lean-forward="true" selection-start-line="11" selection-start-column="8" selection-end-line="11" selection-end-column="8" />
        </state>
      </provider>
    </entry>
    <entry file="file://$PROJECT_DIR$/src/main/resource/template/index.html">
      <provider selected="true" editor-type-id="text-editor">
        <state relative-caret-position="324">
          <caret line="18" column="24" lean-forward="true" selection-start-line="18" selection-start-column="24" selection-end-line="18" selection-end-column="24" />
          <folding>
            <element signature="n#style#0;n#div#0;n#body#0;n#html#0;n#!!top" expanded="true" />
          </folding>
        </state>
      </provider>
    </entry>
    <entry file="file://$PROJECT_DIR$/src/main/java/firstchapter/SourceCodeApplication.java">
      <provider selected="true" editor-type-id="text-editor">
        <state relative-caret-position="360">
          <caret line="34" column="5" selection-start-line="34" selection-start-column="5" selection-end-line="34" selection-end-column="5" />
          <folding>
            <element signature="docComment;class#SourceCodeApplication#0" expanded="true" />
          </folding>
        </state>
      </provider>
    </entry>
    <entry file="file://$PROJECT_DIR$/pom.xml">
      <provider selected="true" editor-type-id="text-editor">
        <state relative-caret-position="599">
          <caret line="70" column="31" selection-start-line="70" selection-start-column="24" selection-end-line="70" selection-end-column="31" />
        </state>
      </provider>
    </entry>
    <entry file="file://$PROJECT_DIR$/src/main/java/firstchapter/codes/webdemo/services/TestService.java">
      <provider selected="true" editor-type-id="text-editor">
        <state relative-caret-position="162">
          <caret line="13" column="3" lean-forward="true" selection-start-line="13" selection-start-column="3" selection-end-line="13" selection-end-column="3" />
          <folding>
            <element signature="imports" expanded="true" />
          </folding>
        </state>
      </provider>
    </entry>
  </component>
</project>