<project version="4">
  <component name="FileEditorManager">
    <leaf>
      <file pinned="false" current-in-tab="true">
        <entry file="file://$PROJECT_DIR$/html/index.html">
          <provider selected="true" editor-type-id="text-editor">
            <state relative-caret-position="522">
              <caret line="29" column="17" selection-start-line="29" selection-start-column="17" selection-end-line="29" selection-end-column="17" />
            </state>
          </provider>
        </entry>
      </file>
    </leaf>
  </component>
  <component name="IdeDocumentHistory">
    <option name="CHANGED_PATHS">
      <list>
        <option value="$PROJECT_DIR$/js/index.js" />
        <option value="$PROJECT_DIR$/html/index.html" />
      </list>
    </option>
  </component>
  <component name="ProjectFrameBounds" extendedState="6">
    <option name="x" value="1920" />
    <option name="width" value="1920" />
    <option name="height" value="1050" />
  </component>
  <component name="ProjectView">
    <navigator proportions="" version="1">
      <foldersAlwaysOnTop value="true" />
    </navigator>
    <panes>
      <pane id="ProjectPane" />
      <pane id="Scope" />
      <pane id="PackagesPane" />
    </panes>
  </component>
  <component name="TimeTrackingManager">
    <option name="totallyTimeSpent" value="936000" />
  </component>
  <component name="ToolWindowManager">
    <frame x="1912" y="-8" width="1936" height="1066" extended-state="6" />
    <layout>
      <window_info active="true" content_ui="combo" id="Project" order="0" visible="true" weight="0.25253063" />
      <window_info id="Structure" order="1" side_tool="true" weight="0.25" />
      <window_info id="Favorites" order="2" side_tool="true" />
      <window_info anchor="bottom" id="Message" order="0" />
      <window_info anchor="bottom" id="Find" order="1" />
      <window_info anchor="bottom" id="Run" order="2" />
      <window_info anchor="bottom" id="Debug" order="3" weight="0.4" />
      <window_info anchor="bottom" id="Cvs" order="4" weight="0.25" />
      <window_info anchor="bottom" id="Inspection" order="5" weight="0.4" />
      <window_info anchor="bottom" id="TODO" order="6" />
      <window_info anchor="bottom" id="Services" order="7" />
      <window_info anchor="bottom" id="Problems" order="8" />
      <window_info anchor="bottom" id="Database Changes" order="9" />
      <window_info anchor="bottom" id="Terminal" order="10" />
      <window_info anchor="bottom" id="Event Log" order="11" side_tool="true" weight="0.32947367" />
      <window_info anchor="bottom" id="Version Control" order="12" />
      <window_info anchor="bottom" id="Build" order="13" />
      <window_info anchor="right" id="Commander" internal_type="SLIDING" order="0" type="SLIDING" weight="0.4" />
      <window_info anchor="right" id="Ant Build" order="1" weight="0.25" />
      <window_info anchor="right" content_ui="combo" id="Hierarchy" order="2" weight="0.25" />
      <window_info anchor="right" id="Ant" order="3" />
      <window_info anchor="right" id="Key Promoter X" order="4" />
      <window_info anchor="right" id="JSON Utils" order="5" />
      <window_info anchor="right" id="Database" order="6" />
    </layout>
  </component>
  <component name="editorHistoryManager">
    <entry file="file://$PROJECT_DIR$/js/vue.min.js">
      <provider selected="true" editor-type-id="text-editor">
        <state>
          <folding>
            <element signature="n#!!doc" expanded="true" />
          </folding>
        </state>
      </provider>
    </entry>
    <entry file="file://$PROJECT_DIR$/js/vue.js">
      <provider selected="true" editor-type-id="text-editor">
        <state>
          <folding>
            <element signature="n#!!doc" expanded="true" />
          </folding>
        </state>
      </provider>
    </entry>
    <entry file="file://$PROJECT_DIR$/js/index.js">
      <provider selected="true" editor-type-id="text-editor" />
    </entry>
    <entry file="file://$PROJECT_DIR$/html/index.html">
      <provider selected="true" editor-type-id="text-editor">
        <state relative-caret-position="522">
          <caret line="29" column="17" selection-start-line="29" selection-start-column="17" selection-end-line="29" selection-end-column="17" />
        </state>
      </provider>
    </entry>
  </component>
</project>