<project version="4">
  <component name="FileEditorManager">
    <leaf>
      <file pinned="false" current-in-tab="true">
        <entry file="jar://D:/web_softs/jdk1.8/jdk/src.zip!/java/lang/ThreadLocal.java">
          <provider selected="true" editor-type-id="text-editor">
            <state relative-caret-position="569">
              <caret line="707" lean-forward="true" selection-start-line="707" selection-end-line="707" />
            </state>
          </provider>
        </entry>
      </file>
    </leaf>
  </component>
  <component name="IdeDocumentHistory">
    <option name="CHANGED_PATHS">
      <list>
        <option value="$PROJECT_DIR$/src/main/java/com/mmall/concurrency/example/threadPool/ThreadPoolExample2.java" />
        <option value="$PROJECT_DIR$/src/main/java/com/mmall/concurrency/ConcurrencyTest.java" />
        <option value="$PROJECT_DIR$/src/main/java/com/mmall/concurrency/example/count/CountExample2.java" />
        <option value="$PROJECT_DIR$/src/main/java/com/mmall/concurrency/example/atomic/AtomicExample3.java" />
        <option value="$PROJECT_DIR$/src/main/java/com/mmall/concurrency/example/sync/SynchronizedExample1.java" />
      </list>
    </option>
  </component>
  <component name="MavenProjectNavigator">
    <treeState>
      <expand>
        <path>
          <item name="" type="16c1761:MavenProjectsStructure$RootNode" />
          <item name="concurrency" type="9519ce18:MavenProjectsStructure$ProjectNode" />
        </path>
        <path>
          <item name="" type="16c1761:MavenProjectsStructure$RootNode" />
          <item name="concurrency" type="9519ce18:MavenProjectsStructure$ProjectNode" />
          <item name="Dependencies" type="f4be9f2a:MavenProjectsStructure$DependenciesNode" />
        </path>
      </expand>
      <select />
    </treeState>
  </component>
  <component name="ProjectFrameBounds" extendedState="6">
    <option name="width" value="1920" />
    <option name="height" value="1050" />
  </component>
  <component name="ProjectView">
    <navigator currentView="Scope" currentSubView="Scope 'Project Files'; set:Project Files; class com.intellij.psi.search.scope.ProjectFilesScope" proportions="" version="1">
      <foldersAlwaysOnTop value="true" />
    </navigator>
    <panes>
      <pane id="PackagesPane" />
      <pane id="Scope">
        <subPane subId="Scope 'Project Files'; set:Project Files; class com.intellij.psi.search.scope.ProjectFilesScope">
          <expand>
            <path>
              <item name="concurrency" type="3d21c010:ScopeViewTreeModel$ProjectNode" />
              <item name="concurrency" type="2674bda8:ScopeViewTreeModel$GroupNode" />
            </path>
            <path>
              <item name="concurrency" type="3d21c010:ScopeViewTreeModel$ProjectNode" />
              <item name="concurrency" type="2674bda8:ScopeViewTreeModel$GroupNode" />
              <item name="src" type="9f88c78c:ScopeViewTreeModel$FileNode" />
            </path>
            <path>
              <item name="concurrency" type="3d21c010:ScopeViewTreeModel$ProjectNode" />
              <item name="concurrency" type="2674bda8:ScopeViewTreeModel$GroupNode" />
              <item name="src" type="9f88c78c:ScopeViewTreeModel$FileNode" />
              <item name="main/java" type="9f88c78c:ScopeViewTreeModel$FileNode" />
            </path>
            <path>
              <item name="concurrency" type="3d21c010:ScopeViewTreeModel$ProjectNode" />
              <item name="concurrency" type="2674bda8:ScopeViewTreeModel$GroupNode" />
              <item name="src" type="9f88c78c:ScopeViewTreeModel$FileNode" />
              <item name="main/java" type="9f88c78c:ScopeViewTreeModel$FileNode" />
              <item name="com.mmall.concurrency" type="9f88c78c:ScopeViewTreeModel$FileNode" />
            </path>
            <path>
              <item name="concurrency" type="3d21c010:ScopeViewTreeModel$ProjectNode" />
              <item name="concurrency" type="2674bda8:ScopeViewTreeModel$GroupNode" />
              <item name="src" type="9f88c78c:ScopeViewTreeModel$FileNode" />
              <item name="main/java" type="9f88c78c:ScopeViewTreeModel$FileNode" />
              <item name="com.mmall.concurrency" type="9f88c78c:ScopeViewTreeModel$FileNode" />
              <item name="example" type="9f88c78c:ScopeViewTreeModel$FileNode" />
            </path>
            <path>
              <item name="concurrency" type="3d21c010:ScopeViewTreeModel$ProjectNode" />
              <item name="concurrency" type="2674bda8:ScopeViewTreeModel$GroupNode" />
              <item name="src" type="9f88c78c:ScopeViewTreeModel$FileNode" />
              <item name="main/java" type="9f88c78c:ScopeViewTreeModel$FileNode" />
              <item name="com.mmall.concurrency" type="9f88c78c:ScopeViewTreeModel$FileNode" />
              <item name="example" type="9f88c78c:ScopeViewTreeModel$FileNode" />
              <item name="threadLocal" type="9f88c78c:ScopeViewTreeModel$FileNode" />
            </path>
            <path>
              <item name="concurrency" type="3d21c010:ScopeViewTreeModel$ProjectNode" />
              <item name="concurrency" type="2674bda8:ScopeViewTreeModel$GroupNode" />
              <item name="src" type="9f88c78c:ScopeViewTreeModel$FileNode" />
              <item name="main/java" type="9f88c78c:ScopeViewTreeModel$FileNode" />
              <item name="com.mmall.concurrency" type="9f88c78c:ScopeViewTreeModel$FileNode" />
              <item name="example" type="9f88c78c:ScopeViewTreeModel$FileNode" />
              <item name="threadPool" type="9f88c78c:ScopeViewTreeModel$FileNode" />
            </path>
          </expand>
          <select />
        </subPane>
      </pane>
      <pane id="ProjectPane">
        <subPane>
          <expand>
            <path>
              <item name="concurrency" type="b2602c69:ProjectViewProjectNode" />
              <item name="Concurrency" type="462c0819:PsiDirectoryNode" />
            </path>
            <path>
              <item name="concurrency" type="b2602c69:ProjectViewProjectNode" />
              <item name="Concurrency" type="462c0819:PsiDirectoryNode" />
              <item name="src" type="462c0819:PsiDirectoryNode" />
            </path>
            <path>
              <item name="concurrency" type="b2602c69:ProjectViewProjectNode" />
              <item name="Concurrency" type="462c0819:PsiDirectoryNode" />
              <item name="src" type="462c0819:PsiDirectoryNode" />
              <item name="main" type="462c0819:PsiDirectoryNode" />
            </path>
            <path>
              <item name="concurrency" type="b2602c69:ProjectViewProjectNode" />
              <item name="Concurrency" type="462c0819:PsiDirectoryNode" />
              <item name="src" type="462c0819:PsiDirectoryNode" />
              <item name="main" type="462c0819:PsiDirectoryNode" />
              <item name="java" type="462c0819:PsiDirectoryNode" />
            </path>
            <path>
              <item name="concurrency" type="b2602c69:ProjectViewProjectNode" />
              <item name="Concurrency" type="462c0819:PsiDirectoryNode" />
              <item name="src" type="462c0819:PsiDirectoryNode" />
              <item name="main" type="462c0819:PsiDirectoryNode" />
              <item name="java" type="462c0819:PsiDirectoryNode" />
              <item name="concurrency" type="462c0819:PsiDirectoryNode" />
            </path>
            <path>
              <item name="concurrency" type="b2602c69:ProjectViewProjectNode" />
              <item name="Concurrency" type="462c0819:PsiDirectoryNode" />
              <item name="src" type="462c0819:PsiDirectoryNode" />
              <item name="main" type="462c0819:PsiDirectoryNode" />
              <item name="java" type="462c0819:PsiDirectoryNode" />
              <item name="concurrency" type="462c0819:PsiDirectoryNode" />
              <item name="annoations" type="462c0819:PsiDirectoryNode" />
            </path>
            <path>
              <item name="concurrency" type="b2602c69:ProjectViewProjectNode" />
              <item name="Concurrency" type="462c0819:PsiDirectoryNode" />
              <item name="src" type="462c0819:PsiDirectoryNode" />
              <item name="main" type="462c0819:PsiDirectoryNode" />
              <item name="java" type="462c0819:PsiDirectoryNode" />
              <item name="concurrency" type="462c0819:PsiDirectoryNode" />
              <item name="example" type="462c0819:PsiDirectoryNode" />
            </path>
            <path>
              <item name="concurrency" type="b2602c69:ProjectViewProjectNode" />
              <item name="External Libraries" type="cb654da1:ExternalLibrariesNode" />
            </path>
            <path>
              <item name="concurrency" type="b2602c69:ProjectViewProjectNode" />
              <item name="External Libraries" type="cb654da1:ExternalLibrariesNode" />
              <item name="Maven: javax.validation:validation-api:1.1.0.Final" type="70bed36:NamedLibraryElementNode" />
            </path>
          </expand>
          <select />
        </subPane>
      </pane>
    </panes>
  </component>
  <component name="TimeTrackingManager">
    <option name="totallyTimeSpent" value="9667000" />
  </component>
  <component name="ToolWindowManager">
    <frame x="-8" y="-8" width="1936" height="1066" extended-state="6" />
    <editor active="true" />
    <layout>
      <window_info active="true" content_ui="combo" id="Project" order="0" visible="true" weight="0.19185424" />
      <window_info id="Structure" order="1" side_tool="true" weight="0.25" />
      <window_info id="Web" order="2" side_tool="true" />
      <window_info id="Favorites" order="3" side_tool="true" />
      <window_info anchor="bottom" id="Message" order="0" />
      <window_info anchor="bottom" id="Find" order="1" />
      <window_info anchor="bottom" id="Run" order="2" />
      <window_info anchor="bottom" id="Debug" order="3" weight="0.2860192" />
      <window_info anchor="bottom" id="Cvs" order="4" weight="0.25" />
      <window_info anchor="bottom" id="Inspection" order="5" weight="0.4" />
      <window_info anchor="bottom" id="TODO" order="6" />
      <window_info anchor="bottom" id="Services" order="7" />
      <window_info anchor="bottom" id="Version Control" order="8" />
      <window_info anchor="bottom" id="Problems" order="9" />
      <window_info anchor="bottom" id="Spring" order="10" />
      <window_info anchor="bottom" id="Database Changes" order="11" />
      <window_info anchor="bottom" id="Terminal" order="12" />
      <window_info anchor="bottom" id="Event Log" order="13" side_tool="true" />
      <window_info anchor="bottom" id="Build" order="14" />
      <window_info anchor="bottom" id="Java Enterprise" order="15" />
      <window_info anchor="bottom" id="Messages" order="16" weight="0.32947367" />
      <window_info anchor="right" id="Commander" internal_type="SLIDING" order="0" type="SLIDING" weight="0.4" />
      <window_info anchor="right" id="Ant Build" order="1" weight="0.25" />
      <window_info anchor="right" content_ui="combo" id="Hierarchy" order="2" weight="0.25" />
      <window_info anchor="right" id="Maven" order="3" weight="0.16622269" />
      <window_info anchor="right" id="Database" order="4" />
      <window_info anchor="right" id="Ant" order="5" />
      <window_info anchor="right" id="Key Promoter X" order="6" />
      <window_info anchor="right" id="Bean Validation" order="7" />
      <window_info anchor="right" id="JSON Utils" order="8" />
    </layout>
  </component>
  <component name="editorHistoryManager">
    <entry file="file://$PROJECT_DIR$/src/main/java/com/mmall/concurrency/example/package-info.java">
      <provider selected="true" editor-type-id="text-editor" />
    </entry>
    <entry file="file://$PROJECT_DIR$/src/main/java/com/mmall/concurrency/example/threadPool/ThreadPoolExample3.java">
      <provider selected="true" editor-type-id="text-editor">
        <state relative-caret-position="90">
          <caret line="8" column="13" selection-start-line="8" selection-start-column="13" selection-end-line="8" selection-end-column="13" />
        </state>
      </provider>
    </entry>
    <entry file="file://$PROJECT_DIR$/src/test/java/com/mmall/concurrency/ConcurrencyApplicationTests.java">
      <provider selected="true" editor-type-id="text-editor">
        <state relative-caret-position="108">
          <caret line="9" column="13" selection-start-line="9" selection-start-column="13" selection-end-line="9" selection-end-column="13" />
        </state>
      </provider>
    </entry>
    <entry file="file://$PROJECT_DIR$/src/main/java/com/mmall/concurrency/annoations/NotThreadSafe.java">
      <provider selected="true" editor-type-id="text-editor">
        <state relative-caret-position="72">
          <caret line="7" lean-forward="true" selection-start-line="7" selection-end-line="7" />
          <folding>
            <element signature="docComment;class#NotThreadSafe#0" expanded="true" />
          </folding>
        </state>
      </provider>
    </entry>
    <entry file="file://$PROJECT_DIR$/src/main/java/com/mmall/concurrency/annoations/NotRecommend.java">
      <provider selected="true" editor-type-id="text-editor">
        <state relative-caret-position="234">
          <caret line="16" lean-forward="true" selection-start-line="16" selection-end-line="16" />
          <folding>
            <element signature="docComment;class#NotRecommend#0" expanded="true" />
          </folding>
        </state>
      </provider>
    </entry>
    <entry file="jar://D:/.m2/org/projectlombok/lombok/1.16.10/lombok-1.16.10.jar!/lombok/extern/slf4j/Slf4j.class">
      <provider selected="true" editor-type-id="text-editor">
        <state relative-caret-position="126">
          <caret line="8" column="18" selection-start-line="8" selection-start-column="18" selection-end-line="8" selection-end-column="18" />
        </state>
      </provider>
    </entry>
    <entry file="file://$PROJECT_DIR$/src/main/java/com/mmall/concurrency/example/threadPool/ThreadPoolExample4.java">
      <provider selected="true" editor-type-id="text-editor">
        <state relative-caret-position="234">
          <caret line="20" column="22" selection-start-line="20" selection-start-column="22" selection-end-line="20" selection-end-column="22" />
        </state>
      </provider>
    </entry>
    <entry file="file://$PROJECT_DIR$/pom.xml">
      <provider selected="true" editor-type-id="text-editor">
        <state relative-caret-position="585">
          <caret line="39" column="38" selection-start-line="39" selection-start-column="25" selection-end-line="39" selection-end-column="38" />
        </state>
      </provider>
    </entry>
    <entry file="file://$PROJECT_DIR$/README.md">
      <provider selected="true" editor-type-id="split-provider[text-editor;markdown-preview-editor]">
        <state split_layout="SPLIT">
          <first_editor relative-caret-position="216">
            <caret line="12" column="25" lean-forward="true" selection-start-line="12" selection-start-column="25" selection-end-line="12" selection-end-column="25" />
          </first_editor>
          <second_editor />
        </state>
      </provider>
    </entry>
    <entry file="file://$PROJECT_DIR$/src/main/java/com/mmall/concurrency/annoations/Recommend.java">
      <provider selected="true" editor-type-id="text-editor">
        <state relative-caret-position="72">
          <caret line="7" lean-forward="true" selection-start-line="7" selection-end-line="7" />
          <folding>
            <element signature="docComment;class#Recommend#0" expanded="true" />
          </folding>
        </state>
      </provider>
    </entry>
    <entry file="file://$PROJECT_DIR$/src/main/java/com/mmall/concurrency/ConcurrencyTest.java">
      <provider selected="true" editor-type-id="text-editor">
        <state relative-caret-position="585">
          <caret line="45" selection-start-line="45" selection-end-line="45" />
        </state>
      </provider>
    </entry>
    <entry file="file://$PROJECT_DIR$/src/main/java/com/mmall/concurrency/example/count/CountExample1.java">
      <provider selected="true" editor-type-id="text-editor">
        <state relative-caret-position="12">
          <caret line="11" column="14" selection-start-line="11" selection-start-column="1" selection-end-line="11" selection-end-column="14" />
        </state>
      </provider>
    </entry>
    <entry file="file://$PROJECT_DIR$/src/main/java/com/mmall/concurrency/example/atomic/AtomicExample1.java">
      <provider selected="true" editor-type-id="text-editor">
        <state relative-caret-position="522">
          <caret line="36" column="43" lean-forward="true" selection-start-line="36" selection-start-column="43" selection-end-line="36" selection-end-column="43" />
        </state>
      </provider>
    </entry>
    <entry file="file://$PROJECT_DIR$/src/main/java/com/mmall/concurrency/example/atomic/AtomicExample5.java">
      <provider selected="true" editor-type-id="text-editor">
        <state relative-caret-position="108">
          <caret line="11" column="13" selection-start-line="11" selection-start-column="13" selection-end-line="11" selection-end-column="13" />
        </state>
      </provider>
    </entry>
    <entry file="file://$PROJECT_DIR$/src/main/java/com/mmall/concurrency/example/atomic/AtomicExample6.java">
      <provider selected="true" editor-type-id="text-editor">
        <state relative-caret-position="150">
          <caret line="24" column="25" selection-start-line="24" selection-start-column="25" selection-end-line="24" selection-end-column="25" />
        </state>
      </provider>
    </entry>
    <entry file="file://$PROJECT_DIR$/src/main/java/com/mmall/concurrency/example/atomic/AtomicExample4.java">
      <provider selected="true" editor-type-id="text-editor">
        <state relative-caret-position="324">
          <caret line="26" column="1" lean-forward="true" selection-start-line="26" selection-start-column="1" selection-end-line="26" selection-end-column="1" />
        </state>
      </provider>
    </entry>
    <entry file="file://$PROJECT_DIR$/src/main/java/com/mmall/concurrency/example/atomic/AtomicExample2.java">
      <provider selected="true" editor-type-id="text-editor">
        <state relative-caret-position="207">
          <caret line="25" column="25" selection-start-line="25" selection-start-column="25" selection-end-line="25" selection-end-column="25" />
        </state>
      </provider>
    </entry>
    <entry file="jar://D:/web_softs/jdk1.8/jdk/src.zip!/java/util/concurrent/atomic/LongAdder.java">
      <provider selected="true" editor-type-id="text-editor">
        <state relative-caret-position="108">
          <caret line="69" column="13" selection-start-line="69" selection-start-column="13" selection-end-line="69" selection-end-column="13" />
        </state>
      </provider>
    </entry>
    <entry file="file://$PROJECT_DIR$/src/main/java/com/mmall/concurrency/example/atomic/AtomicExample3.java">
      <provider selected="true" editor-type-id="text-editor">
        <state relative-caret-position="252">
          <caret line="21" column="21" lean-forward="true" selection-start-line="21" selection-start-column="21" selection-end-line="21" selection-end-column="21" />
        </state>
      </provider>
    </entry>
    <entry file="file://$PROJECT_DIR$/src/main/java/com/mmall/concurrency/example/sync/SynchronizedExample1.java">
      <provider selected="true" editor-type-id="text-editor">
        <state relative-caret-position="246">
          <caret line="21" column="14" selection-start-line="21" selection-start-column="14" selection-end-line="21" selection-end-column="14" />
        </state>
      </provider>
    </entry>
    <entry file="file://$PROJECT_DIR$/src/main/java/com/mmall/concurrency/example/sync/SynchronizedExample2.java">
      <provider selected="true" editor-type-id="text-editor">
        <state relative-caret-position="504">
          <caret line="31" column="20" selection-start-line="31" selection-start-column="12" selection-end-line="31" selection-end-column="20" />
        </state>
      </provider>
    </entry>
    <entry file="file://$PROJECT_DIR$/src/main/java/com/mmall/concurrency/example/threadPool/ThreadPoolExample2.java">
      <provider selected="true" editor-type-id="text-editor">
        <state relative-caret-position="180">
          <caret line="10" column="13" selection-start-line="10" selection-start-column="13" selection-end-line="10" selection-end-column="13" />
          <folding>
            <element signature="imports" expanded="true" />
          </folding>
        </state>
      </provider>
    </entry>
    <entry file="file://$PROJECT_DIR$/src/main/java/com/mmall/concurrency/example/threadPool/ThreadPoolExample1.java">
      <provider selected="true" editor-type-id="text-editor">
        <state relative-caret-position="288">
          <caret line="19" column="22" selection-start-line="19" selection-start-column="22" selection-end-line="19" selection-end-column="22" />
        </state>
      </provider>
    </entry>
    <entry file="file://$PROJECT_DIR$/src/main/java/com/mmall/concurrency/example/aqs/ForkJoinTaskExample.java">
      <provider selected="true" editor-type-id="text-editor">
        <state relative-caret-position="90">
          <caret line="9" column="13" selection-start-line="9" selection-start-column="13" selection-end-line="9" selection-end-column="13" />
        </state>
      </provider>
    </entry>
    <entry file="file://$PROJECT_DIR$/src/main/java/com/mmall/concurrency/example/aqs/CountDownLatchExample1.java">
      <provider selected="true" editor-type-id="text-editor">
        <state relative-caret-position="482">
          <caret line="31" column="28" selection-start-line="31" selection-start-column="23" selection-end-line="31" selection-end-column="28" />
        </state>
      </provider>
    </entry>
    <entry file="file://$PROJECT_DIR$/src/main/java/com/mmall/concurrency/example/commonUnsafe/ArrayListExample.java">
      <provider selected="true" editor-type-id="text-editor">
        <state relative-caret-position="278">
          <caret line="32" column="40" selection-start-line="32" selection-start-column="40" selection-end-line="32" selection-end-column="40" />
        </state>
      </provider>
    </entry>
    <entry file="file://$PROJECT_DIR$/src/main/java/com/mmall/concurrency/example/count/CountExample2.java">
      <provider selected="true" editor-type-id="text-editor">
        <state relative-caret-position="414">
          <caret line="30" column="43" selection-start-line="30" selection-start-column="43" selection-end-line="30" selection-end-column="43" />
        </state>
      </provider>
    </entry>
    <entry file="file://$PROJECT_DIR$/src/main/java/com/mmall/concurrency/example/count/CountExample3.java">
      <provider selected="true" editor-type-id="text-editor">
        <state relative-caret-position="462">
          <caret line="36" column="15" lean-forward="true" selection-start-line="36" selection-start-column="15" selection-end-line="36" selection-end-column="15" />
        </state>
      </provider>
    </entry>
    <entry file="file://$PROJECT_DIR$/src/main/java/com/mmall/concurrency/example/count/CountExample4.java">
      <provider selected="true" editor-type-id="text-editor">
        <state relative-caret-position="252">
          <caret line="20" column="41" lean-forward="true" selection-start-line="20" selection-start-column="41" selection-end-line="20" selection-end-column="41" />
        </state>
      </provider>
    </entry>
    <entry file="file://$PROJECT_DIR$/src/main/java/com/mmall/concurrency/example/publish/UnsafePublish.java">
      <provider selected="true" editor-type-id="text-editor">
        <state relative-caret-position="360">
          <caret line="23" column="5" lean-forward="true" selection-start-line="23" selection-start-column="5" selection-end-line="23" selection-end-column="5" />
        </state>
      </provider>
    </entry>
    <entry file="file://$PROJECT_DIR$/src/main/java/com/mmall/concurrency/example/publish/Escape.java">
      <provider selected="true" editor-type-id="text-editor">
        <state relative-caret-position="234">
          <caret line="15" column="5" lean-forward="true" selection-start-line="15" selection-start-column="5" selection-end-line="15" selection-end-column="5" />
        </state>
      </provider>
    </entry>
    <entry file="file://$PROJECT_DIR$/src/main/java/com/mmall/concurrency/example/singleton/SingletonExample1.java">
      <provider selected="true" editor-type-id="text-editor">
        <state relative-caret-position="324">
          <caret line="21" column="31" lean-forward="true" selection-start-line="21" selection-start-column="31" selection-end-line="21" selection-end-column="31" />
        </state>
      </provider>
    </entry>
    <entry file="file://$PROJECT_DIR$/src/main/java/com/mmall/concurrency/example/singleton/SingletonExample2.java">
      <provider selected="true" editor-type-id="text-editor">
        <state relative-caret-position="342">
          <caret line="22" column="5" lean-forward="true" selection-start-line="22" selection-start-column="5" selection-end-line="22" selection-end-column="5" />
        </state>
      </provider>
    </entry>
    <entry file="file://$PROJECT_DIR$/src/main/java/com/mmall/concurrency/example/singleton/SingletonExample3.java">
      <provider selected="true" editor-type-id="text-editor">
        <state relative-caret-position="306">
          <caret line="21" column="14" lean-forward="true" selection-start-line="21" selection-start-column="14" selection-end-line="21" selection-end-column="14" />
        </state>
      </provider>
    </entry>
    <entry file="file://$PROJECT_DIR$/src/main/java/com/mmall/concurrency/example/singleton/SingletonExample4.java">
      <provider selected="true" editor-type-id="text-editor">
        <state relative-caret-position="215">
          <caret line="26" column="11" lean-forward="true" selection-start-line="26" selection-start-column="11" selection-end-line="26" selection-end-column="11" />
        </state>
      </provider>
    </entry>
    <entry file="file://$PROJECT_DIR$/src/main/java/com/mmall/concurrency/example/singleton/SingletonExample5.java">
      <provider selected="true" editor-type-id="text-editor">
        <state relative-caret-position="306">
          <caret line="20" column="39" lean-forward="true" selection-start-line="20" selection-start-column="39" selection-end-line="20" selection-end-column="39" />
        </state>
      </provider>
    </entry>
    <entry file="file://$PROJECT_DIR$/src/main/java/com/mmall/concurrency/example/singleton/SingletonExample6.java">
      <provider selected="true" editor-type-id="text-editor">
        <state relative-caret-position="306">
          <caret line="20" column="22" lean-forward="true" selection-start-line="20" selection-start-column="22" selection-end-line="20" selection-end-column="22" />
        </state>
      </provider>
    </entry>
    <entry file="file://$PROJECT_DIR$/src/main/java/com/mmall/concurrency/example/singleton/SingletonExample7.java">
      <provider selected="true" editor-type-id="text-editor">
        <state relative-caret-position="138">
          <caret line="13" column="33" lean-forward="true" selection-start-line="13" selection-start-column="33" selection-end-line="13" selection-end-column="33" />
          <folding>
            <element signature="docComment;class#SingletonExample7#0" expanded="true" />
          </folding>
        </state>
      </provider>
    </entry>
    <entry file="file://$PROJECT_DIR$/src/main/java/com/mmall/concurrency/example/deadLock/DeadLock.java">
      <provider selected="true" editor-type-id="text-editor">
        <state relative-caret-position="-325">
          <caret line="14" column="13" selection-start-line="14" selection-start-column="13" selection-end-line="14" selection-end-column="13" />
        </state>
      </provider>
    </entry>
    <entry file="file://$PROJECT_DIR$/src/main/java/com/mmall/concurrency/example/immutable/ImmutableExample2.java">
      <provider selected="true" editor-type-id="text-editor">
        <state relative-caret-position="108">
          <caret line="11" column="13" selection-start-line="11" selection-start-column="13" selection-end-line="11" selection-end-column="13" />
        </state>
      </provider>
    </entry>
    <entry file="file://$PROJECT_DIR$/src/main/java/com/mmall/concurrency/example/immutable/ImmutableExample3.java">
      <provider selected="true" editor-type-id="text-editor">
        <state relative-caret-position="288">
          <caret line="19" selection-start-line="19" selection-end-line="19" />
        </state>
      </provider>
    </entry>
    <entry file="file://$PROJECT_DIR$/src/main/java/com/mmall/concurrency/example/immutable/ImmutableExample1.java">
      <provider selected="true" editor-type-id="text-editor">
        <state relative-caret-position="265">
          <caret line="19" column="22" lean-forward="true" selection-start-line="19" selection-start-column="22" selection-end-line="19" selection-end-column="22" />
        </state>
      </provider>
    </entry>
    <entry file="file://$PROJECT_DIR$/src/main/java/com/mmall/concurrency/ConcurrencyApplication.java">
      <provider selected="true" editor-type-id="text-editor">
        <state relative-caret-position="90">
          <caret line="10" column="13" selection-start-line="10" selection-start-column="13" selection-end-line="10" selection-end-column="13" />
        </state>
      </provider>
    </entry>
    <entry file="file://$PROJECT_DIR$/src/main/java/com/mmall/concurrency/HttpInterceptor.java">
      <provider selected="true" editor-type-id="text-editor">
        <state relative-caret-position="90">
          <caret line="10" column="13" selection-start-line="10" selection-start-column="13" selection-end-line="10" selection-end-column="13" />
        </state>
      </provider>
    </entry>
    <entry file="file://$PROJECT_DIR$/src/main/java/com/mmall/concurrency/HttpFilter.java">
      <provider selected="true" editor-type-id="text-editor">
        <state relative-caret-position="90">
          <caret line="15" column="13" selection-start-line="15" selection-start-column="13" selection-end-line="15" selection-end-column="13" />
        </state>
      </provider>
    </entry>
    <entry file="file://$PROJECT_DIR$/src/main/java/com/mmall/concurrency/TestController.java">
      <provider selected="true" editor-type-id="text-editor">
        <state relative-caret-position="108">
          <caret line="9" column="13" selection-start-line="9" selection-start-column="13" selection-end-line="9" selection-end-column="13" />
        </state>
      </provider>
    </entry>
    <entry file="file://$PROJECT_DIR$/src/main/java/com/mmall/concurrency/ServletInitializer.java">
      <provider selected="true" editor-type-id="text-editor">
        <state relative-caret-position="216">
          <caret line="13" lean-forward="true" selection-start-line="13" selection-end-line="13" />
        </state>
      </provider>
    </entry>
    <entry file="file://$PROJECT_DIR$/src/main/java/com/mmall/concurrency/example/threadLocal/ThreadLocalController.java">
      <provider selected="true" editor-type-id="text-editor">
        <state relative-caret-position="198">
          <caret line="13" column="28" selection-start-line="13" selection-start-column="15" selection-end-line="13" selection-end-column="28" />
        </state>
      </provider>
    </entry>
    <entry file="file://$PROJECT_DIR$/src/main/java/com/mmall/concurrency/example/threadLocal/RequestHolder.java">
      <provider selected="true" editor-type-id="text-editor">
        <state relative-caret-position="72">
          <caret line="4" column="32" selection-start-line="4" selection-start-column="32" selection-end-line="4" selection-end-column="32" />
        </state>
      </provider>
    </entry>
    <entry file="jar://D:/web_softs/jdk1.8/jdk/src.zip!/java/lang/ThreadLocal.java">
      <provider selected="true" editor-type-id="text-editor">
        <state relative-caret-position="569">
          <caret line="707" lean-forward="true" selection-start-line="707" selection-end-line="707" />
        </state>
      </provider>
    </entry>
  </component>
</project>