<project version="4">
  <component name="FileEditorManager">
    <leaf>
      <file pinned="false" current-in-tab="true">
        <entry file="file://$PROJECT_DIR$/src/main/java/com/service/BaseService.java">
          <provider selected="true" editor-type-id="text-editor">
            <state relative-caret-position="132">
              <caret line="8" column="17" selection-start-line="8" selection-start-column="17" selection-end-line="8" selection-end-column="17" />
            </state>
          </provider>
        </entry>
      </file>
    </leaf>
  </component>
  <component name="IdeDocumentHistory">
    <option name="CHANGED_PATHS">
      <list>
        <option value="$PROJECT_DIR$/src/main/java/com/controller/StudentController.java" />
        <option value="$PROJECT_DIR$/pom.xml" />
      </list>
    </option>
  </component>
  <component name="MavenProjectNavigator">
    <treeState>
      <expand>
        <path>
          <item name="" type="16c1761:MavenProjectsStructure$RootNode" />
          <item name="springmvc Maven Webapp" type="9519ce18:MavenProjectsStructure$ProjectNode" />
        </path>
        <path>
          <item name="" type="16c1761:MavenProjectsStructure$RootNode" />
          <item name="springmvc Maven Webapp" type="9519ce18:MavenProjectsStructure$ProjectNode" />
          <item name="Dependencies" type="f4be9f2a:MavenProjectsStructure$DependenciesNode" />
        </path>
      </expand>
      <select />
    </treeState>
  </component>
  <component name="ProjectFrameBounds" extendedState="6">
    <option name="x" value="1912" />
    <option name="y" value="-8" />
    <option name="width" value="1936" />
    <option name="height" value="1066" />
  </component>
  <component name="ProjectView">
    <navigator proportions="" version="1">
      <foldersAlwaysOnTop value="true" />
    </navigator>
    <panes>
      <pane id="ProjectPane">
        <subPane>
          <expand>
            <path>
              <item name="springmvc" type="b2602c69:ProjectViewProjectNode" />
              <item name="springmvc" type="462c0819:PsiDirectoryNode" />
            </path>
            <path>
              <item name="springmvc" type="b2602c69:ProjectViewProjectNode" />
              <item name="springmvc" type="462c0819:PsiDirectoryNode" />
              <item name="out" type="462c0819:PsiDirectoryNode" />
            </path>
            <path>
              <item name="springmvc" type="b2602c69:ProjectViewProjectNode" />
              <item name="springmvc" type="462c0819:PsiDirectoryNode" />
              <item name="src" type="462c0819:PsiDirectoryNode" />
            </path>
            <path>
              <item name="springmvc" type="b2602c69:ProjectViewProjectNode" />
              <item name="springmvc" type="462c0819:PsiDirectoryNode" />
              <item name="src" type="462c0819:PsiDirectoryNode" />
              <item name="main" type="462c0819:PsiDirectoryNode" />
            </path>
            <path>
              <item name="springmvc" type="b2602c69:ProjectViewProjectNode" />
              <item name="springmvc" type="462c0819:PsiDirectoryNode" />
              <item name="src" type="462c0819:PsiDirectoryNode" />
              <item name="main" type="462c0819:PsiDirectoryNode" />
              <item name="java" type="462c0819:PsiDirectoryNode" />
            </path>
            <path>
              <item name="springmvc" type="b2602c69:ProjectViewProjectNode" />
              <item name="springmvc" type="462c0819:PsiDirectoryNode" />
              <item name="src" type="462c0819:PsiDirectoryNode" />
              <item name="main" type="462c0819:PsiDirectoryNode" />
              <item name="java" type="462c0819:PsiDirectoryNode" />
              <item name="com" type="462c0819:PsiDirectoryNode" />
            </path>
            <path>
              <item name="springmvc" type="b2602c69:ProjectViewProjectNode" />
              <item name="springmvc" type="462c0819:PsiDirectoryNode" />
              <item name="src" type="462c0819:PsiDirectoryNode" />
              <item name="main" type="462c0819:PsiDirectoryNode" />
              <item name="resources" type="462c0819:PsiDirectoryNode" />
            </path>
            <path>
              <item name="springmvc" type="b2602c69:ProjectViewProjectNode" />
              <item name="springmvc" type="462c0819:PsiDirectoryNode" />
              <item name="src" type="462c0819:PsiDirectoryNode" />
              <item name="main" type="462c0819:PsiDirectoryNode" />
              <item name="webapp" type="462c0819:PsiDirectoryNode" />
            </path>
            <path>
              <item name="springmvc" type="b2602c69:ProjectViewProjectNode" />
              <item name="springmvc" type="462c0819:PsiDirectoryNode" />
              <item name="src" type="462c0819:PsiDirectoryNode" />
              <item name="main" type="462c0819:PsiDirectoryNode" />
              <item name="webapp" type="462c0819:PsiDirectoryNode" />
              <item name="WEB-INF" type="462c0819:PsiDirectoryNode" />
            </path>
            <path>
              <item name="springmvc" type="b2602c69:ProjectViewProjectNode" />
              <item name="springmvc" type="462c0819:PsiDirectoryNode" />
              <item name="src" type="462c0819:PsiDirectoryNode" />
              <item name="main" type="462c0819:PsiDirectoryNode" />
              <item name="webapp" type="462c0819:PsiDirectoryNode" />
              <item name="WEB-INF" type="462c0819:PsiDirectoryNode" />
              <item name="pages" type="462c0819:PsiDirectoryNode" />
            </path>
          </expand>
          <select />
        </subPane>
      </pane>
      <pane id="PackagesPane" />
      <pane id="Scope" />
    </panes>
  </component>
  <component name="TimeTrackingManager">
    <option name="totallyTimeSpent" value="1448000" />
  </component>
  <component name="ToolWindowManager">
    <frame x="1912" y="-8" width="1936" height="1066" extended-state="6" />
    <editor active="true" />
    <layout>
      <window_info active="true" content_ui="combo" id="Project" order="0" visible="true" weight="0.2530831" />
      <window_info id="Structure" order="1" side_tool="true" weight="0.25" />
      <window_info id="Favorites" order="2" side_tool="true" />
      <window_info id="Web" order="3" side_tool="true" />
      <window_info anchor="bottom" id="Message" order="0" />
      <window_info anchor="bottom" id="Find" order="1" />
      <window_info anchor="bottom" id="Run" order="2" />
      <window_info anchor="bottom" id="Debug" order="3" weight="0.3111588" />
      <window_info anchor="bottom" id="Cvs" order="4" weight="0.25" />
      <window_info anchor="bottom" id="Inspection" order="5" weight="0.4" />
      <window_info anchor="bottom" id="TODO" order="6" />
      <window_info anchor="bottom" id="Build" order="7" />
      <window_info anchor="bottom" id="Java Enterprise" order="8" />
      <window_info anchor="bottom" id="Messages" order="9" weight="0.32939914" />
      <window_info anchor="bottom" id="Application Servers" order="10" weight="0.32939914" />
      <window_info anchor="bottom" id="Spring" order="11" />
      <window_info anchor="bottom" id="Services" order="12" />
      <window_info anchor="bottom" id="Terminal" order="13" />
      <window_info anchor="bottom" id="Event Log" order="14" side_tool="true" />
      <window_info anchor="bottom" id="Problems" order="15" />
      <window_info anchor="bottom" id="Database Changes" order="16" />
      <window_info anchor="bottom" id="Version Control" order="17" />
      <window_info anchor="right" id="Commander" internal_type="SLIDING" order="0" type="SLIDING" weight="0.4" />
      <window_info anchor="right" id="Ant Build" order="1" weight="0.25" />
      <window_info anchor="right" content_ui="combo" id="Hierarchy" order="2" weight="0.25" />
      <window_info anchor="right" id="Maven" order="3" visible="true" weight="0.21715818" />
      <window_info anchor="right" id="JSON Utils" order="4" />
      <window_info anchor="right" id="Key Promoter X" order="5" />
      <window_info anchor="right" id="Ant" order="6" />
      <window_info anchor="right" id="Database" order="7" />
      <window_info anchor="right" id="Bean Validation" order="8" />
    </layout>
  </component>
  <component name="editorHistoryManager">
    <entry file="file://$PROJECT_DIR$/src/main/resources/springmvc.xml">
      <provider selected="true" editor-type-id="text-editor">
        <state relative-caret-position="580">
          <caret line="84" column="15" lean-forward="true" selection-start-line="84" selection-start-column="15" selection-end-line="84" selection-end-column="15" />
        </state>
      </provider>
    </entry>
    <entry file="file://$PROJECT_DIR$/src/main/java/com/dataSource/DataSource.java">
      <provider selected="true" editor-type-id="text-editor">
        <state relative-caret-position="180">
          <caret line="29" column="23" selection-start-line="29" selection-start-column="21" selection-end-line="29" selection-end-column="23" />
        </state>
      </provider>
    </entry>
    <entry file="file://$PROJECT_DIR$/src/main/webapp/WEB-INF/pages/show2.jsp">
      <provider selected="true" editor-type-id="text-editor" />
    </entry>
    <entry file="file://$PROJECT_DIR$/src/main/java/com/controller/HelloController.java">
      <provider selected="true" editor-type-id="text-editor">
        <state relative-caret-position="141">
          <caret line="24" selection-start-line="24" selection-end-line="24" />
        </state>
      </provider>
    </entry>
    <entry file="file://$PROJECT_DIR$/src/main/java/com/controller/StudentControllerTest.java">
      <provider selected="true" editor-type-id="text-editor">
        <state relative-caret-position="352">
          <caret line="27" column="14" selection-start-line="27" selection-start-column="14" selection-end-line="27" selection-end-column="14" />
        </state>
      </provider>
    </entry>
    <entry file="file://$PROJECT_DIR$/src/main/java/com/dao/AdminDao.java">
      <provider selected="true" editor-type-id="text-editor">
        <state relative-caret-position="132">
          <caret line="11" column="13" selection-start-line="11" selection-start-column="13" selection-end-line="11" selection-end-column="13" />
        </state>
      </provider>
    </entry>
    <entry file="file://$PROJECT_DIR$/src/main/java/com/dao/StudentDao.java">
      <provider selected="true" editor-type-id="text-editor">
        <state relative-caret-position="22">
          <caret line="25" column="13" selection-start-line="25" selection-start-column="13" selection-end-line="25" selection-end-column="13" />
        </state>
      </provider>
    </entry>
    <entry file="file://$PROJECT_DIR$/src/main/java/com/controller/StudentController.java">
      <provider selected="true" editor-type-id="text-editor">
        <state relative-caret-position="22">
          <caret line="19" column="13" selection-start-line="19" selection-start-column="13" selection-end-line="19" selection-end-column="13" />
        </state>
      </provider>
    </entry>
    <entry file="file://$PROJECT_DIR$/src/main/resources/jdbc.properties">
      <provider selected="true" editor-type-id="text-editor">
        <state relative-caret-position="308">
          <caret line="14" column="12" lean-forward="true" selection-start-line="14" selection-start-column="12" selection-end-line="14" selection-end-column="12" />
        </state>
      </provider>
    </entry>
    <entry file="file://$PROJECT_DIR$/src/main/resources/log4j.properties">
      <provider selected="true" editor-type-id="text-editor" />
    </entry>
    <entry file="file://$PROJECT_DIR$/src/main/webapp/WEB-INF/pages/index.jsp">
      <provider selected="true" editor-type-id="text-editor" />
    </entry>
    <entry file="file://$PROJECT_DIR$/src/main/webapp/WEB-INF/pages/show.jsp">
      <provider selected="true" editor-type-id="text-editor" />
    </entry>
    <entry file="file://$PROJECT_DIR$/src/main/webapp/WEB-INF/pages/test.jsp">
      <provider selected="true" editor-type-id="text-editor" />
    </entry>
    <entry file="file://$PROJECT_DIR$/src/main/webapp/WEB-INF/web.xml">
      <provider selected="true" editor-type-id="text-editor" />
    </entry>
    <entry file="file://$PROJECT_DIR$/src/test/test/controller/Circle.java">
      <provider selected="true" editor-type-id="text-editor" />
    </entry>
    <entry file="file://$PROJECT_DIR$/src/test/test/controller/StudentControllerTest.java">
      <provider selected="true" editor-type-id="text-editor" />
    </entry>
    <entry file="file://$PROJECT_DIR$/src/test/test/controller/ThreadDemo.java">
      <provider selected="true" editor-type-id="text-editor" />
    </entry>
    <entry file="file://$PROJECT_DIR$/src/test/test/controller/ThreadDemoTest.java">
      <provider selected="true" editor-type-id="text-editor" />
    </entry>
    <entry file="file://$PROJECT_DIR$/pom.xml">
      <provider selected="true" editor-type-id="text-editor">
        <state relative-caret-position="199">
          <caret line="136" column="27" selection-start-line="136" selection-start-column="27" selection-end-line="136" selection-end-column="27" />
        </state>
      </provider>
    </entry>
    <entry file="file://$PROJECT_DIR$/src/main/java/com/filters/SessionHandlerIntercept.java">
      <provider selected="true" editor-type-id="text-editor">
        <state relative-caret-position="352">
          <caret line="23" selection-start-line="23" selection-end-line="23" />
        </state>
      </provider>
    </entry>
    <entry file="file://$PROJECT_DIR$/src/main/java/com/service/BaseService.java">
      <provider selected="true" editor-type-id="text-editor">
        <state relative-caret-position="132">
          <caret line="8" column="17" selection-start-line="8" selection-start-column="17" selection-end-line="8" selection-end-column="17" />
        </state>
      </provider>
    </entry>
  </component>
</project>