<project version="4">
  <component name="FileEditorManager">
    <leaf>
      <file pinned="false" current-in-tab="true">
        <entry file="file://$PROJECT_DIR$/3_mvc/ch3.mvc/src/main/java/com/bee/sample/ch3/controller/URLMapperController.java">
          <provider selected="true" editor-type-id="text-editor">
            <state relative-caret-position="132">
              <caret line="22" column="13" selection-start-line="22" selection-start-column="13" selection-end-line="22" selection-end-column="13" />
            </state>
          </provider>
        </entry>
      </file>
    </leaf>
  </component>
  <component name="IdeDocumentHistory">
    <option name="CHANGED_PATHS">
      <list>
        <option value="$PROJECT_DIR$/1_preface/ch1.helloword/src/main/java/com/bee/sample/ch1/rest/UserReditRestController.java" />
        <option value="$PROJECT_DIR$/1_preface/ch1.helloword/src/main/java/com/bee/sample/ch1/conf/RoleAcessConfig.java" />
        <option value="$PROJECT_DIR$/1_preface/ch1.helloword/src/main/java/com/bee/sample/ch1/controller/HelloworldController.java" />
      </list>
    </option>
  </component>
  <component name="MavenProjectNavigator">
    <treeState>
      <expand>
        <path>
          <item name="" type="16c1761:MavenProjectsStructure$RootNode" />
          <item name="ch1.helloworld" type="9519ce18:MavenProjectsStructure$ProjectNode" />
        </path>
      </expand>
      <select />
    </treeState>
  </component>
  <component name="ProjectFrameBounds" extendedState="6">
    <option name="width" value="1920" />
    <option name="height" value="1050" />
  </component>
  <component name="ProjectView">
    <navigator proportions="" version="1">
      <foldersAlwaysOnTop value="true" />
    </navigator>
    <panes>
      <pane id="ProjectPane">
        <subPane>
          <expand>
            <path>
              <item name="Spring-Boot-2.0-Samples" type="b2602c69:ProjectViewProjectNode" />
              <item name="Spring-Boot-2.0-Samples" type="462c0819:PsiDirectoryNode" />
            </path>
          </expand>
          <select />
        </subPane>
      </pane>
      <pane id="Scope" />
      <pane id="PackagesPane" />
    </panes>
  </component>
  <component name="TimeTrackingManager">
    <option name="totallyTimeSpent" value="4083000" />
  </component>
  <component name="ToolWindowManager">
    <frame x="-8" y="-8" width="1936" height="1066" extended-state="6" />
    <layout>
      <window_info active="true" content_ui="combo" id="Project" order="0" visible="true" weight="0.25160944" />
      <window_info id="Structure" order="1" side_tool="true" weight="0.25" />
      <window_info id="Web" order="2" side_tool="true" />
      <window_info id="Favorites" order="3" side_tool="true" />
      <window_info anchor="bottom" id="Message" order="0" />
      <window_info anchor="bottom" id="Find" order="1" />
      <window_info anchor="bottom" id="Run" order="2" weight="0.36402568" />
      <window_info anchor="bottom" id="Debug" order="3" weight="0.25802997" />
      <window_info anchor="bottom" id="Cvs" order="4" weight="0.25" />
      <window_info anchor="bottom" id="Inspection" order="5" weight="0.4" />
      <window_info anchor="bottom" id="TODO" order="6" />
      <window_info anchor="bottom" id="Services" order="7" />
      <window_info anchor="bottom" id="Version Control" order="8" />
      <window_info anchor="bottom" id="Problems" order="9" />
      <window_info anchor="bottom" id="Spring" order="10" />
      <window_info anchor="bottom" id="Database Changes" order="11" />
      <window_info anchor="bottom" id="Terminal" order="12" />
      <window_info anchor="bottom" id="Event Log" order="13" side_tool="true" />
      <window_info anchor="bottom" id="Build" order="14" />
      <window_info anchor="bottom" id="Java Enterprise" order="15" />
      <window_info anchor="bottom" id="Messages" order="16" />
      <window_info anchor="right" id="Commander" internal_type="SLIDING" order="0" type="SLIDING" weight="0.4" />
      <window_info anchor="right" id="Ant Build" order="1" weight="0.25" />
      <window_info anchor="right" content_ui="combo" id="Hierarchy" order="2" weight="0.25" />
      <window_info anchor="right" id="Maven" order="3" weight="0.2247854" />
      <window_info anchor="right" id="Database" order="4" />
      <window_info anchor="right" id="Ant" order="5" />
      <window_info anchor="right" id="Key Promoter X" order="6" />
      <window_info anchor="right" id="Bean Validation" order="7" />
      <window_info anchor="right" id="JSON Utils" order="8" />
    </layout>
  </component>
  <component name="editorHistoryManager">
    <entry file="file://$PROJECT_DIR$/4_views/ch4.beetl/src/main/resources/templates/test.html">
      <provider selected="true" editor-type-id="text-editor" />
    </entry>
    <entry file="file://$PROJECT_DIR$/4_views/ch4.beetl/src/main/resources/templates/values/api/user/1.json.var">
      <provider selected="true" editor-type-id="text-editor" />
    </entry>
    <entry file="file://$PROJECT_DIR$/4_views/ch4.beetl/src/main/resources/templates/values/user/userlist.html.var">
      <provider selected="true" editor-type-id="text-editor">
        <state relative-caret-position="22">
          <caret line="1" selection-start-line="1" selection-end-line="1" selection-end-column="32" />
        </state>
      </provider>
    </entry>
    <entry file="file://$PROJECT_DIR$/4_views/ch4.beetl/src/main/resources/application.properties">
      <provider selected="true" editor-type-id="text-editor" />
    </entry>
    <entry file="file://$PROJECT_DIR$/4_views/ch4.beetl/src/main/resources/beetl.properties">
      <provider selected="true" editor-type-id="text-editor">
        <state relative-caret-position="66">
          <caret line="3" column="24" lean-forward="true" selection-start-line="3" selection-start-column="24" selection-end-line="3" selection-end-column="24" />
        </state>
      </provider>
    </entry>
    <entry file="file://$PROJECT_DIR$/4_views/ch4.beetl/pom.xml">
      <provider selected="true" editor-type-id="text-editor">
        <state relative-caret-position="-126" />
      </provider>
    </entry>
    <entry file="file://$PROJECT_DIR$/4_views/ch4.jackson/pom.xml">
      <provider selected="true" editor-type-id="text-editor">
        <state relative-caret-position="-82" />
      </provider>
    </entry>
    <entry file="file://$PROJECT_DIR$/4_views/ch4.jackson/.gitignore">
      <provider selected="true" editor-type-id="text-editor" />
    </entry>
    <entry file="file://$PROJECT_DIR$/4_views/ch4.jackson/src/main/java/com/bee/sample/ch4/Ch4JackSonApplication.java">
      <provider selected="true" editor-type-id="text-editor" />
    </entry>
    <entry file="file://$PROJECT_DIR$/4_views/ch4.jackson/src/main/java/com/bee/sample/ch4/entity/User.java">
      <provider selected="true" editor-type-id="text-editor" />
    </entry>
    <entry file="file://$PROJECT_DIR$/4_views/ch4.jackson/src/main/java/com/bee/sample/ch4/controller/DataBindController.java">
      <provider selected="true" editor-type-id="text-editor" />
    </entry>
    <entry file="file://$PROJECT_DIR$/4_views/ch4.jackson/src/main/java/com/bee/sample/ch4/controller/TreeModelController.java">
      <provider selected="true" editor-type-id="text-editor">
        <state relative-caret-position="242">
          <caret line="13" lean-forward="true" selection-start-line="13" selection-end-line="13" />
        </state>
      </provider>
    </entry>
    <entry file="file://$PROJECT_DIR$/4_views/ch4.jackson/src/main/java/com/bee/sample/ch4/controller/JacksonStreamController.java">
      <provider selected="true" editor-type-id="text-editor" />
    </entry>
    <entry file="file://$PROJECT_DIR$/4_views/ch4.beetl/src/main/resources/templates/index.btl">
      <provider selected="true" editor-type-id="text-editor">
        <state relative-caret-position="176">
          <caret line="8" column="9" lean-forward="true" selection-start-line="8" selection-start-column="9" selection-end-line="8" selection-end-column="9" />
        </state>
      </provider>
    </entry>
    <entry file="file://$PROJECT_DIR$/1_preface/ch1.helloword/pom.xml">
      <provider selected="true" editor-type-id="text-editor">
        <state relative-caret-position="248">
          <caret line="19" column="44" selection-start-line="19" selection-start-column="36" selection-end-line="19" selection-end-column="44" />
        </state>
      </provider>
    </entry>
    <entry file="file://$PROJECT_DIR$/1_preface/ch1.helloword/src/main/java/com/bee/sample/ch1/Ch1Application.java">
      <provider selected="true" editor-type-id="text-editor">
        <state relative-caret-position="264">
          <caret line="13" column="1" selection-start-line="13" selection-start-column="1" selection-end-line="13" selection-end-column="1" />
        </state>
      </provider>
    </entry>
    <entry file="file://$PROJECT_DIR$/1_preface/ch1.helloword/src/main/java/com/bee/sample/ch1/rest/UserReditRestController.java">
      <provider selected="true" editor-type-id="text-editor">
        <state relative-caret-position="154">
          <caret line="9" column="37" selection-start-line="9" selection-start-column="27" selection-end-line="9" selection-end-column="37" />
        </state>
      </provider>
    </entry>
    <entry file="file://$PROJECT_DIR$/1_preface/ch1.helloword/src/main/java/com/bee/sample/ch1/controller/HelloworldController.java">
      <provider selected="true" editor-type-id="text-editor">
        <state relative-caret-position="308">
          <caret line="22" lean-forward="true" selection-start-line="22" selection-end-line="22" />
        </state>
      </provider>
    </entry>
    <entry file="file://$PROJECT_DIR$/1_preface/ch1.helloword/src/main/java/com/bee/sample/ch1/annotation/Function.java">
      <provider selected="true" editor-type-id="text-editor">
        <state relative-caret-position="110">
          <caret line="6" column="35" lean-forward="true" selection-start-line="6" selection-start-column="35" selection-end-line="6" selection-end-column="35" />
        </state>
      </provider>
    </entry>
    <entry file="file://$PROJECT_DIR$/1_preface/ch1.helloword/src/main/java/com/bee/sample/ch1/conf/RoleAcessConfig.java">
      <provider selected="true" editor-type-id="text-editor">
        <state relative-caret-position="369">
          <caret line="54" column="53" selection-start-line="54" selection-start-column="34" selection-end-line="54" selection-end-column="53" />
          <folding>
            <element signature="docComment;class#RoleAcessConfig#0" expanded="true" />
            <element signature="docComment;method#functionAccessCheck#0;class#RoleAcessConfig#0" expanded="true" />
            <element signature="docComment;method#simpleAop#0;class#RoleAcessConfig#0" expanded="true" />
          </folding>
        </state>
      </provider>
    </entry>
    <entry file="file://$PROJECT_DIR$/2_env/ch2.aop/.gitignore">
      <provider selected="true" editor-type-id="text-editor" />
    </entry>
    <entry file="file://$PROJECT_DIR$/2_env/ch2.aop/src/main/java/com/bee/sample/ch2/conf/AOPConfig.java">
      <provider selected="true" editor-type-id="text-editor">
        <state relative-caret-position="330">
          <caret line="20" column="30" selection-start-line="20" selection-start-column="23" selection-end-line="20" selection-end-column="30" />
          <folding>
            <element signature="docComment;class#AOPConfig#0" expanded="true" />
          </folding>
        </state>
      </provider>
    </entry>
    <entry file="file://$PROJECT_DIR$/2_env/ch2.aop/src/main/java/com/bee/sample/ch2/Ch2Application.java">
      <provider selected="true" editor-type-id="text-editor" />
    </entry>
    <entry file="file://$PROJECT_DIR$/2_env/ch2.aop/src/main/java/com/bee/sample/ch2/controller/HelloworldController.java">
      <provider selected="true" editor-type-id="text-editor" />
    </entry>
    <entry file="file://$PROJECT_DIR$/3_mvc/ch3.mvc/src/main/java/com/bee/sample/ch3/conf/ErrorController.java">
      <provider selected="true" editor-type-id="text-editor">
        <state relative-caret-position="2052">
          <caret line="119" column="1" lean-forward="true" selection-start-line="119" selection-start-column="1" selection-end-line="119" selection-end-column="1" />
        </state>
      </provider>
    </entry>
    <entry file="file://$PROJECT_DIR$/3_mvc/ch3.mvc/src/main/java/com/bee/sample/ch3/conf/JacksonConfig.java">
      <provider selected="true" editor-type-id="text-editor">
        <state relative-caret-position="242">
          <caret line="17" column="28" lean-forward="true" selection-start-line="17" selection-start-column="28" selection-end-line="17" selection-end-column="28" />
        </state>
      </provider>
    </entry>
    <entry file="file://$PROJECT_DIR$/3_mvc/ch3.mvc/src/main/java/com/bee/sample/ch3/conf/MvcConfigurer.java">
      <provider selected="true" editor-type-id="text-editor">
        <state relative-caret-position="-59">
          <caret line="29" column="47" selection-start-line="29" selection-start-column="30" selection-end-line="29" selection-end-column="47" />
        </state>
      </provider>
    </entry>
    <entry file="file://$PROJECT_DIR$/3_mvc/ch3.mvc/src/main/java/com/bee/sample/ch3/controller/ModelAttributeController.java">
      <provider selected="true" editor-type-id="text-editor" />
    </entry>
    <entry file="file://$PROJECT_DIR$/3_mvc/ch3.mvc/pom.xml">
      <provider selected="true" editor-type-id="text-editor" />
    </entry>
    <entry file="file://$PROJECT_DIR$/3_mvc/ch3.mvc/src/main/resources/application.properties">
      <provider selected="true" editor-type-id="text-editor" />
    </entry>
    <entry file="file://$PROJECT_DIR$/3_mvc/ch3.mvc/src/main/resources/static/css/ztree.css">
      <provider selected="true" editor-type-id="text-editor" />
    </entry>
    <entry file="file://$PROJECT_DIR$/3_mvc/ch3.mvc/src/main/resources/templates/userInfo.ftl">
      <provider selected="true" editor-type-id="text-editor" />
    </entry>
    <entry file="file://$PROJECT_DIR$/3_mvc/ch3.mvc/src/main/resources/templates/userInfo.btl">
      <provider selected="true" editor-type-id="text-editor" />
    </entry>
    <entry file="file://$PROJECT_DIR$/3_mvc/ch3.mvc/src/main/resources/templates/index.btl">
      <provider selected="true" editor-type-id="text-editor" />
    </entry>
    <entry file="file://$PROJECT_DIR$/3_mvc/ch3.mvc/src/main/resources/static/addOrder.html">
      <provider selected="true" editor-type-id="text-editor" />
    </entry>
    <entry file="file://$PROJECT_DIR$/3_mvc/ch3.mvc/src/main/java/com/bee/sample/ch3/Ch3Application.java">
      <provider selected="true" editor-type-id="text-editor">
        <state relative-caret-position="242">
          <caret line="12" lean-forward="true" selection-start-line="12" selection-end-line="12" />
        </state>
      </provider>
    </entry>
    <entry file="file://$PROJECT_DIR$/3_mvc/ch3.mvc/src/main/java/com/bee/sample/ch3/service/UserService.java">
      <provider selected="true" editor-type-id="text-editor">
        <state relative-caret-position="88">
          <caret line="6" column="17" selection-start-line="6" selection-start-column="17" selection-end-line="6" selection-end-column="17" />
        </state>
      </provider>
    </entry>
    <entry file="file://$PROJECT_DIR$/3_mvc/ch3.mvc/src/main/java/com/bee/sample/ch3/service/impl/UserServiceImpl.java">
      <provider selected="true" editor-type-id="text-editor">
        <state relative-caret-position="110">
          <caret line="11" column="13" selection-start-line="11" selection-start-column="13" selection-end-line="11" selection-end-column="13" />
        </state>
      </provider>
    </entry>
    <entry file="file://$PROJECT_DIR$/3_mvc/ch3.mvc/src/main/java/com/bee/sample/ch3/controller/form/OrderPostForm.java">
      <provider selected="true" editor-type-id="text-editor">
        <state relative-caret-position="88">
          <caret line="7" column="13" selection-start-line="7" selection-start-column="13" selection-end-line="7" selection-end-column="13" />
        </state>
      </provider>
    </entry>
    <entry file="file://$PROJECT_DIR$/3_mvc/ch3.mvc/src/main/java/com/bee/sample/ch3/controller/form/WorkInfoForm.java">
      <provider selected="true" editor-type-id="text-editor">
        <state relative-caret-position="-136">
          <caret line="10" column="13" selection-start-line="10" selection-start-column="13" selection-end-line="10" selection-end-column="13" />
        </state>
      </provider>
    </entry>
    <entry file="file://$PROJECT_DIR$/3_mvc/ch3.mvc/src/main/java/com/bee/sample/ch3/controller/validate/WorkOverTime.java">
      <provider selected="true" editor-type-id="text-editor">
        <state relative-caret-position="176">
          <caret line="15" column="18" selection-start-line="15" selection-start-column="18" selection-end-line="15" selection-end-column="18" />
        </state>
      </provider>
    </entry>
    <entry file="file://$PROJECT_DIR$/3_mvc/ch3.mvc/src/main/java/com/bee/sample/ch3/controller/validate/WorkOverTimeValidator.java">
      <provider selected="true" editor-type-id="text-editor">
        <state relative-caret-position="88">
          <caret line="5" column="13" selection-start-line="5" selection-start-column="13" selection-end-line="5" selection-end-column="13" />
        </state>
      </provider>
    </entry>
    <entry file="file://$PROJECT_DIR$/3_mvc/ch3.mvc/src/main/java/com/bee/sample/ch3/controller/BeetlController.java">
      <provider selected="true" editor-type-id="text-editor">
        <state relative-caret-position="132">
          <caret line="20" column="13" selection-start-line="20" selection-start-column="13" selection-end-line="20" selection-end-column="13" />
        </state>
      </provider>
    </entry>
    <entry file="file://$PROJECT_DIR$/3_mvc/ch3.mvc/src/main/java/com/bee/sample/ch3/controller/DataBindingController.java">
      <provider selected="true" editor-type-id="text-editor">
        <state relative-caret-position="132">
          <caret line="27" column="13" selection-start-line="27" selection-start-column="13" selection-end-line="27" selection-end-column="13" />
        </state>
      </provider>
    </entry>
    <entry file="file://$PROJECT_DIR$/3_mvc/ch3.mvc/src/main/java/com/bee/sample/ch3/controller/FileUploadController.java">
      <provider selected="true" editor-type-id="text-editor">
        <state relative-caret-position="132">
          <caret line="17" column="13" selection-start-line="17" selection-start-column="13" selection-end-line="17" selection-end-column="13" />
        </state>
      </provider>
    </entry>
    <entry file="file://$PROJECT_DIR$/3_mvc/ch3.mvc/src/main/java/com/bee/sample/ch3/controller/FreemakerController.java">
      <provider selected="true" editor-type-id="text-editor">
        <state relative-caret-position="132">
          <caret line="13" column="13" selection-start-line="13" selection-start-column="13" selection-end-line="13" selection-end-column="13" />
        </state>
      </provider>
    </entry>
    <entry file="file://$PROJECT_DIR$/3_mvc/ch3.mvc/src/main/java/com/bee/sample/ch3/controller/JacksonSampleController.java">
      <provider selected="true" editor-type-id="text-editor">
        <state relative-caret-position="132">
          <caret line="33" column="13" selection-start-line="33" selection-start-column="13" selection-end-line="33" selection-end-column="13" />
        </state>
      </provider>
    </entry>
    <entry file="file://$PROJECT_DIR$/3_mvc/ch3.mvc/src/main/java/com/bee/sample/ch3/controller/JavaBeanController.java">
      <provider selected="true" editor-type-id="text-editor">
        <state relative-caret-position="132">
          <caret line="21" column="13" selection-start-line="21" selection-start-column="13" selection-end-line="21" selection-end-column="13" />
        </state>
      </provider>
    </entry>
    <entry file="file://$PROJECT_DIR$/3_mvc/ch3.mvc/src/main/java/com/bee/sample/ch3/controller/ModelAndViewController.java">
      <provider selected="true" editor-type-id="text-editor">
        <state relative-caret-position="132">
          <caret line="15" column="13" selection-start-line="15" selection-start-column="13" selection-end-line="15" selection-end-column="13" />
        </state>
      </provider>
    </entry>
    <entry file="file://$PROJECT_DIR$/3_mvc/ch3.mvc/src/main/java/com/bee/sample/ch3/controller/Sample34Controller.java">
      <provider selected="true" editor-type-id="text-editor">
        <state relative-caret-position="132">
          <caret line="21" column="13" selection-start-line="21" selection-start-column="13" selection-end-line="21" selection-end-column="13" />
        </state>
      </provider>
    </entry>
    <entry file="file://$PROJECT_DIR$/3_mvc/ch3.mvc/src/main/java/com/bee/sample/ch3/controller/URLMapperController.java">
      <provider selected="true" editor-type-id="text-editor">
        <state relative-caret-position="132">
          <caret line="22" column="13" selection-start-line="22" selection-start-column="13" selection-end-line="22" selection-end-column="13" />
        </state>
      </provider>
    </entry>
  </component>
</project>