<project version="4">
  <component name="FileEditorManager">
    <leaf>
      <file pinned="false" current-in-tab="true">
        <entry file="file://$PROJECT_DIR$/src/main/java/rabbitcore/rabbit/rabbit_client/producer/SimpleProducer.java">
          <provider selected="true" editor-type-id="text-editor">
            <state relative-caret-position="308">
              <caret line="32" lean-forward="true" selection-start-line="32" selection-end-line="32" />
            </state>
          </provider>
        </entry>
      </file>
    </leaf>
  </component>
  <component name="IdeDocumentHistory">
    <option name="CHANGED_PATHS">
      <list>
        <option value="$PROJECT_DIR$/src/main/java/rabbitcore/rabbit/rabbit_client/producer/SimpleProducer.java" />
      </list>
    </option>
  </component>
  <component name="MavenProjectNavigator">
    <treeState>
      <expand>
        <path>
          <item name="" type="16c1761:MavenProjectsStructure$RootNode" />
          <item name="rabbit" type="9519ce18:MavenProjectsStructure$ProjectNode" />
        </path>
      </expand>
      <select />
    </treeState>
  </component>
  <component name="ProjectFrameBounds" extendedState="6">
    <option name="width" value="1920" />
    <option name="height" value="1050" />
  </component>
  <component name="ProjectView">
    <navigator proportions="" version="1">
      <foldersAlwaysOnTop value="true" />
    </navigator>
    <panes>
      <pane id="PackagesPane" />
      <pane id="Scope" />
      <pane id="ProjectPane">
        <subPane>
          <expand>
            <path>
              <item name="rabbit" type="b2602c69:ProjectViewProjectNode" />
              <item name="rabbit" type="462c0819:PsiDirectoryNode" />
            </path>
            <path>
              <item name="rabbit" type="b2602c69:ProjectViewProjectNode" />
              <item name="rabbit" type="462c0819:PsiDirectoryNode" />
              <item name="src" type="462c0819:PsiDirectoryNode" />
            </path>
            <path>
              <item name="rabbit" type="b2602c69:ProjectViewProjectNode" />
              <item name="rabbit" type="462c0819:PsiDirectoryNode" />
              <item name="src" type="462c0819:PsiDirectoryNode" />
              <item name="main" type="462c0819:PsiDirectoryNode" />
            </path>
            <path>
              <item name="rabbit" type="b2602c69:ProjectViewProjectNode" />
              <item name="rabbit" type="462c0819:PsiDirectoryNode" />
              <item name="src" type="462c0819:PsiDirectoryNode" />
              <item name="main" type="462c0819:PsiDirectoryNode" />
              <item name="java" type="462c0819:PsiDirectoryNode" />
            </path>
            <path>
              <item name="rabbit" type="b2602c69:ProjectViewProjectNode" />
              <item name="rabbit" type="462c0819:PsiDirectoryNode" />
              <item name="src" type="462c0819:PsiDirectoryNode" />
              <item name="main" type="462c0819:PsiDirectoryNode" />
              <item name="java" type="462c0819:PsiDirectoryNode" />
              <item name="rabbit" type="462c0819:PsiDirectoryNode" />
            </path>
            <path>
              <item name="rabbit" type="b2602c69:ProjectViewProjectNode" />
              <item name="rabbit" type="462c0819:PsiDirectoryNode" />
              <item name="src" type="462c0819:PsiDirectoryNode" />
              <item name="main" type="462c0819:PsiDirectoryNode" />
              <item name="java" type="462c0819:PsiDirectoryNode" />
              <item name="rabbit" type="462c0819:PsiDirectoryNode" />
              <item name="rabbit_client" type="462c0819:PsiDirectoryNode" />
            </path>
            <path>
              <item name="rabbit" type="b2602c69:ProjectViewProjectNode" />
              <item name="rabbit" type="462c0819:PsiDirectoryNode" />
              <item name="src" type="462c0819:PsiDirectoryNode" />
              <item name="main" type="462c0819:PsiDirectoryNode" />
              <item name="java" type="462c0819:PsiDirectoryNode" />
              <item name="rabbit" type="462c0819:PsiDirectoryNode" />
              <item name="rabbit_client" type="462c0819:PsiDirectoryNode" />
              <item name="Consumer" type="462c0819:PsiDirectoryNode" />
            </path>
            <path>
              <item name="rabbit" type="b2602c69:ProjectViewProjectNode" />
              <item name="rabbit" type="462c0819:PsiDirectoryNode" />
              <item name="src" type="462c0819:PsiDirectoryNode" />
              <item name="main" type="462c0819:PsiDirectoryNode" />
              <item name="java" type="462c0819:PsiDirectoryNode" />
              <item name="rabbit" type="462c0819:PsiDirectoryNode" />
              <item name="rabbit_client" type="462c0819:PsiDirectoryNode" />
              <item name="producer" type="462c0819:PsiDirectoryNode" />
            </path>
            <path>
              <item name="rabbit" type="b2602c69:ProjectViewProjectNode" />
              <item name="rabbit" type="462c0819:PsiDirectoryNode" />
              <item name="src" type="462c0819:PsiDirectoryNode" />
              <item name="main" type="462c0819:PsiDirectoryNode" />
              <item name="java" type="462c0819:PsiDirectoryNode" />
              <item name="rabbit" type="462c0819:PsiDirectoryNode" />
              <item name="TimeOutQueue" type="462c0819:PsiDirectoryNode" />
            </path>
            <path>
              <item name="rabbit" type="b2602c69:ProjectViewProjectNode" />
              <item name="rabbit" type="462c0819:PsiDirectoryNode" />
              <item name="src" type="462c0819:PsiDirectoryNode" />
              <item name="main" type="462c0819:PsiDirectoryNode" />
              <item name="java" type="462c0819:PsiDirectoryNode" />
              <item name="rabbit" type="462c0819:PsiDirectoryNode" />
              <item name="utils" type="462c0819:PsiDirectoryNode" />
            </path>
            <path>
              <item name="rabbit" type="b2602c69:ProjectViewProjectNode" />
              <item name="rabbit" type="462c0819:PsiDirectoryNode" />
              <item name="src" type="462c0819:PsiDirectoryNode" />
              <item name="main" type="462c0819:PsiDirectoryNode" />
              <item name="resources" type="462c0819:PsiDirectoryNode" />
            </path>
          </expand>
          <select />
        </subPane>
      </pane>
    </panes>
  </component>
  <component name="TimeTrackingManager">
    <option name="totallyTimeSpent" value="1096000" />
  </component>
  <component name="ToolWindowManager">
    <frame x="-8" y="-8" width="1936" height="1066" extended-state="6" />
    <layout>
      <window_info content_ui="combo" id="Project" order="0" visible="true" weight="0.2532189" />
      <window_info id="Structure" order="1" side_tool="true" weight="0.25" />
      <window_info id="Web" order="2" side_tool="true" />
      <window_info id="Favorites" order="3" side_tool="true" />
      <window_info anchor="bottom" id="Message" order="0" />
      <window_info anchor="bottom" id="Find" order="1" />
      <window_info anchor="bottom" id="Run" order="2" />
      <window_info anchor="bottom" id="Debug" order="3" weight="0.4" />
      <window_info anchor="bottom" id="Cvs" order="4" weight="0.25" />
      <window_info anchor="bottom" id="Inspection" order="5" weight="0.4" />
      <window_info anchor="bottom" id="TODO" order="6" />
      <window_info anchor="bottom" id="Services" order="7" />
      <window_info anchor="bottom" id="Version Control" order="8" />
      <window_info anchor="bottom" id="Problems" order="9" />
      <window_info anchor="bottom" id="Spring" order="10" />
      <window_info anchor="bottom" id="Database Changes" order="11" />
      <window_info anchor="bottom" id="Terminal" order="12" />
      <window_info anchor="bottom" id="Event Log" order="13" side_tool="true" />
      <window_info anchor="bottom" id="Build" order="14" />
      <window_info anchor="bottom" id="Java Enterprise" order="15" />
      <window_info anchor="right" id="Commander" internal_type="SLIDING" order="0" type="SLIDING" weight="0.4" />
      <window_info anchor="right" id="Ant Build" order="1" weight="0.25" />
      <window_info anchor="right" content_ui="combo" id="Hierarchy" order="2" weight="0.25" />
      <window_info anchor="right" id="Maven" order="3" weight="0.23712446" />
      <window_info anchor="right" id="Database" order="4" />
      <window_info anchor="right" id="Ant" order="5" />
      <window_info anchor="right" id="Key Promoter X" order="6" />
      <window_info anchor="right" id="Bean Validation" order="7" />
      <window_info anchor="right" id="JSON Utils" order="8" />
    </layout>
  </component>
  <component name="editorHistoryManager">
    <entry file="file://$PROJECT_DIR$/.gitignore">
      <provider selected="true" editor-type-id="text-editor" />
    </entry>
    <entry file="file://$PROJECT_DIR$/src/main/java/rabbitcore/rabbit/controller/MsgController.java">
      <provider selected="true" editor-type-id="text-editor">
        <state relative-caret-position="132">
          <caret line="13" column="13" selection-start-line="13" selection-start-column="13" selection-end-line="13" selection-end-column="13" />
        </state>
      </provider>
    </entry>
    <entry file="file://$PROJECT_DIR$/src/main/java/rabbitcore/rabbit/TimeOutQueue/BindConfig.java">
      <provider selected="true" editor-type-id="text-editor">
        <state relative-caret-position="132">
          <caret line="11" column="13" selection-start-line="11" selection-start-column="13" selection-end-line="11" selection-end-column="13" />
        </state>
      </provider>
    </entry>
    <entry file="file://$PROJECT_DIR$/src/main/java/rabbitcore/rabbit/TimeOutQueue/BindDelayConfig.java">
      <provider selected="true" editor-type-id="text-editor">
        <state relative-caret-position="132">
          <caret line="12" column="13" selection-start-line="12" selection-start-column="13" selection-end-line="12" selection-end-column="13" />
        </state>
      </provider>
    </entry>
    <entry file="file://$PROJECT_DIR$/src/main/java/rabbitcore/rabbit/TimeOutQueue/News.java">
      <provider selected="true" editor-type-id="text-editor">
        <state relative-caret-position="110">
          <caret line="10" column="13" selection-start-line="10" selection-start-column="13" selection-end-line="10" selection-end-column="13" />
        </state>
      </provider>
    </entry>
    <entry file="file://$PROJECT_DIR$/src/main/java/rabbitcore/rabbit/TimeOutQueue/ProProducer.java">
      <provider selected="true" editor-type-id="text-editor">
        <state relative-caret-position="-58">
          <caret line="23" column="13" selection-start-line="23" selection-start-column="13" selection-end-line="23" selection-end-column="13" />
        </state>
      </provider>
    </entry>
    <entry file="file://$PROJECT_DIR$/src/main/java/rabbitcore/rabbit/TimeOutQueue/ProReciver.java">
      <provider selected="true" editor-type-id="text-editor">
        <state relative-caret-position="154">
          <caret line="21" column="13" selection-start-line="21" selection-start-column="13" selection-end-line="21" selection-end-column="13" />
        </state>
      </provider>
    </entry>
    <entry file="file://$PROJECT_DIR$/src/main/java/rabbitcore/rabbit/utils/PauseUtil.java">
      <provider selected="true" editor-type-id="text-editor">
        <state relative-caret-position="88">
          <caret line="4" lean-forward="true" selection-start-line="4" selection-end-line="4" />
          <folding>
            <element signature="docComment;class#PauseUtil#0" expanded="true" />
          </folding>
        </state>
      </provider>
    </entry>
    <entry file="file://$PROJECT_DIR$/src/main/java/rabbitcore/rabbit/RabbitApplication.java">
      <provider selected="true" editor-type-id="text-editor">
        <state relative-caret-position="748">
          <caret line="51" column="20" lean-forward="true" selection-start-line="51" selection-start-column="20" selection-end-line="51" selection-end-column="20" />
        </state>
      </provider>
    </entry>
    <entry file="file://$PROJECT_DIR$/src/main/resources/application.yml">
      <provider selected="true" editor-type-id="text-editor" />
    </entry>
    <entry file="file://$PROJECT_DIR$/src/main/resources/log4j.properties">
      <provider selected="true" editor-type-id="text-editor" />
    </entry>
    <entry file="file://$PROJECT_DIR$/pom.xml">
      <provider selected="true" editor-type-id="text-editor">
        <state relative-caret-position="-588" />
      </provider>
    </entry>
    <entry file="file://$PROJECT_DIR$/src/main/java/rabbitcore/rabbit/spring_amqp/config/messageUtils/MyMessageHandler.java">
      <provider selected="true" editor-type-id="text-editor">
        <state relative-caret-position="110">
          <caret line="12" column="13" selection-start-line="12" selection-start-column="13" selection-end-line="12" selection-end-column="13" />
        </state>
      </provider>
    </entry>
    <entry file="file://$PROJECT_DIR$/src/main/java/rabbitcore/rabbit/spring_amqp/config/messageUtils/MyMessageConvertor.java">
      <provider selected="true" editor-type-id="text-editor">
        <state relative-caret-position="110">
          <caret line="14" column="13" selection-start-line="14" selection-start-column="13" selection-end-line="14" selection-end-column="13" />
        </state>
      </provider>
    </entry>
    <entry file="file://$PROJECT_DIR$/src/main/java/rabbitcore/rabbit/spring_amqp/config/RabbitConfig.java">
      <provider selected="true" editor-type-id="text-editor">
        <state relative-caret-position="-1752">
          <caret line="23" column="30" selection-start-line="23" selection-start-column="17" selection-end-line="23" selection-end-column="30" />
        </state>
      </provider>
    </entry>
    <entry file="file://$PROJECT_DIR$/src/main/java/rabbitcore/rabbit/rabbit_client/Consumer/Myconsumer.java">
      <provider selected="true" editor-type-id="text-editor">
        <state relative-caret-position="110">
          <caret line="15" column="13" selection-start-line="15" selection-start-column="13" selection-end-line="15" selection-end-column="13" />
        </state>
      </provider>
    </entry>
    <entry file="file://$PROJECT_DIR$/src/main/java/rabbitcore/rabbit/rabbit_client/Consumer/SimpleConsumer.java">
      <provider selected="true" editor-type-id="text-editor">
        <state relative-caret-position="22">
          <caret line="20" column="13" selection-start-line="20" selection-start-column="13" selection-end-line="20" selection-end-column="13" />
        </state>
      </provider>
    </entry>
    <entry file="file://$PROJECT_DIR$/src/main/java/rabbitcore/rabbit/rabbit_client/Consumer/ConsumerObj.java">
      <provider selected="true" editor-type-id="text-editor">
        <state relative-caret-position="110">
          <caret line="14" column="13" selection-start-line="14" selection-start-column="13" selection-end-line="14" selection-end-column="13" />
        </state>
      </provider>
    </entry>
    <entry file="file://$PROJECT_DIR$/src/main/java/rabbitcore/rabbit/rabbit_client/producer/MyProducer.java">
      <provider selected="true" editor-type-id="text-editor">
        <state relative-caret-position="110">
          <caret line="19" column="13" selection-start-line="19" selection-start-column="13" selection-end-line="19" selection-end-column="13" />
        </state>
      </provider>
    </entry>
    <entry file="file://$PROJECT_DIR$/src/main/java/rabbitcore/rabbit/rabbit_client/producer/SimpleProducer.java">
      <provider selected="true" editor-type-id="text-editor">
        <state relative-caret-position="308">
          <caret line="32" lean-forward="true" selection-start-line="32" selection-end-line="32" />
        </state>
      </provider>
    </entry>
  </component>
</project>