<project version="4">
  <component name="FileEditorManager">
    <leaf>
      <file pinned="false" current-in-tab="true">
        <entry file="file://$PROJECT_DIR$/src/main/java/com/example/sky/controller/AlarmController.java">
          <provider selected="true" editor-type-id="text-editor">
            <state relative-caret-position="-190">
              <caret line="24" column="25" lean-forward="true" selection-start-line="24" selection-start-column="25" selection-end-line="24" selection-end-column="25" />
            </state>
          </provider>
        </entry>
      </file>
    </leaf>
  </component>
  <component name="IdeDocumentHistory">
    <option name="CHANGED_PATHS">
      <list>
        <option value="$PROJECT_DIR$/src/main/java/com/example/sky/controller/AlarmController.java" />
        <option value="$PROJECT_DIR$/src/main/resources/logback-spring.xml" />
        <option value="$PROJECT_DIR$/pom.xml" />
      </list>
    </option>
  </component>
  <component name="MavenProjectNavigator">
    <treeState>
      <expand>
        <path>
          <item name="" type="16c1761:MavenProjectsStructure$RootNode" />
          <item name="sky" type="9519ce18:MavenProjectsStructure$ProjectNode" />
        </path>
        <path>
          <item name="" type="16c1761:MavenProjectsStructure$RootNode" />
          <item name="sky" type="9519ce18:MavenProjectsStructure$ProjectNode" />
          <item name="Dependencies" type="f4be9f2a:MavenProjectsStructure$DependenciesNode" />
        </path>
      </expand>
      <select />
    </treeState>
  </component>
  <component name="ProjectFrameBounds" extendedState="6">
    <option name="width" value="1920" />
    <option name="height" value="1050" />
  </component>
  <component name="ProjectView">
    <navigator proportions="" version="1">
      <foldersAlwaysOnTop value="true" />
    </navigator>
    <panes>
      <pane id="ProjectPane">
        <subPane>
          <expand>
            <path>
              <item name="sky" type="b2602c69:ProjectViewProjectNode" />
              <item name="sky" type="462c0819:PsiDirectoryNode" />
            </path>
            <path>
              <item name="sky" type="b2602c69:ProjectViewProjectNode" />
              <item name="sky" type="462c0819:PsiDirectoryNode" />
              <item name="src" type="462c0819:PsiDirectoryNode" />
            </path>
            <path>
              <item name="sky" type="b2602c69:ProjectViewProjectNode" />
              <item name="sky" type="462c0819:PsiDirectoryNode" />
              <item name="src" type="462c0819:PsiDirectoryNode" />
              <item name="main" type="462c0819:PsiDirectoryNode" />
            </path>
            <path>
              <item name="sky" type="b2602c69:ProjectViewProjectNode" />
              <item name="sky" type="462c0819:PsiDirectoryNode" />
              <item name="src" type="462c0819:PsiDirectoryNode" />
              <item name="main" type="462c0819:PsiDirectoryNode" />
              <item name="java" type="462c0819:PsiDirectoryNode" />
            </path>
            <path>
              <item name="sky" type="b2602c69:ProjectViewProjectNode" />
              <item name="sky" type="462c0819:PsiDirectoryNode" />
              <item name="src" type="462c0819:PsiDirectoryNode" />
              <item name="main" type="462c0819:PsiDirectoryNode" />
              <item name="java" type="462c0819:PsiDirectoryNode" />
              <item name="sky" type="462c0819:PsiDirectoryNode" />
            </path>
            <path>
              <item name="sky" type="b2602c69:ProjectViewProjectNode" />
              <item name="sky" type="462c0819:PsiDirectoryNode" />
              <item name="src" type="462c0819:PsiDirectoryNode" />
              <item name="main" type="462c0819:PsiDirectoryNode" />
              <item name="java" type="462c0819:PsiDirectoryNode" />
              <item name="sky" type="462c0819:PsiDirectoryNode" />
              <item name="controller" type="462c0819:PsiDirectoryNode" />
            </path>
            <path>
              <item name="sky" type="b2602c69:ProjectViewProjectNode" />
              <item name="sky" type="462c0819:PsiDirectoryNode" />
              <item name="src" type="462c0819:PsiDirectoryNode" />
              <item name="main" type="462c0819:PsiDirectoryNode" />
              <item name="java" type="462c0819:PsiDirectoryNode" />
              <item name="sky" type="462c0819:PsiDirectoryNode" />
              <item name="DTO" type="462c0819:PsiDirectoryNode" />
            </path>
            <path>
              <item name="sky" type="b2602c69:ProjectViewProjectNode" />
              <item name="sky" type="462c0819:PsiDirectoryNode" />
              <item name="src" type="462c0819:PsiDirectoryNode" />
              <item name="main" type="462c0819:PsiDirectoryNode" />
              <item name="resources" type="462c0819:PsiDirectoryNode" />
            </path>
          </expand>
          <select />
        </subPane>
      </pane>
      <pane id="Scope" />
      <pane id="PackagesPane" />
    </panes>
  </component>
  <component name="TimeTrackingManager">
    <option name="totallyTimeSpent" value="1439000" />
  </component>
  <component name="ToolWindowManager">
    <frame x="-8" y="-8" width="1936" height="1066" extended-state="6" />
    <editor active="true" />
    <layout>
      <window_info id="Favorites" side_tool="true" />
      <window_info id="Web" side_tool="true" />
      <window_info content_ui="combo" id="Project" order="0" visible="true" weight="0.24986595" />
      <window_info id="Structure" order="1" side_tool="true" weight="0.25" />
      <window_info anchor="bottom" id="Build" />
      <window_info anchor="bottom" id="Spring" />
      <window_info anchor="bottom" id="Services" />
      <window_info anchor="bottom" id="Terminal" />
      <window_info anchor="bottom" id="Event Log" side_tool="true" />
      <window_info anchor="bottom" id="Problems" />
      <window_info anchor="bottom" id="Java Enterprise" />
      <window_info anchor="bottom" id="Database Changes" />
      <window_info anchor="bottom" id="Version Control" />
      <window_info anchor="bottom" id="Messages" />
      <window_info anchor="bottom" id="Message" order="0" />
      <window_info anchor="bottom" id="Find" order="1" />
      <window_info anchor="bottom" id="Run" order="2" />
      <window_info anchor="bottom" id="Debug" order="3" weight="0.35944206" />
      <window_info anchor="bottom" id="Cvs" order="4" weight="0.25" />
      <window_info anchor="bottom" id="Inspection" order="5" weight="0.4" />
      <window_info anchor="bottom" id="TODO" order="6" />
      <window_info anchor="right" id="Maven" weight="0.33136728" />
      <window_info anchor="right" id="JSON Utils" />
      <window_info anchor="right" id="Key Promoter X" />
      <window_info anchor="right" id="Database" />
      <window_info anchor="right" id="Ant" />
      <window_info anchor="right" id="Bean Validation" />
      <window_info anchor="right" id="Commander" internal_type="SLIDING" order="0" type="SLIDING" weight="0.4" />
      <window_info anchor="right" id="Ant Build" order="1" weight="0.25" />
      <window_info anchor="right" content_ui="combo" id="Hierarchy" order="2" weight="0.25" />
    </layout>
  </component>
  <component name="editorHistoryManager">
    <entry file="file://$PROJECT_DIR$/README.md">
      <provider selected="true" editor-type-id="split-provider[text-editor;markdown-preview-editor]">
        <state split_layout="FIRST">
          <first_editor relative-caret-position="330">
            <caret line="15" column="23" selection-start-line="15" selection-start-column="23" selection-end-line="15" selection-end-column="23" />
          </first_editor>
          <second_editor />
        </state>
      </provider>
    </entry>
    <entry file="file://$PROJECT_DIR$/src/main/java/com/example/sky/controller/IndexController.java">
      <provider selected="true" editor-type-id="text-editor">
        <state relative-caret-position="154">
          <caret line="15" column="13" selection-start-line="15" selection-start-column="13" selection-end-line="15" selection-end-column="13" />
        </state>
      </provider>
    </entry>
    <entry file="file://$PROJECT_DIR$/src/main/java/com/example/sky/DTO/AlarmMessageDto.java">
      <provider selected="true" editor-type-id="text-editor">
        <state relative-caret-position="308">
          <caret line="19" column="25" lean-forward="true" selection-start-line="19" selection-start-column="25" selection-end-line="19" selection-end-column="25" />
          <folding>
            <element signature="docComment;field#scope#0;class#AlarmMessageDto#0" expanded="true" />
          </folding>
        </state>
      </provider>
    </entry>
    <entry file="file://$PROJECT_DIR$/src/main/java/com/example/sky/SkyApplication.java">
      <provider selected="true" editor-type-id="text-editor">
        <state relative-caret-position="110">
          <caret line="6" column="13" selection-start-line="6" selection-start-column="13" selection-end-line="6" selection-end-column="13" />
        </state>
      </provider>
    </entry>
    <entry file="file://$PROJECT_DIR$/src/main/resources/logback-spring.xml">
      <provider selected="true" editor-type-id="text-editor">
        <state relative-caret-position="336">
          <caret line="72" column="35" lean-forward="true" selection-start-line="72" selection-start-column="35" selection-end-line="72" selection-end-column="35" />
        </state>
      </provider>
    </entry>
    <entry file="file://$PROJECT_DIR$/pom.xml">
      <provider selected="true" editor-type-id="text-editor">
        <state relative-caret-position="203">
          <caret line="47" column="21" selection-start-line="47" selection-start-column="21" selection-end-line="47" selection-end-column="21" />
        </state>
      </provider>
    </entry>
    <entry file="file://$PROJECT_DIR$/src/main/resources/application.yml">
      <provider selected="true" editor-type-id="text-editor">
        <state relative-caret-position="22">
          <caret line="1" column="13" selection-start-line="1" selection-start-column="8" selection-end-line="1" selection-end-column="13" />
        </state>
      </provider>
    </entry>
    <entry file="file://$PROJECT_DIR$/src/main/java/com/example/sky/controller/AlarmController.java">
      <provider selected="true" editor-type-id="text-editor">
        <state relative-caret-position="-190">
          <caret line="24" column="25" lean-forward="true" selection-start-line="24" selection-start-column="25" selection-end-line="24" selection-end-column="25" />
        </state>
      </provider>
    </entry>
  </component>
</project>