<project version="4">
  <component name="FileEditorManager">
    <leaf>
      <file pinned="false" current-in-tab="true">
        <entry file="file://$PROJECT_DIR$/src/main/resources/log4j.properties">
          <provider selected="true" editor-type-id="text-editor" />
        </entry>
      </file>
    </leaf>
  </component>
  <component name="IdeDocumentHistory">
    <option name="CHANGED_PATHS">
      <list>
        <option value="$PROJECT_DIR$/pom.xml" />
        <option value="$PROJECT_DIR$/src/main/resources/application.properties" />
        <option value="$PROJECT_DIR$/src/main/java/lean/demo/controllers/HelloController.java" />
      </list>
    </option>
  </component>
  <component name="MavenProjectNavigator">
    <treeState>
      <expand>
        <path>
          <item name="" type="16c1761:MavenProjectsStructure$RootNode" />
          <item name="demo" type="9519ce18:MavenProjectsStructure$ProjectNode" />
        </path>
      </expand>
      <select />
    </treeState>
  </component>
  <component name="ProjectFrameBounds" extendedState="6">
    <option name="x" value="1912" />
    <option name="y" value="-8" />
    <option name="width" value="1936" />
    <option name="height" value="1066" />
  </component>
  <component name="ProjectView">
    <navigator proportions="" version="1">
      <foldersAlwaysOnTop value="true" />
    </navigator>
    <panes>
      <pane id="ProjectPane">
        <subPane>
          <expand>
            <path>
              <item name="springbootdemo" type="b2602c69:ProjectViewProjectNode" />
              <item name="springbootdemo" type="462c0819:PsiDirectoryNode" />
            </path>
            <path>
              <item name="springbootdemo" type="b2602c69:ProjectViewProjectNode" />
              <item name="springbootdemo" type="462c0819:PsiDirectoryNode" />
              <item name="src" type="462c0819:PsiDirectoryNode" />
            </path>
            <path>
              <item name="springbootdemo" type="b2602c69:ProjectViewProjectNode" />
              <item name="springbootdemo" type="462c0819:PsiDirectoryNode" />
              <item name="src" type="462c0819:PsiDirectoryNode" />
              <item name="main" type="462c0819:PsiDirectoryNode" />
            </path>
            <path>
              <item name="springbootdemo" type="b2602c69:ProjectViewProjectNode" />
              <item name="springbootdemo" type="462c0819:PsiDirectoryNode" />
              <item name="src" type="462c0819:PsiDirectoryNode" />
              <item name="main" type="462c0819:PsiDirectoryNode" />
              <item name="java" type="462c0819:PsiDirectoryNode" />
            </path>
            <path>
              <item name="springbootdemo" type="b2602c69:ProjectViewProjectNode" />
              <item name="springbootdemo" type="462c0819:PsiDirectoryNode" />
              <item name="src" type="462c0819:PsiDirectoryNode" />
              <item name="main" type="462c0819:PsiDirectoryNode" />
              <item name="java" type="462c0819:PsiDirectoryNode" />
              <item name="demo" type="462c0819:PsiDirectoryNode" />
            </path>
            <path>
              <item name="springbootdemo" type="b2602c69:ProjectViewProjectNode" />
              <item name="springbootdemo" type="462c0819:PsiDirectoryNode" />
              <item name="src" type="462c0819:PsiDirectoryNode" />
              <item name="main" type="462c0819:PsiDirectoryNode" />
              <item name="java" type="462c0819:PsiDirectoryNode" />
              <item name="demo" type="462c0819:PsiDirectoryNode" />
              <item name="controllers" type="462c0819:PsiDirectoryNode" />
            </path>
            <path>
              <item name="springbootdemo" type="b2602c69:ProjectViewProjectNode" />
              <item name="springbootdemo" type="462c0819:PsiDirectoryNode" />
              <item name="src" type="462c0819:PsiDirectoryNode" />
              <item name="main" type="462c0819:PsiDirectoryNode" />
              <item name="java" type="462c0819:PsiDirectoryNode" />
              <item name="demo" type="462c0819:PsiDirectoryNode" />
              <item name="dao" type="462c0819:PsiDirectoryNode" />
            </path>
            <path>
              <item name="springbootdemo" type="b2602c69:ProjectViewProjectNode" />
              <item name="springbootdemo" type="462c0819:PsiDirectoryNode" />
              <item name="src" type="462c0819:PsiDirectoryNode" />
              <item name="main" type="462c0819:PsiDirectoryNode" />
              <item name="java" type="462c0819:PsiDirectoryNode" />
              <item name="demo" type="462c0819:PsiDirectoryNode" />
              <item name="entity" type="462c0819:PsiDirectoryNode" />
            </path>
            <path>
              <item name="springbootdemo" type="b2602c69:ProjectViewProjectNode" />
              <item name="springbootdemo" type="462c0819:PsiDirectoryNode" />
              <item name="src" type="462c0819:PsiDirectoryNode" />
              <item name="main" type="462c0819:PsiDirectoryNode" />
              <item name="java" type="462c0819:PsiDirectoryNode" />
              <item name="demo" type="462c0819:PsiDirectoryNode" />
              <item name="services" type="462c0819:PsiDirectoryNode" />
            </path>
            <path>
              <item name="springbootdemo" type="b2602c69:ProjectViewProjectNode" />
              <item name="springbootdemo" type="462c0819:PsiDirectoryNode" />
              <item name="src" type="462c0819:PsiDirectoryNode" />
              <item name="main" type="462c0819:PsiDirectoryNode" />
              <item name="resources" type="462c0819:PsiDirectoryNode" />
            </path>
            <path>
              <item name="springbootdemo" type="b2602c69:ProjectViewProjectNode" />
              <item name="springbootdemo" type="462c0819:PsiDirectoryNode" />
              <item name="src" type="462c0819:PsiDirectoryNode" />
              <item name="main" type="462c0819:PsiDirectoryNode" />
              <item name="resources" type="462c0819:PsiDirectoryNode" />
              <item name="templates" type="462c0819:PsiDirectoryNode" />
            </path>
            <path>
              <item name="springbootdemo" type="b2602c69:ProjectViewProjectNode" />
              <item name="External Libraries" type="cb654da1:ExternalLibrariesNode" />
            </path>
            <path>
              <item name="springbootdemo" type="b2602c69:ProjectViewProjectNode" />
              <item name="External Libraries" type="cb654da1:ExternalLibrariesNode" />
              <item name="&lt; 1.8 &gt;" type="70bed36:NamedLibraryElementNode" />
            </path>
            <path>
              <item name="springbootdemo" type="b2602c69:ProjectViewProjectNode" />
              <item name="External Libraries" type="cb654da1:ExternalLibrariesNode" />
              <item name="&lt; 1.8 &gt;" type="70bed36:NamedLibraryElementNode" />
              <item name="rt.jar" type="462c0819:PsiDirectoryNode" />
            </path>
            <path>
              <item name="springbootdemo" type="b2602c69:ProjectViewProjectNode" />
              <item name="External Libraries" type="cb654da1:ExternalLibrariesNode" />
              <item name="&lt; 1.8 &gt;" type="70bed36:NamedLibraryElementNode" />
              <item name="rt.jar" type="462c0819:PsiDirectoryNode" />
              <item name="sun" type="462c0819:PsiDirectoryNode" />
            </path>
            <path>
              <item name="springbootdemo" type="b2602c69:ProjectViewProjectNode" />
              <item name="External Libraries" type="cb654da1:ExternalLibrariesNode" />
              <item name="&lt; 1.8 &gt;" type="70bed36:NamedLibraryElementNode" />
              <item name="rt.jar" type="462c0819:PsiDirectoryNode" />
              <item name="sun" type="462c0819:PsiDirectoryNode" />
              <item name="nio" type="462c0819:PsiDirectoryNode" />
            </path>
            <path>
              <item name="springbootdemo" type="b2602c69:ProjectViewProjectNode" />
              <item name="External Libraries" type="cb654da1:ExternalLibrariesNode" />
              <item name="&lt; 1.8 &gt;" type="70bed36:NamedLibraryElementNode" />
              <item name="rt.jar" type="462c0819:PsiDirectoryNode" />
              <item name="sun" type="462c0819:PsiDirectoryNode" />
              <item name="nio" type="462c0819:PsiDirectoryNode" />
              <item name="ch" type="462c0819:PsiDirectoryNode" />
            </path>
          </expand>
          <select />
        </subPane>
      </pane>
      <pane id="Scope" />
      <pane id="PackagesPane" />
    </panes>
  </component>
  <component name="TimeTrackingManager">
    <option name="totallyTimeSpent" value="1704000" />
  </component>
  <component name="ToolWindowManager">
    <frame x="1912" y="-8" width="1936" height="1066" extended-state="6" />
    <layout>
      <window_info active="true" content_ui="combo" id="Project" order="0" visible="true" weight="0.25683647" />
      <window_info id="Structure" order="1" side_tool="true" weight="0.25" />
      <window_info id="Favorites" order="2" side_tool="true" />
      <window_info id="Web" order="3" side_tool="true" />
      <window_info anchor="bottom" id="Message" order="0" />
      <window_info anchor="bottom" id="Find" order="1" />
      <window_info anchor="bottom" id="Run" order="2" weight="0.32976446" />
      <window_info anchor="bottom" id="Debug" order="3" weight="0.41862956" />
      <window_info anchor="bottom" id="Cvs" order="4" weight="0.25" />
      <window_info anchor="bottom" id="Inspection" order="5" weight="0.4" />
      <window_info anchor="bottom" id="TODO" order="6" />
      <window_info anchor="bottom" id="Build" order="7" />
      <window_info anchor="bottom" id="Java Enterprise" order="8" />
      <window_info anchor="bottom" id="Messages" order="9" />
      <window_info anchor="bottom" id="Spring" order="10" />
      <window_info anchor="bottom" id="Services" order="11" />
      <window_info anchor="bottom" id="Terminal" order="12" />
      <window_info anchor="bottom" id="Event Log" order="13" side_tool="true" />
      <window_info anchor="bottom" id="Problems" order="14" />
      <window_info anchor="bottom" id="Database Changes" order="15" />
      <window_info anchor="bottom" id="Version Control" order="16" />
      <window_info anchor="right" id="Commander" internal_type="SLIDING" order="0" type="SLIDING" weight="0.4" />
      <window_info anchor="right" id="Ant Build" order="1" weight="0.25" />
      <window_info anchor="right" content_ui="combo" id="Hierarchy" order="2" weight="0.25" />
      <window_info anchor="right" id="Maven" order="3" visible="true" weight="0.30402145" />
      <window_info anchor="right" id="JSON Utils" order="4" weight="0.3297587" />
      <window_info anchor="right" id="Key Promoter X" order="5" weight="0.3297587" />
      <window_info anchor="right" id="Ant" order="6" />
      <window_info anchor="right" id="Database" order="7" weight="0.3297587" />
      <window_info anchor="right" id="Bean Validation" order="8" />
    </layout>
  </component>
  <component name="editorHistoryManager">
    <entry file="file://$PROJECT_DIR$/.gitignore" />
    <entry file="file://D:/.m2/org/springframework/boot/spring-boot-dependencies/2.0.6.RELEASE/spring-boot-dependencies-2.0.6.RELEASE.pom">
      <provider selected="true" editor-type-id="text-editor">
        <state relative-caret-position="362">
          <caret line="508" column="12" selection-start-line="508" selection-start-column="12" selection-end-line="508" selection-end-column="12" />
        </state>
      </provider>
    </entry>
    <entry file="file://D:/web_softs/apache-maven-3.3.9/conf/settings.xml" />
    <entry file="file://$PROJECT_DIR$/src/main/java/lean/demo/utils/ArrayGenerator.java">
      <provider selected="true" editor-type-id="text-editor">
        <state relative-caret-position="88">
          <caret line="11" column="13" selection-start-line="11" selection-start-column="13" selection-end-line="11" selection-end-column="13" />
        </state>
      </provider>
    </entry>
    <entry file="file://$PROJECT_DIR$/src/main/java/lean/demo/aspects/validateAsp.java">
      <provider selected="true" editor-type-id="text-editor">
        <state relative-caret-position="110">
          <caret line="10" column="7" selection-start-line="10" selection-start-column="7" selection-end-line="10" selection-end-column="7" />
        </state>
      </provider>
    </entry>
    <entry file="file://$PROJECT_DIR$/src/main/java/lean/demo/config/DataSourceConfig.java">
      <provider selected="true" editor-type-id="text-editor">
        <state relative-caret-position="110">
          <caret line="12" column="13" selection-start-line="12" selection-start-column="13" selection-end-line="12" selection-end-column="13" />
        </state>
      </provider>
    </entry>
    <entry file="file://$PROJECT_DIR$/pom.xml">
      <provider selected="true" editor-type-id="text-editor">
        <state relative-caret-position="582">
          <caret line="70" column="42" lean-forward="true" selection-start-line="70" selection-start-column="42" selection-end-line="70" selection-end-column="42" />
        </state>
      </provider>
    </entry>
    <entry file="jar://D:/web_softs/jdk1.8/jdk/jre/lib/rt.jar!/sun/nio/ch/WindowsSelectorImpl.class">
      <provider selected="true" editor-type-id="text-editor">
        <state relative-caret-position="260">
          <caret line="133" column="27" selection-start-line="133" selection-start-column="27" selection-end-line="133" selection-end-column="27" />
        </state>
      </provider>
    </entry>
    <entry file="file://$PROJECT_DIR$/src/main/resources/templates/index.html">
      <provider selected="true" editor-type-id="text-editor">
        <state relative-caret-position="308">
          <caret line="14" column="7" selection-start-line="14" selection-start-column="7" selection-end-line="14" selection-end-column="7" />
        </state>
      </provider>
    </entry>
    <entry file="file://$PROJECT_DIR$/src/main/java/lean/demo/controllers/AdminController.java">
      <provider selected="true" editor-type-id="text-editor">
        <state relative-caret-position="44">
          <caret line="2" column="13" selection-start-line="2" selection-start-column="13" selection-end-line="2" selection-end-column="13" />
        </state>
      </provider>
    </entry>
    <entry file="file://$PROJECT_DIR$/src/main/java/lean/demo/controllers/UserController.java">
      <provider selected="true" editor-type-id="text-editor">
        <state relative-caret-position="44">
          <caret line="2" column="13" selection-start-line="2" selection-start-column="13" selection-end-line="2" selection-end-column="13" />
        </state>
      </provider>
    </entry>
    <entry file="file://$PROJECT_DIR$/src/main/java/lean/demo/controllers/HelloController.java">
      <provider selected="true" editor-type-id="text-editor">
        <state relative-caret-position="572">
          <caret line="48" column="35" selection-start-line="48" selection-start-column="35" selection-end-line="48" selection-end-column="35" />
        </state>
      </provider>
    </entry>
    <entry file="file://$PROJECT_DIR$/src/main/java/lean/demo/dao/add.java">
      <provider selected="true" editor-type-id="text-editor">
        <state relative-caret-position="44">
          <caret line="2" column="17" selection-start-line="2" selection-start-column="17" selection-end-line="2" selection-end-column="17" />
        </state>
      </provider>
    </entry>
    <entry file="file://$PROJECT_DIR$/src/main/java/lean/demo/dao/update.java">
      <provider selected="true" editor-type-id="text-editor">
        <state relative-caret-position="44">
          <caret line="2" column="17" selection-start-line="2" selection-start-column="17" selection-end-line="2" selection-end-column="17" />
        </state>
      </provider>
    </entry>
    <entry file="file://$PROJECT_DIR$/src/main/java/lean/demo/dao/UserDao.java">
      <provider selected="true" editor-type-id="text-editor">
        <state relative-caret-position="132">
          <caret line="11" column="13" selection-start-line="11" selection-start-column="13" selection-end-line="11" selection-end-column="13" />
        </state>
      </provider>
    </entry>
    <entry file="file://$PROJECT_DIR$/src/main/java/lean/demo/entity/Admin.java">
      <provider selected="true" editor-type-id="text-editor">
        <state relative-caret-position="132">
          <caret line="8" column="13" selection-start-line="8" selection-start-column="13" selection-end-line="8" selection-end-column="13" />
        </state>
      </provider>
    </entry>
    <entry file="file://$PROJECT_DIR$/src/main/java/lean/demo/entity/FormData.java">
      <provider selected="true" editor-type-id="text-editor">
        <state relative-caret-position="88">
          <caret line="4" column="13" selection-start-line="4" selection-start-column="13" selection-end-line="4" selection-end-column="13" />
        </state>
      </provider>
    </entry>
    <entry file="file://$PROJECT_DIR$/src/main/java/lean/demo/entity/MyUser.java">
      <provider selected="true" editor-type-id="text-editor">
        <state relative-caret-position="-360">
          <caret line="10" column="13" selection-start-line="10" selection-start-column="13" selection-end-line="10" selection-end-column="13" />
        </state>
      </provider>
    </entry>
    <entry file="file://$PROJECT_DIR$/src/main/java/lean/demo/services/UserService.java">
      <provider selected="true" editor-type-id="text-editor">
        <state relative-caret-position="110">
          <caret line="5" column="13" selection-start-line="5" selection-start-column="13" selection-end-line="5" selection-end-column="13" />
        </state>
      </provider>
    </entry>
    <entry file="file://$PROJECT_DIR$/src/main/resources/templates/admin_info.html">
      <provider selected="true" editor-type-id="text-editor" />
    </entry>
    <entry file="file://$PROJECT_DIR$/src/main/java/lean/demo/DemoApplication.java">
      <provider selected="true" editor-type-id="text-editor">
        <state relative-caret-position="154">
          <caret line="7" selection-start-line="7" selection-end-line="7" />
          <folding>
            <element signature="imports" expanded="true" />
          </folding>
        </state>
      </provider>
    </entry>
    <entry file="file://$PROJECT_DIR$/src/main/resources/templates/form_submit.html">
      <provider selected="true" editor-type-id="text-editor" />
    </entry>
    <entry file="file://$PROJECT_DIR$/src/main/resources/templates/success.html">
      <provider selected="true" editor-type-id="text-editor" />
    </entry>
    <entry file="file://$PROJECT_DIR$/src/main/resources/templates/user_info.html">
      <provider selected="true" editor-type-id="text-editor">
        <state relative-caret-position="330">
          <caret line="15" column="13" lean-forward="true" selection-start-line="15" selection-start-column="13" selection-end-line="15" selection-end-column="13" />
        </state>
      </provider>
    </entry>
    <entry file="file://$PROJECT_DIR$/src/main/resources/templates/multipartfile.html">
      <provider selected="true" editor-type-id="text-editor">
        <state relative-caret-position="242">
          <caret line="11" column="27" selection-start-line="11" selection-start-column="23" selection-end-line="11" selection-end-column="27" />
        </state>
      </provider>
    </entry>
    <entry file="file://$PROJECT_DIR$/src/main/resources/application.properties">
      <provider selected="true" editor-type-id="text-editor">
        <state relative-caret-position="198">
          <caret line="9" lean-forward="true" selection-start-line="9" selection-end-line="9" />
        </state>
      </provider>
    </entry>
    <entry file="file://$PROJECT_DIR$/src/main/resources/log4j.properties">
      <provider selected="true" editor-type-id="text-editor" />
    </entry>
  </component>
  <component name="masterDetails">
    <states>
      <state key="ArtifactsStructureConfigurable.UI">
        <settings>
          <artifact-editor />
          <splitter-proportions>
            <option name="proportions">
              <list>
                <option value="0.2" />
              </list>
            </option>
          </splitter-proportions>
        </settings>
      </state>
      <state key="FacetStructureConfigurable.UI">
        <settings>
          <last-edited>Spring</last-edited>
          <splitter-proportions>
            <option name="proportions">
              <list>
                <option value="0.2" />
              </list>
            </option>
          </splitter-proportions>
        </settings>
      </state>
      <state key="GlobalLibrariesConfigurable.UI">
        <settings>
          <last-edited>vue</last-edited>
          <splitter-proportions>
            <option name="proportions">
              <list>
                <option value="0.2" />
              </list>
            </option>
          </splitter-proportions>
        </settings>
      </state>
      <state key="JdkListConfigurable.UI">
        <settings>
          <last-edited>1.8</last-edited>
          <splitter-proportions>
            <option name="proportions">
              <list>
                <option value="0.2" />
              </list>
            </option>
          </splitter-proportions>
        </settings>
      </state>
      <state key="ModuleStructureConfigurable.UI">
        <settings>
          <last-edited>demo</last-edited>
          <splitter-proportions>
            <option name="proportions">
              <list>
                <option value="0.2" />
                <option value="0.6" />
              </list>
            </option>
          </splitter-proportions>
        </settings>
      </state>
      <state key="ProjectLibrariesConfigurable.UI">
        <settings>
          <last-edited>Maven: antlr:antlr:2.7.7</last-edited>
          <splitter-proportions>
            <option name="proportions">
              <list>
                <option value="0.2" />
              </list>
            </option>
          </splitter-proportions>
        </settings>
      </state>
    </states>
  </component>
</project>