<application>
  <component name="ActionsLocalSummary">
    <data>
      <entry key="$Copy">
        <ActionSummary times="2" last="1593092488269" />
      </entry>
      <entry key="$Cut">
        <ActionSummary times="5" last="1592225304318" />
      </entry>
      <entry key="$Delete">
        <ActionSummary times="20" last="1593105156254" />
      </entry>
      <entry key="$EditorTranslateAction">
        <ActionSummary times="15" last="1593092465549" />
      </entry>
      <entry key="$Paste">
        <ActionSummary times="5" last="1592225305256" />
      </entry>
      <entry key="$Redo">
        <ActionSummary times="17" last="1592831985173" />
      </entry>
      <entry key="$SelectAll">
        <ActionSummary times="4" last="1592752075125" />
      </entry>
      <entry key="$ShowTranslationDialogAction">
        <ActionSummary times="8" last="1592051327092" />
      </entry>
      <entry key="$Undo">
        <ActionSummary times="549" last="1593149303021" />
      </entry>
      <entry key="About">
        <ActionSummary times="7" last="1592753570122" />
      </entry>
      <entry key="Actions.ActionsPlugin.GenerateToString">
        <ActionSummary times="3" last="1591707662704" />
      </entry>
      <entry key="ActivateServicesToolWindow">
        <ActionSummary times="3" last="1593105250510" />
      </entry>
      <entry key="AliP3CInspectionAction">
        <ActionSummary times="2" last="1591968776760" />
      </entry>
      <entry key="Back">
        <ActionSummary times="194" last="1593147285906" />
      </entry>
      <entry key="BraceOrQuoteOut">
        <ActionSummary times="1" last="1591709437695" />
      </entry>
      <entry key="ChangeFileEncodingAction">
        <ActionSummary times="1" last="1593173593860" />
      </entry>
      <entry key="ChangesView.Revert">
        <ActionSummary times="1" last="1591713638611" />
      </entry>
      <entry key="CheckinProject">
        <ActionSummary times="38" last="1593105459979" />
      </entry>
      <entry key="CloseAllEditors">
        <ActionSummary times="2" last="1593142374790" />
      </entry>
      <entry key="CodotaLeanSearchCrossRefAction">
        <ActionSummary times="1" last="1591969672998" />
      </entry>
      <entry key="CollapseAllRegions">
        <ActionSummary times="21" last="1591967439763" />
      </entry>
      <entry key="CollapseRegion">
        <ActionSummary times="6" last="1591966575963" />
      </entry>
      <entry key="CommentByLineComment">
        <ActionSummary times="26" last="1593104544112" />
      </entry>
      <entry key="Compile">
        <ActionSummary times="2" last="1591538089691" />
      </entry>
      <entry key="CompileDirty">
        <ActionSummary times="8" last="1592753498160" />
      </entry>
      <entry key="CompileProject">
        <ActionSummary times="4" last="1592753522126" />
      </entry>
      <entry key="ConfigureIcs">
        <ActionSummary times="6" last="1593174558639" />
      </entry>
      <entry key="ConsoleView.ClearAll">
        <ActionSummary times="24" last="1593144655790" />
      </entry>
      <entry key="CopyPaths">
        <ActionSummary times="1" last="1591967118572" />
      </entry>
      <entry key="Coverage">
        <ActionSummary times="4" last="1593105214793" />
      </entry>
      <entry key="CreateLibraryFromFile">
        <ActionSummary times="2" last="1592047664180" />
      </entry>
      <entry key="Debug">
        <ActionSummary times="104" last="1593105081391" />
      </entry>
      <entry key="DebugClass">
        <ActionSummary times="1" last="1592228690460" />
      </entry>
      <entry key="Debugger.AddSteppingFilter">
        <ActionSummary times="1" last="1593105671673" />
      </entry>
      <entry key="Debugger.CopyStack">
        <ActionSummary times="1" last="1593105698572" />
      </entry>
      <entry key="Debugger.EditFrameSource">
        <ActionSummary times="9" last="1591967343299" />
      </entry>
      <entry key="Debugger.ShowLibraryFrames">
        <ActionSummary times="4" last="1593105667043" />
      </entry>
      <entry key="DefaultProfilerExecutorGroup">
        <ActionSummary times="1" last="1593105184137" />
      </entry>
      <entry key="EditBookmark">
        <ActionSummary times="1" last="1591538755492" />
      </entry>
      <entry key="EditCustomProperties">
        <ActionSummary times="1" last="1593090277572" />
      </entry>
      <entry key="EditCustomVmOptions">
        <ActionSummary times="12" last="1593099470498" />
      </entry>
      <entry key="EditSource">
        <ActionSummary times="3" last="1591967370637" />
      </entry>
      <entry key="EditorBackSpace">
        <ActionSummary times="1823" last="1593174072024" />
      </entry>
      <entry key="EditorChooseLookupItem">
        <ActionSummary times="506" last="1593147307443" />
      </entry>
      <entry key="EditorChooseLookupItemCompleteStatement">
        <ActionSummary times="2" last="1593143326016" />
      </entry>
      <entry key="EditorCompleteStatement">
        <ActionSummary times="118" last="1593147158315" />
      </entry>
      <entry key="EditorCopy">
        <ActionSummary times="85" last="1593143647245" />
      </entry>
      <entry key="EditorCut">
        <ActionSummary times="109" last="1593174564798" />
      </entry>
      <entry key="EditorDeleteLine">
        <ActionSummary times="3" last="1591966479067" />
      </entry>
      <entry key="EditorDeleteToWordStart">
        <ActionSummary times="1" last="1592054795671" />
      </entry>
      <entry key="EditorDown">
        <ActionSummary times="1213" last="1593147244832" />
      </entry>
      <entry key="EditorDownWithSelection">
        <ActionSummary times="4" last="1591966470894" />
      </entry>
      <entry key="EditorDuplicate">
        <ActionSummary times="17" last="1593143701949" />
      </entry>
      <entry key="EditorEnter">
        <ActionSummary times="254" last="1593147306239" />
      </entry>
      <entry key="EditorEscape">
        <ActionSummary times="10" last="1592056224446" />
      </entry>
      <entry key="EditorGutterToggleGlobalLineNumbers">
        <ActionSummary times="16" last="1592022490327" />
      </entry>
      <entry key="EditorLeft">
        <ActionSummary times="940" last="1593147222304" />
      </entry>
      <entry key="EditorLeftWithSelection">
        <ActionSummary times="11" last="1591710563595" />
      </entry>
      <entry key="EditorNextWordWithSelection">
        <ActionSummary times="13" last="1591966537180" />
      </entry>
      <entry key="EditorPageDown">
        <ActionSummary times="1" last="1591708429441" />
      </entry>
      <entry key="EditorPaste">
        <ActionSummary times="157" last="1593173934572" />
      </entry>
      <entry key="EditorPreviousWordWithSelection">
        <ActionSummary times="26" last="1591966538236" />
      </entry>
      <entry key="EditorRight">
        <ActionSummary times="1057" last="1593147229025" />
      </entry>
      <entry key="EditorRightWithSelection">
        <ActionSummary times="29" last="1592831394724" />
      </entry>
      <entry key="EditorScrollDown">
        <ActionSummary times="1" last="1591966469777" />
      </entry>
      <entry key="EditorScrollUp">
        <ActionSummary times="2" last="1591966404704" />
      </entry>
      <entry key="EditorSelectWord">
        <ActionSummary times="57" last="1593147051508" />
      </entry>
      <entry key="EditorSplitLine">
        <ActionSummary times="3" last="1592230289203" />
      </entry>
      <entry key="EditorStartNewLine">
        <ActionSummary times="3" last="1592831076749" />
      </entry>
      <entry key="EditorStartNewLineBefore">
        <ActionSummary times="1" last="1592229304594" />
      </entry>
      <entry key="EditorTab">
        <ActionSummary times="26" last="1593147217596" />
      </entry>
      <entry key="EditorToggleInsertState">
        <ActionSummary times="4" last="1591707899766" />
      </entry>
      <entry key="EditorToggleShowLineNumbers">
        <ActionSummary times="9" last="1592022501331" />
      </entry>
      <entry key="EditorUnSelectWord">
        <ActionSummary times="16" last="1591966429795" />
      </entry>
      <entry key="EditorUp">
        <ActionSummary times="407" last="1593147211493" />
      </entry>
      <entry key="EditorUpWithSelection">
        <ActionSummary times="1" last="1591966403406" />
      </entry>
      <entry key="EvaluateExpression">
        <ActionSummary times="2" last="1593105691720" />
      </entry>
      <entry key="ExpandAllRegions">
        <ActionSummary times="8" last="1591967440431" />
      </entry>
      <entry key="ExpandRegion">
        <ActionSummary times="1" last="1591966582127" />
      </entry>
      <entry key="ExportSettings">
        <ActionSummary times="1" last="1593173618130" />
      </entry>
      <entry key="ExtractMethod">
        <ActionSummary times="6" last="1591967194830" />
      </entry>
      <entry key="FileChooser.NewFolder">
        <ActionSummary times="2" last="1592753363945" />
      </entry>
      <entry key="FileStructurePopup">
        <ActionSummary times="2" last="1591967418513" />
      </entry>
      <entry key="FindUsages">
        <ActionSummary times="1" last="1591538718685" />
      </entry>
      <entry key="Generate">
        <ActionSummary times="50" last="1593143468709" />
      </entry>
      <entry key="GenerateConstructor">
        <ActionSummary times="21" last="1593143470134" />
      </entry>
      <entry key="GenerateEquals">
        <ActionSummary times="1" last="1591707735124" />
      </entry>
      <entry key="GenerateGetterAndSetter">
        <ActionSummary times="19" last="1592056112194" />
      </entry>
      <entry key="GenerateSetter">
        <ActionSummary times="1" last="1591707732107" />
      </entry>
      <entry key="Git.Commit.And.Push.Executor">
        <ActionSummary times="12" last="1593105475201" />
      </entry>
      <entry key="Git.Pull">
        <ActionSummary times="1" last="1592056453956" />
      </entry>
      <entry key="Github.Create.Gist">
        <ActionSummary times="1" last="1592483264101" />
      </entry>
      <entry key="GotoAction">
        <ActionSummary times="9" last="1592022449633" />
      </entry>
      <entry key="GotoBookmark1">
        <ActionSummary times="5" last="1591538836884" />
      </entry>
      <entry key="GotoBookmark2">
        <ActionSummary times="6" last="1591538839477" />
      </entry>
      <entry key="GotoBookmark7">
        <ActionSummary times="7" last="1591967453544" />
      </entry>
      <entry key="GotoDeclaration">
        <ActionSummary times="117" last="1593104405173" />
      </entry>
      <entry key="GotoImplementation">
        <ActionSummary times="1" last="1591967404024" />
      </entry>
      <entry key="GotoNextError">
        <ActionSummary times="1" last="1591967284925" />
      </entry>
      <entry key="GotoTest">
        <ActionSummary times="2" last="1591966608434" />
      </entry>
      <entry key="GotoTypeDeclaration">
        <ActionSummary times="3" last="1591967390360" />
      </entry>
      <entry key="GsonFormat4DataBinding">
        <ActionSummary times="15" last="1591968163810" />
      </entry>
      <entry key="HTTPClient.AddRequest">
        <ActionSummary times="3" last="1592748988065" />
      </entry>
      <entry key="HTTPClient.OpenCollection">
        <ActionSummary times="4" last="1592748939836" />
      </entry>
      <entry key="HighlightUsagesInFile">
        <ActionSummary times="1" last="1591967321713" />
      </entry>
      <entry key="Images.SetBackgroundImage">
        <ActionSummary times="8" last="1591961488576" />
      </entry>
      <entry key="IntroduceConstant">
        <ActionSummary times="5" last="1591967189471" />
      </entry>
      <entry key="IntroduceParameter">
        <ActionSummary times="3" last="1591967171768" />
      </entry>
      <entry key="IntroduceVariable">
        <ActionSummary times="31" last="1592832035249" />
      </entry>
      <entry key="InvalidateCaches">
        <ActionSummary times="2" last="1591536327874" />
      </entry>
      <entry key="List-selectNextColumn">
        <ActionSummary times="1" last="1592044205310" />
      </entry>
      <entry key="ManageRecentProjects">
        <ActionSummary times="1" last="1592048187865" />
      </entry>
      <entry key="Maven.ExecuteGoal">
        <ActionSummary times="2" last="1592022593647" />
      </entry>
      <entry key="Maven.Reimport">
        <ActionSummary times="14" last="1592229450739" />
      </entry>
      <entry key="Maven.ShowSettings">
        <ActionSummary times="2" last="1591537382759" />
      </entry>
      <entry key="MemoryView.SettingsPopupActionGroup">
        <ActionSummary times="1" last="1593105724165" />
      </entry>
      <entry key="MoveLineDown">
        <ActionSummary times="11" last="1591966502063" />
      </entry>
      <entry key="MoveLineUp">
        <ActionSummary times="7" last="1591966502595" />
      </entry>
      <entry key="MoveStatementDown">
        <ActionSummary times="34" last="1593102422712" />
      </entry>
      <entry key="MoveStatementUp">
        <ActionSummary times="13" last="1593143666536" />
      </entry>
      <entry key="NewClass">
        <ActionSummary times="19" last="1593147008374" />
      </entry>
      <entry key="NewDir">
        <ActionSummary times="5" last="1593142445770" />
      </entry>
      <entry key="NextParameter">
        <ActionSummary times="10" last="1593147156963" />
      </entry>
      <entry key="NextTemplateVariable">
        <ActionSummary times="35" last="1592832035974" />
      </entry>
      <entry key="OpenCodotaSearch">
        <ActionSummary times="9" last="1592831622458" />
      </entry>
      <entry key="OpenFile">
        <ActionSummary times="9" last="1593007151123" />
      </entry>
      <entry key="ParameterInfo">
        <ActionSummary times="14" last="1593089514794" />
      </entry>
      <entry key="QuickImplementations">
        <ActionSummary times="7" last="1591967276216" />
      </entry>
      <entry key="QuickJavaDoc">
        <ActionSummary times="8" last="1591967267870" />
      </entry>
      <entry key="RecentFiles">
        <ActionSummary times="1" last="1591709583001" />
      </entry>
      <entry key="ReformatCode">
        <ActionSummary times="145" last="1593147307958" />
      </entry>
      <entry key="Register">
        <ActionSummary times="1" last="1591964760595" />
      </entry>
      <entry key="RenameElement">
        <ActionSummary times="10" last="1592750289609" />
      </entry>
      <entry key="Replace">
        <ActionSummary times="1" last="1592056052735" />
      </entry>
      <entry key="ReplaceInPath">
        <ActionSummary times="6" last="1593003119997" />
      </entry>
      <entry key="Rerun">
        <ActionSummary times="8" last="1593144720533" />
      </entry>
      <entry key="RestoreDefaultSettings">
        <ActionSummary times="1" last="1593174575314" />
      </entry>
      <entry key="Resume">
        <ActionSummary times="8" last="1593105734035" />
      </entry>
      <entry key="Run">
        <ActionSummary times="4" last="1591967663074" />
      </entry>
      <entry key="RunDashboard.AddType">
        <ActionSummary times="1" last="1593105253998" />
      </entry>
      <entry key="RunDashboard.Debug">
        <ActionSummary times="1" last="1593105531853" />
      </entry>
      <entry key="SaveAll">
        <ActionSummary times="23" last="1593173392156" />
      </entry>
      <entry key="SearchEverywhere">
        <ActionSummary times="11" last="1593003287258" />
      </entry>
      <entry key="SelectAllOccurrences">
        <ActionSummary times="4" last="1591966681475" />
      </entry>
      <entry key="SelectNextOccurrence">
        <ActionSummary times="22" last="1591966676119" />
      </entry>
      <entry key="ShowByteCodeJclasslib">
        <ActionSummary times="1" last="1592051137149" />
      </entry>
      <entry key="ShowErrorDescription">
        <ActionSummary times="1" last="1591967289667" />
      </entry>
      <entry key="ShowIntentionActions">
        <ActionSummary times="126" last="1593147022375" />
      </entry>
      <entry key="ShowLog">
        <ActionSummary times="1" last="1592747910477" />
      </entry>
      <entry key="ShowProjectStructureSettings">
        <ActionSummary times="11" last="1593173599859" />
      </entry>
      <entry key="ShowReformatFileDialog">
        <ActionSummary times="3" last="1591968731786" />
      </entry>
      <entry key="ShowSettings">
        <ActionSummary times="256" last="1593174447581" />
      </entry>
      <entry key="StepOver">
        <ActionSummary times="2" last="1593105617099" />
      </entry>
      <entry key="Stop">
        <ActionSummary times="28" last="1593144719981" />
      </entry>
      <entry key="SurroundWith">
        <ActionSummary times="6" last="1593147199479" />
      </entry>
      <entry key="Synchronize">
        <ActionSummary times="20" last="1592047586034" />
      </entry>
      <entry key="ToggleBookmark">
        <ActionSummary times="10" last="1591967432155" />
      </entry>
      <entry key="ToggleBookmark1">
        <ActionSummary times="5" last="1591538816792" />
      </entry>
      <entry key="ToggleBookmark2">
        <ActionSummary times="4" last="1591538826853" />
      </entry>
      <entry key="ToggleBookmark7">
        <ActionSummary times="8" last="1591967454852" />
      </entry>
      <entry key="ToggleBookmark8">
        <ActionSummary times="7" last="1591967436660" />
      </entry>
      <entry key="ToggleBookmarkWithMnemonic">
        <ActionSummary times="1" last="1591967427638" />
      </entry>
      <entry key="ToggleLineBreakpoint">
        <ActionSummary times="17" last="1593105536628" />
      </entry>
      <entry key="ToggleProjectInspectionAction">
        <ActionSummary times="5" last="1592056140768" />
      </entry>
      <entry key="ToggleRenderedDocPresentation">
        <ActionSummary times="3" last="1593173193983" />
      </entry>
      <entry key="ToggleRenderedDocPresentationForAll">
        <ActionSummary times="1" last="1592662911085" />
      </entry>
      <entry key="ToggleZenMode">
        <ActionSummary times="2" last="1591539071159" />
      </entry>
      <entry key="Tree-selectChild">
        <ActionSummary times="3" last="1591962015529" />
      </entry>
      <entry key="Tree-selectNext">
        <ActionSummary times="1" last="1591707373141" />
      </entry>
      <entry key="Tree-selectNextExtendSelection">
        <ActionSummary times="13" last="1591708457211" />
      </entry>
      <entry key="Tree-selectPrevious">
        <ActionSummary times="1" last="1591707373480" />
      </entry>
      <entry key="UnselectPreviousOccurrence">
        <ActionSummary times="6" last="1591966671616" />
      </entry>
      <entry key="Unwrap">
        <ActionSummary times="3" last="1591966640006" />
      </entry>
      <entry key="Vcs.Push">
        <ActionSummary times="2" last="1592056654473" />
      </entry>
      <entry key="Vcs.UpdateProject">
        <ActionSummary times="101" last="1593098398250" />
      </entry>
      <entry key="WebServicesPlugin.CreateRESTClient">
        <ActionSummary times="1" last="1592748811941" />
      </entry>
      <entry key="WelcomeScreen.OpenProject">
        <ActionSummary times="6" last="1593078241103" />
      </entry>
      <entry key="XDebugger.Inline">
        <ActionSummary times="2" last="1592022478798" />
      </entry>
      <entry key="XDebugger.SwitchWatchesInVariables">
        <ActionSummary times="4" last="1593105749675" />
      </entry>
      <entry key="cn.yiiguxing.plugin.translate.action.TranslatorAction">
        <ActionSummary times="2" last="1592023023349" />
      </entry>
      <entry key="cn.yiiguxing.plugin.translate.ui.form.AppKeySettingsForm$1">
        <ActionSummary times="2" last="1592748444915" />
      </entry>
      <entry key="cn.yiiguxing.plugin.translate.util.Notifications$CopyToClipboardAction">
        <ActionSummary times="1" last="1591968779759" />
      </entry>
      <entry key="cn.yiiguxing.plugin.translate.wordbook.WordBookView$RefreshAction">
        <ActionSummary times="8" last="1592057638650" />
      </entry>
      <entry key="com.intellij.application.options.schemes.AbstractSchemesPanel$ShowSchemesActionsListAction">
        <ActionSummary times="2" last="1591536031632" />
      </entry>
      <entry key="com.intellij.codeInsight.daemon.NavigateAction">
        <ActionSummary times="12" last="1593078993322" />
      </entry>
      <entry key="com.intellij.codeInsight.daemon.impl.DaemonTooltipWithActionRenderer$addActionsRow$2">
        <ActionSummary times="1" last="1591967293638" />
      </entry>
      <entry key="com.intellij.codeInsight.documentation.render.DocRenderItem$ToggleRenderingAction">
        <ActionSummary times="4" last="1593173187147" />
      </entry>
      <entry key="com.intellij.codeInsight.generation.surroundWith.SurroundWithHandler$InvokeSurrounderAction">
        <ActionSummary times="5" last="1593147201947" />
      </entry>
      <entry key="com.intellij.dvcs.ui.BranchActionGroupPopup$MoreAction">
        <ActionSummary times="1" last="1592140816577" />
      </entry>
      <entry key="com.intellij.execution.actions.RunConfigurationsComboBoxAction$SaveTemporaryAction">
        <ActionSummary times="1" last="1592753256103" />
      </entry>
      <entry key="com.intellij.execution.actions.RunConfigurationsComboBoxAction$SelectConfigAction">
        <ActionSummary times="1" last="1592833013949" />
      </entry>
      <entry key="com.intellij.execution.impl.DefaultJavaProgramRunner$SoftExitAction">
        <ActionSummary times="2" last="1593105278148" />
      </entry>
      <entry key="com.intellij.execution.lineMarker.LineMarkerActionWrapper">
        <ActionSummary times="40" last="1593147250072" />
      </entry>
      <entry key="com.intellij.execution.services.ServiceViewSourceScrollHelper$ScrollFromEditorAction">
        <ActionSummary times="2" last="1593105518301" />
      </entry>
      <entry key="com.intellij.find.impl.FindPopupPanel$MySelectScopeToggleAction">
        <ActionSummary times="24" last="1593003128049" />
      </entry>
      <entry key="com.intellij.find.impl.FindPopupPanel$MyShowFilterPopupAction">
        <ActionSummary times="2" last="1592833686388" />
      </entry>
      <entry key="com.intellij.framework.detection.impl.FrameworkDetectionManager$3">
        <ActionSummary times="3" last="1592140751858" />
      </entry>
      <entry key="com.intellij.ide.ReopenProjectAction">
        <ActionSummary times="78" last="1593142318633" />
      </entry>
      <entry key="com.intellij.ide.actions.Switcher$SwitcherPanel$6">
        <ActionSummary times="1" last="1591709583778" />
      </entry>
      <entry key="com.intellij.ide.actions.searcheverywhere.ActionSearchEverywhereContributor$1">
        <ActionSummary times="2" last="1591966297216" />
      </entry>
      <entry key="com.intellij.ide.actions.searcheverywhere.SearchEverywhereUI$SETab$1">
        <ActionSummary times="3" last="1591713522811" />
      </entry>
      <entry key="com.intellij.ide.browsers.actions.OpenFileInDefaultBrowserAction">
        <ActionSummary times="1" last="1592047968092" />
      </entry>
      <entry key="com.intellij.ide.plugins.PluginManagerConfigurable$3">
        <ActionSummary times="20" last="1593174152816" />
      </entry>
      <entry key="com.intellij.ide.plugins.PluginManagerConfigurable$4">
        <ActionSummary times="11" last="1591968469265" />
      </entry>
      <entry key="com.intellij.ide.plugins.newui.TabbedPaneHeaderComponent$3">
        <ActionSummary times="64" last="1593174146265" />
      </entry>
      <entry key="com.intellij.notification.EventLogConsole$ClearLogAction">
        <ActionSummary times="4" last="1592748554924" />
      </entry>
      <entry key="com.intellij.notification.NotificationAction$1">
        <ActionSummary times="1" last="1592055364992" />
      </entry>
      <entry key="com.intellij.openapi.actionSystem.DefaultActionGroup">
        <ActionSummary times="1" last="1593105544312" />
      </entry>
      <entry key="com.intellij.openapi.keymap.impl.ui.KeymapPanel$13">
        <ActionSummary times="2" last="1591969953949" />
      </entry>
      <entry key="com.intellij.openapi.keymap.impl.ui.KeymapPanel$15">
        <ActionSummary times="1" last="1591711501128" />
      </entry>
      <entry key="com.intellij.openapi.keymap.impl.ui.KeymapPanel$16">
        <ActionSummary times="2" last="1591969973577" />
      </entry>
      <entry key="com.intellij.openapi.project.DumbAwareAction$SimpleDumbAwareAction">
        <ActionSummary times="14" last="1593003117709" />
      </entry>
      <entry key="com.intellij.openapi.roots.ui.configuration.libraryEditor.CreateNewLibraryAction">
        <ActionSummary times="1" last="1592047391442" />
      </entry>
      <entry key="com.intellij.openapi.ui.DialogWrapper$5">
        <ActionSummary times="7" last="1592055499194" />
      </entry>
      <entry key="com.intellij.openapi.ui.impl.DialogWrapperPeerImpl$AnCancelAction">
        <ActionSummary times="1" last="1591707733241" />
      </entry>
      <entry key="com.intellij.openapi.updateSettings.impl.UpdateSettingsConfigurable$UpdatesSettingsPanel$1">
        <ActionSummary times="1" last="1591963698812" />
      </entry>
      <entry key="com.intellij.openapi.vcs.changes.ignore.actions.IgnoreFileAction">
        <ActionSummary times="1" last="1592829979756" />
      </entry>
      <entry key="com.intellij.openapi.vcs.changes.ui.SwitchToCommitDialogAction">
        <ActionSummary times="1" last="1591711188801" />
      </entry>
      <entry key="com.intellij.openapi.vfs.encoding.ChooseFileEncodingAction$1">
        <ActionSummary times="2" last="1592747664099" />
      </entry>
      <entry key="com.intellij.openapi.wm.impl.ToolWindowHeader$HideAction">
        <ActionSummary times="80" last="1593105501160" />
      </entry>
      <entry key="com.intellij.openapi.wm.impl.ToolWindowHeader$ShowOptionsAction">
        <ActionSummary times="8" last="1593105549785" />
      </entry>
      <entry key="com.intellij.openapi.wm.impl.welcomeScreen.FlatWelcomeFrame$FlatWelcomeScreen$4">
        <ActionSummary times="1" last="1591963374362" />
      </entry>
      <entry key="com.intellij.spring.facet.validation.SpringConfigurationCheckTask$2">
        <ActionSummary times="2" last="1592047647069" />
      </entry>
      <entry key="com.intellij.ui.AnActionButton$AnActionButtonWrapper">
        <ActionSummary times="18" last="1592753333499" />
      </entry>
      <entry key="com.intellij.ui.CommonActionsPanel$AddButton">
        <ActionSummary times="4" last="1591964625165" />
      </entry>
      <entry key="com.intellij.ui.CommonActionsPanel$RemoveButton">
        <ActionSummary times="26" last="1593098580813" />
      </entry>
      <entry key="com.intellij.ui.ScrollingUtil$6">
        <ActionSummary times="16" last="1592044205897" />
      </entry>
      <entry key="com.intellij.ui.ScrollingUtil$7">
        <ActionSummary times="13" last="1592044206675" />
      </entry>
      <entry key="com.intellij.ui.components.BasicOptionButtonUI$ActionDelegate">
        <ActionSummary times="7" last="1592750746655" />
      </entry>
      <entry key="com.intellij.ws.actions.OpenInScratchFileAction">
        <ActionSummary times="5" last="1592748924871" />
      </entry>
      <entry key="com.intellij.xdebugger.impl.breakpoints.RemoveBreakpointGutterIconAction">
        <ActionSummary times="12" last="1593105759907" />
      </entry>
      <entry key="com.intellij.xdebugger.impl.ui.BreakpointEditor$2">
        <ActionSummary times="1" last="1591538703013" />
      </entry>
      <entry key="com.jetbrains.plugins.remotesdk.console.RunSshConsoleAction">
        <ActionSummary times="1" last="1591538126751" />
      </entry>
      <entry key="context.load">
        <ActionSummary times="1" last="1591707597220" />
      </entry>
      <entry key="editRunConfigurations">
        <ActionSummary times="19" last="1593098577543" />
      </entry>
      <entry key="git4idea.ui.branch.GitBranchPopupActions$LocalBranchActions$CheckoutAction">
        <ActionSummary times="4" last="1593002864866" />
      </entry>
      <entry key="git4idea.ui.branch.GitBranchPopupActions$LocalBranchActions$PushBranchAction">
        <ActionSummary times="1" last="1591537994060" />
      </entry>
      <entry key="git4idea.ui.branch.GitBranchPopupActions$MergeAction">
        <ActionSummary times="2" last="1592056649630" />
      </entry>
      <entry key="git4idea.ui.branch.GitBranchPopupActions$RemoteBranchActions$CheckoutRemoteBranchAction">
        <ActionSummary times="1" last="1592055288954" />
      </entry>
      <entry key="p">
        <ActionSummary times="1" last="1591969268097" />
      </entry>
    </data>
  </component>
</application>