<application>
  <component name="FileTypeManager" version="17">
    <ignoreFiles list="*.hprof;*.iml;*.log.*;*.pyc;*.pyo;*.rbc;*.yarb;*~;.DS_Store;.git;.hg;.idea;.svn;CVS;__pycache__;_svn;vssver.scc;vssver2.scc;" />
    <extensionMap>
      <mapping pattern="DockerFile" type="PLAIN_TEXT" />
      <mapping ext="2019-01-08" type="PLAIN_TEXT" />
      <mapping ext="property" type="PLAIN_TEXT" />
      <mapping ext="gz" type="PLAIN_TEXT" />
      <mapping ext="ini" type="PLAIN_TEXT" />
      <removed_mapping ext="ini" approved="true" type="Ini" />
      <removed_mapping ext="vue" approved="true" type="HTML" />
      <removed_mapping ext="html" approved="true" type="Vue.js" />
      <mapping ext="gradle.kts" type="Kotlin" />
    </extensionMap>
  </component>
</application>