<application>
  <component name="AppserversManager">
    <ServerDK NAME="Tomcat 8.0.36">
      <option name="SOURCE_INTEGRATION_NAME" value="Tomcat Server" />
      <DATA>
        <option name="CATALINA_HOME" value="D:/web_softs/tomcat8" />
        <option name="CATALINA_BASE" value="" />
      </DATA>
    </ServerDK>
    <LibraryTable>
      <library name="Tomcat 8.0.36">
        <CLASSES>
          <root url="jar://D:/web_softs/tomcat8/lib/jsp-api.jar!/" />
          <root url="jar://D:/web_softs/tomcat8/lib/servlet-api.jar!/" />
        </CLASSES>
        <JAVADOC />
        <SOURCES />
      </library>
    </LibraryTable>
  </component>
</application>