<application>
  <component name="KeyPromoterXStatistic">
    <option name="statistics">
      <Statistic Action="Add">
        <Item>
          <IdeaActionID>Git.Add</IdeaActionID>
          <ShortCut>'Ctrl+Alt+A'</ShortCut>
          <Description>Add</Description>
          <Count>6</Count>
        </Item>
      </Statistic>
      <Statistic Action="Back">
        <Item>
          <IdeaActionID>Back</IdeaActionID>
          <ShortCut>'Alt+Shift+引号'</ShortCut>
          <Description>Back</Description>
          <Count>167</Count>
        </Item>
      </Statistic>
      <Statistic Action="Branches...">
        <Item>
          <IdeaActionID>Git.Branches</IdeaActionID>
          <ShortCut>'Ctrl+Shift+`'</ShortCut>
          <Description>Branches...</Description>
          <Count>1</Count>
        </Item>
      </Statistic>
      <Statistic Action="Commit...">
        <Item>
          <IdeaActionID>CheckinProject</IdeaActionID>
          <ShortCut>'Ctrl+K'</ShortCut>
          <Description>Commit...</Description>
          <Count>66</Count>
        </Item>
      </Statistic>
      <Statistic Action="Copy">
        <Item>
          <IdeaActionID>$Copy</IdeaActionID>
          <ShortCut>'Ctrl+C' or 'Ctrl+Insert'</ShortCut>
          <Description>Copy</Description>
          <Count>18</Count>
        </Item>
      </Statistic>
      <Statistic Action="Copy Classes...">
        <Item>
          <IdeaActionID>CopyElement</IdeaActionID>
          <ShortCut>'F5'</ShortCut>
          <Description>Copy Classes...</Description>
          <Count>1</Count>
        </Item>
      </Statistic>
      <Statistic Action="DDL">
        <Item>
          <IdeaActionID>Jdbc.OpenEditor.Grid.DDL</IdeaActionID>
          <ShortCut>'Ctrl+Alt+Home'</ShortCut>
          <Description>DDL</Description>
          <Count>1</Count>
        </Item>
      </Statistic>
      <Statistic Action="Debug">
        <Item>
          <IdeaActionID>Debug</IdeaActionID>
          <ShortCut>'Shift+F9'</ShortCut>
          <Description>Debug</Description>
          <Count>274</Count>
        </Item>
      </Statistic>
      <Statistic Action="Declaration or Usages">
        <Item>
          <IdeaActionID>GotoDeclaration</IdeaActionID>
          <ShortCut>'Ctrl+B'</ShortCut>
          <Description>Declaration or Usages</Description>
          <Count>285</Count>
        </Item>
      </Statistic>
      <Statistic Action="Delete">
        <Item>
          <IdeaActionID>FileChooser.Delete</IdeaActionID>
          <ShortCut>'Delete'</ShortCut>
          <Description>Delete</Description>
          <Count>1</Count>
        </Item>
      </Statistic>
      <Statistic Action="Delete...">
        <Item>
          <IdeaActionID>$Delete</IdeaActionID>
          <ShortCut>'Delete'</ShortCut>
          <Description>Delete...</Description>
          <Count>71</Count>
        </Item>
      </Statistic>
      <Statistic Action="Descriptions in Tree Views">
        <Item>
          <IdeaActionID>ViewInplaceComments</IdeaActionID>
          <ShortCut>'Alt+Shift+\'</ShortCut>
          <Description>Descriptions in Tree Views</Description>
          <Count>3</Count>
        </Item>
      </Statistic>
      <Statistic Action="Desktop Directory">
        <Item>
          <IdeaActionID>FileChooser.GotoDesktop</IdeaActionID>
          <ShortCut>'Ctrl+D'</ShortCut>
          <Description>Desktop Directory</Description>
          <Count>10</Count>
        </Item>
      </Statistic>
      <Statistic Action="Directory">
        <Item>
          <IdeaActionID>NewDir</IdeaActionID>
          <ShortCut>'Shift+P'</ShortCut>
          <Description>Directory</Description>
          <Count>10</Count>
        </Item>
      </Statistic>
      <Statistic Action="Disconnect">
        <Item>
          <IdeaActionID>DatabaseView.CloseConnectionAction</IdeaActionID>
          <ShortCut>'Ctrl+F2'</ShortCut>
          <Description>Disconnect</Description>
          <Count>1</Count>
        </Item>
      </Statistic>
      <Statistic Action="Execute">
        <Item>
          <IdeaActionID>Console.Jdbc.Execute</IdeaActionID>
          <ShortCut>'Ctrl+Enter'</ShortCut>
          <Description>Execute</Description>
          <Count>1</Count>
        </Item>
      </Statistic>
      <Statistic Action="Forward">
        <Item>
          <IdeaActionID>Forward</IdeaActionID>
          <ShortCut>'Alt+逗号'</ShortCut>
          <Description>Forward</Description>
          <Count>8</Count>
        </Item>
      </Statistic>
      <Statistic Action="Java Class">
        <Item>
          <IdeaActionID>NewClass</IdeaActionID>
          <ShortCut>'Shift+C'</ShortCut>
          <Description>Java Class</Description>
          <Count>27</Count>
        </Item>
      </Statistic>
      <Statistic Action="Jump to Console...">
        <Item>
          <IdeaActionID>Jdbc.OpenConsole.Any</IdeaActionID>
          <ShortCut>'Ctrl+Shift+F10'</ShortCut>
          <Description>Jump to Console...</Description>
          <Count>1</Count>
        </Item>
      </Statistic>
      <Statistic Action="Messages">
        <Item>
          <IdeaActionID>ActivateMessagesToolWindow</IdeaActionID>
          <ShortCut>'Alt+0'</ShortCut>
          <Description>Messages</Description>
          <Count>3</Count>
        </Item>
      </Statistic>
      <Statistic Action="Move Packages or Directories...">
        <Item>
          <IdeaActionID>Move</IdeaActionID>
          <ShortCut>'F6'</ShortCut>
          <Description>Move Packages or Directories...</Description>
          <Count>6</Count>
        </Item>
      </Statistic>
      <Statistic Action="New Folder...">
        <Item>
          <IdeaActionID>FileChooser.NewFolder</IdeaActionID>
          <ShortCut>'Alt+Insert' or 'Ctrl+N'</ShortCut>
          <Description>New Folder...</Description>
          <Count>1</Count>
        </Item>
      </Statistic>
      <Statistic Action="Open Module Settings">
        <Item>
          <IdeaActionID>OpenModuleSettings</IdeaActionID>
          <ShortCut>'F4'</ShortCut>
          <Description>Open Module Settings</Description>
          <Count>1</Count>
        </Item>
      </Statistic>
      <Statistic Action="Optimize Imports">
        <Item>
          <IdeaActionID>OptimizeImports</IdeaActionID>
          <ShortCut>'Ctrl+Alt+O'</ShortCut>
          <Description>Optimize Imports</Description>
          <Count>1</Count>
        </Item>
      </Statistic>
      <Statistic Action="Package">
        <Item>
          <IdeaActionID>NewDir</IdeaActionID>
          <ShortCut>'Shift+P'</ShortCut>
          <Description>Package</Description>
          <Count>41</Count>
        </Item>
      </Statistic>
      <Statistic Action="Project">
        <Item>
          <IdeaActionID>ActivateProjectToolWindow</IdeaActionID>
          <ShortCut>'Alt+1'</ShortCut>
          <Description>Project</Description>
          <Count>9</Count>
        </Item>
      </Statistic>
      <Statistic Action="Project Directory">
        <Item>
          <IdeaActionID>FileChooser.GotoProject</IdeaActionID>
          <ShortCut>'Ctrl+2'</ShortCut>
          <Description>Project Directory</Description>
          <Count>7</Count>
        </Item>
      </Statistic>
      <Statistic Action="Project Structure...">
        <Item>
          <IdeaActionID>ShowProjectStructureSettings</IdeaActionID>
          <ShortCut>'Ctrl+Alt+Shift+S'</ShortCut>
          <Description>Project Structure...</Description>
          <Count>4</Count>
        </Item>
      </Statistic>
      <Statistic Action="Properties">
        <Item>
          <IdeaActionID>DatabaseView.PropertiesAction</IdeaActionID>
          <ShortCut>'Shift+Enter'</ShortCut>
          <Description>Properties</Description>
          <Count>4</Count>
        </Item>
      </Statistic>
      <Statistic Action="Push...">
        <Item>
          <IdeaActionID>Vcs.Push</IdeaActionID>
          <ShortCut>'Ctrl+Shift+K'</ShortCut>
          <Description>Push...</Description>
          <Count>4</Count>
        </Item>
      </Statistic>
      <Statistic Action="Refactor This...">
        <Item>
          <IdeaActionID>Refactorings.QuickListPopupAction</IdeaActionID>
          <ShortCut>'Ctrl+Alt+Shift+T'</ShortCut>
          <Description>Refactor This...</Description>
          <Count>1</Count>
        </Item>
      </Statistic>
      <Statistic Action="Refresh">
        <Item>
          <IdeaActionID>DatabaseView.Refresh</IdeaActionID>
          <ShortCut>'Ctrl+F5'</ShortCut>
          <Description>Refresh</Description>
          <Count>11</Count>
        </Item>
      </Statistic>
      <Statistic Action="Reload Page">
        <Item>
          <IdeaActionID>Console.TableResult.Reload</IdeaActionID>
          <ShortCut>'Ctrl+F5'</ShortCut>
          <Description>Reload Page</Description>
          <Count>1</Count>
        </Item>
      </Statistic>
      <Statistic Action="Remove">
        <Item>
          <IdeaActionID>$Delete</IdeaActionID>
          <ShortCut>'Delete'</ShortCut>
          <Description>Remove</Description>
          <Count>2</Count>
        </Item>
      </Statistic>
      <Statistic Action="Remove Module">
        <Item>
          <IdeaActionID>$Delete</IdeaActionID>
          <ShortCut>'Delete'</ShortCut>
          <Description>Remove Module</Description>
          <Count>8</Count>
        </Item>
      </Statistic>
      <Statistic Action="Rename...">
        <Item>
          <IdeaActionID>RenameElement</IdeaActionID>
          <ShortCut>'Shift+F6' or 'F1'</ShortCut>
          <Description>Rename...</Description>
          <Count>27</Count>
        </Item>
      </Statistic>
      <Statistic Action="Rerun 'CircleLinkedList'">
        <Item>
          <IdeaActionID>Rerun</IdeaActionID>
          <ShortCut>'Ctrl+F5'</ShortCut>
          <Description>Rerun 'CircleLinkedList'</Description>
          <Count>1</Count>
        </Item>
      </Statistic>
      <Statistic Action="Rerun 'CollectionsTest.myTest2'">
        <Item>
          <IdeaActionID>Rerun</IdeaActionID>
          <ShortCut>'Ctrl+F5'</ShortCut>
          <Description>Rerun 'CollectionsTest.myTest2'</Description>
          <Count>1</Count>
        </Item>
      </Statistic>
      <Statistic Action="Rerun 'ConcurrencyTest'">
        <Item>
          <IdeaActionID>Rerun</IdeaActionID>
          <ShortCut>'Ctrl+F5'</ShortCut>
          <Description>Rerun 'ConcurrencyTest'</Description>
          <Count>5</Count>
        </Item>
      </Statistic>
      <Statistic Action="Rerun 'ConsumerApplication'">
        <Item>
          <IdeaActionID>Rerun</IdeaActionID>
          <ShortCut>'Ctrl+F5'</ShortCut>
          <Description>Rerun 'ConsumerApplication'</Description>
          <Count>4</Count>
        </Item>
      </Statistic>
      <Statistic Action="Rerun 'CountExample2'">
        <Item>
          <IdeaActionID>Rerun</IdeaActionID>
          <ShortCut>'Ctrl+F5'</ShortCut>
          <Description>Rerun 'CountExample2'</Description>
          <Count>5</Count>
        </Item>
      </Statistic>
      <Statistic Action="Rerun 'DemoApplication (1)'">
        <Item>
          <IdeaActionID>Rerun</IdeaActionID>
          <ShortCut>'Ctrl+F5'</ShortCut>
          <Description>Rerun 'DemoApplication (1)'</Description>
          <Count>4</Count>
        </Item>
      </Statistic>
      <Statistic Action="Rerun 'DemoApplication#2'">
        <Item>
          <IdeaActionID>Rerun</IdeaActionID>
          <ShortCut>'Ctrl+F5'</ShortCut>
          <Description>Rerun 'DemoApplication#2'</Description>
          <Count>1</Count>
        </Item>
      </Statistic>
      <Statistic Action="Rerun 'HttpServer (1)'">
        <Item>
          <IdeaActionID>Rerun</IdeaActionID>
          <ShortCut>'Ctrl+F5'</ShortCut>
          <Description>Rerun 'HttpServer (1)'</Description>
          <Count>2</Count>
        </Item>
      </Statistic>
      <Statistic Action="Rerun 'HttpSniffer'">
        <Item>
          <IdeaActionID>Rerun</IdeaActionID>
          <ShortCut>'Ctrl+F5'</ShortCut>
          <Description>Rerun 'HttpSniffer'</Description>
          <Count>2</Count>
        </Item>
      </Statistic>
      <Statistic Action="Rerun 'JdbcTest'">
        <Item>
          <IdeaActionID>Rerun</IdeaActionID>
          <ShortCut>'Ctrl+F5'</ShortCut>
          <Description>Rerun 'JdbcTest'</Description>
          <Count>3</Count>
        </Item>
      </Statistic>
      <Statistic Action="Rerun 'Period'">
        <Item>
          <IdeaActionID>Rerun</IdeaActionID>
          <ShortCut>'Ctrl+F5'</ShortCut>
          <Description>Rerun 'Period'</Description>
          <Count>1</Count>
        </Item>
      </Statistic>
      <Statistic Action="Rerun 'ProducerApplication'">
        <Item>
          <IdeaActionID>Rerun</IdeaActionID>
          <ShortCut>'Ctrl+F5'</ShortCut>
          <Description>Rerun 'ProducerApplication'</Description>
          <Count>5</Count>
        </Item>
      </Statistic>
      <Statistic Action="Rerun 'ServerSocketTest'">
        <Item>
          <IdeaActionID>Rerun</IdeaActionID>
          <ShortCut>'Ctrl+F5'</ShortCut>
          <Description>Rerun 'ServerSocketTest'</Description>
          <Count>1</Count>
        </Item>
      </Statistic>
      <Statistic Action="Rerun 'SocketTest'">
        <Item>
          <IdeaActionID>Rerun</IdeaActionID>
          <ShortCut>'Ctrl+F5'</ShortCut>
          <Description>Rerun 'SocketTest'</Description>
          <Count>4</Count>
        </Item>
      </Statistic>
      <Statistic Action="Rerun 'Solution'">
        <Item>
          <IdeaActionID>Rerun</IdeaActionID>
          <ShortCut>'Ctrl+F5'</ShortCut>
          <Description>Rerun 'Solution'</Description>
          <Count>3</Count>
        </Item>
      </Statistic>
      <Statistic Action="Rerun 'SortPrograms'">
        <Item>
          <IdeaActionID>Rerun</IdeaActionID>
          <ShortCut>'Ctrl+F5'</ShortCut>
          <Description>Rerun 'SortPrograms'</Description>
          <Count>38</Count>
        </Item>
      </Statistic>
      <Statistic Action="Rerun 'SourceCodeApplication'">
        <Item>
          <IdeaActionID>Rerun</IdeaActionID>
          <ShortCut>'Ctrl+F5'</ShortCut>
          <Description>Rerun 'SourceCodeApplication'</Description>
          <Count>1</Count>
        </Item>
      </Statistic>
      <Statistic Action="Rerun 'SumTarget'">
        <Item>
          <IdeaActionID>Rerun</IdeaActionID>
          <ShortCut>'Ctrl+F5'</ShortCut>
          <Description>Rerun 'SumTarget'</Description>
          <Count>2</Count>
        </Item>
      </Statistic>
      <Statistic Action="Rerun 'UniqueStr'">
        <Item>
          <IdeaActionID>Rerun</IdeaActionID>
          <ShortCut>'Ctrl+F5'</ShortCut>
          <Description>Rerun 'UniqueStr'</Description>
          <Count>12</Count>
        </Item>
      </Statistic>
      <Statistic Action="Resume Program">
        <Item>
          <IdeaActionID>Resume</IdeaActionID>
          <ShortCut>'F9'</ShortCut>
          <Description>Resume Program</Description>
          <Count>158</Count>
        </Item>
      </Statistic>
      <Statistic Action="Revert...">
        <Item>
          <IdeaActionID>ChangesView.Revert</IdeaActionID>
          <ShortCut>'Ctrl+Alt+Z'</ShortCut>
          <Description>Revert...</Description>
          <Count>2</Count>
        </Item>
      </Statistic>
      <Statistic Action="Run">
        <Item>
          <IdeaActionID>Run</IdeaActionID>
          <ShortCut>'Shift+F10'</ShortCut>
          <Description>Run</Description>
          <Count>1</Count>
        </Item>
      </Statistic>
      <Statistic Action="Run 'HttpSniffer.main()'">
        <Item>
          <IdeaActionID>RunClass</IdeaActionID>
          <ShortCut>'Ctrl+Shift+F10'</ShortCut>
          <Description>Run 'HttpSniffer.main()'</Description>
          <Count>1</Count>
        </Item>
      </Statistic>
      <Statistic Action="Run to Cursor">
        <Item>
          <IdeaActionID>RunToCursor</IdeaActionID>
          <ShortCut>'Alt+F9'</ShortCut>
          <Description>Run to Cursor</Description>
          <Count>1</Count>
        </Item>
      </Statistic>
      <Statistic Action="Save All">
        <Item>
          <IdeaActionID>SaveAll</IdeaActionID>
          <ShortCut>'Ctrl+S'</ShortCut>
          <Description>Save All</Description>
          <Count>1</Count>
        </Item>
      </Statistic>
      <Statistic Action="Services">
        <Item>
          <IdeaActionID>ActivateServicesToolWindow</IdeaActionID>
          <ShortCut>'Alt+8'</ShortCut>
          <Description>Services</Description>
          <Count>7</Count>
        </Item>
      </Statistic>
      <Statistic Action="Settings...">
        <Item>
          <IdeaActionID>ShowSettings</IdeaActionID>
          <ShortCut>'Ctrl+Alt+S'</ShortCut>
          <Description>Settings...</Description>
          <Count>196</Count>
        </Item>
      </Statistic>
      <Statistic Action="Show Context Actions">
        <Item>
          <IdeaActionID>ShowIntentionActions</IdeaActionID>
          <ShortCut>'Alt+Enter'</ShortCut>
          <Description>Show Context Actions</Description>
          <Count>647</Count>
        </Item>
      </Statistic>
      <Statistic Action="Show Diagram Popup...">
        <Item>
          <IdeaActionID>ShowUmlDiagramPopup</IdeaActionID>
          <ShortCut>'Ctrl+Alt+U'</ShortCut>
          <Description>Show Diagram Popup...</Description>
          <Count>1</Count>
        </Item>
      </Statistic>
      <Statistic Action="Show Diagram...">
        <Item>
          <IdeaActionID>ShowUmlDiagram</IdeaActionID>
          <ShortCut>'Ctrl+Alt+Shift+U'</ShortCut>
          <Description>Show Diagram...</Description>
          <Count>1</Count>
        </Item>
      </Statistic>
      <Statistic Action="Source Editor">
        <Item>
          <IdeaActionID>Jdbc.OpenEditor.DDL</IdeaActionID>
          <ShortCut>'Ctrl+B'</ShortCut>
          <Description>Source Editor</Description>
          <Count>2</Count>
        </Item>
      </Statistic>
      <Statistic Action="Step Into">
        <Item>
          <IdeaActionID>StepInto</IdeaActionID>
          <ShortCut>'F7'</ShortCut>
          <Description>Step Into</Description>
          <Count>117</Count>
        </Item>
      </Statistic>
      <Statistic Action="Step Over">
        <Item>
          <IdeaActionID>StepOver</IdeaActionID>
          <ShortCut>'F8'</ShortCut>
          <Description>Step Over</Description>
          <Count>277</Count>
        </Item>
      </Statistic>
      <Statistic Action="Stop 'Ch1Application'">
        <Item>
          <IdeaActionID>Stop</IdeaActionID>
          <ShortCut>'Ctrl+F2'</ShortCut>
          <Description>Stop 'Ch1Application'</Description>
          <Count>1</Count>
        </Item>
      </Statistic>
      <Statistic Action="Stop 'ClueManageSysApiApplication'">
        <Item>
          <IdeaActionID>Stop</IdeaActionID>
          <ShortCut>'Ctrl+F2'</ShortCut>
          <Description>Stop 'ClueManageSysApiApplication'</Description>
          <Count>6</Count>
        </Item>
      </Statistic>
      <Statistic Action="Stop 'CommonsApplication'">
        <Item>
          <IdeaActionID>Stop</IdeaActionID>
          <ShortCut>'Ctrl+F2'</ShortCut>
          <Description>Stop 'CommonsApplication'</Description>
          <Count>1</Count>
        </Item>
      </Statistic>
      <Statistic Action="Stop 'ConsumerApplication'">
        <Item>
          <IdeaActionID>Stop</IdeaActionID>
          <ShortCut>'Ctrl+F2'</ShortCut>
          <Description>Stop 'ConsumerApplication'</Description>
          <Count>3</Count>
        </Item>
      </Statistic>
      <Statistic Action="Stop 'DemoApplication (1)'">
        <Item>
          <IdeaActionID>Stop</IdeaActionID>
          <ShortCut>'Ctrl+F2'</ShortCut>
          <Description>Stop 'DemoApplication (1)'</Description>
          <Count>3</Count>
        </Item>
      </Statistic>
      <Statistic Action="Stop 'DemoApplication'">
        <Item>
          <IdeaActionID>Stop</IdeaActionID>
          <ShortCut>'Ctrl+F2'</ShortCut>
          <Description>Stop 'DemoApplication'</Description>
          <Count>1</Count>
        </Item>
      </Statistic>
      <Statistic Action="Stop 'HttpServer (1)'">
        <Item>
          <IdeaActionID>Stop</IdeaActionID>
          <ShortCut>'Ctrl+F2'</ShortCut>
          <Description>Stop 'HttpServer (1)'</Description>
          <Count>2</Count>
        </Item>
      </Statistic>
      <Statistic Action="Stop 'HttpSniffer'">
        <Item>
          <IdeaActionID>Stop</IdeaActionID>
          <ShortCut>'Ctrl+F2'</ShortCut>
          <Description>Stop 'HttpSniffer'</Description>
          <Count>1</Count>
        </Item>
      </Statistic>
      <Statistic Action="Stop 'JMSProducer'">
        <Item>
          <IdeaActionID>Stop</IdeaActionID>
          <ShortCut>'Ctrl+F2'</ShortCut>
          <Description>Stop 'JMSProducer'</Description>
          <Count>1</Count>
        </Item>
      </Statistic>
      <Statistic Action="Stop 'LearnDemoApplication'">
        <Item>
          <IdeaActionID>Stop</IdeaActionID>
          <ShortCut>'Ctrl+F2'</ShortCut>
          <Description>Stop 'LearnDemoApplication'</Description>
          <Count>9</Count>
        </Item>
      </Statistic>
      <Statistic Action="Stop 'MsgCenterApiApplication'">
        <Item>
          <IdeaActionID>Stop</IdeaActionID>
          <ShortCut>'Ctrl+F2'</ShortCut>
          <Description>Stop 'MsgCenterApiApplication'</Description>
          <Count>1</Count>
        </Item>
      </Statistic>
      <Statistic Action="Stop 'NetOperateSysApiApplication'">
        <Item>
          <IdeaActionID>Stop</IdeaActionID>
          <ShortCut>'Ctrl+F2'</ShortCut>
          <Description>Stop 'NetOperateSysApiApplication'</Description>
          <Count>4</Count>
        </Item>
      </Statistic>
      <Statistic Action="Stop 'ProducerApplication'">
        <Item>
          <IdeaActionID>Stop</IdeaActionID>
          <ShortCut>'Ctrl+F2'</ShortCut>
          <Description>Stop 'ProducerApplication'</Description>
          <Count>6</Count>
        </Item>
      </Statistic>
      <Statistic Action="Stop 'QuartzTestDemo'">
        <Item>
          <IdeaActionID>Stop</IdeaActionID>
          <ShortCut>'Ctrl+F2'</ShortCut>
          <Description>Stop 'QuartzTestDemo'</Description>
          <Count>2</Count>
        </Item>
      </Statistic>
      <Statistic Action="Stop 'ServerSocketTest'">
        <Item>
          <IdeaActionID>Stop</IdeaActionID>
          <ShortCut>'Ctrl+F2'</ShortCut>
          <Description>Stop 'ServerSocketTest'</Description>
          <Count>2</Count>
        </Item>
      </Statistic>
      <Statistic Action="Stop 'ServicesAdminApplication'">
        <Item>
          <IdeaActionID>Stop</IdeaActionID>
          <ShortCut>'Ctrl+F2'</ShortCut>
          <Description>Stop 'ServicesAdminApplication'</Description>
          <Count>2</Count>
        </Item>
      </Statistic>
      <Statistic Action="Stop 'SkyApplication'">
        <Item>
          <IdeaActionID>Stop</IdeaActionID>
          <ShortCut>'Ctrl+F2'</ShortCut>
          <Description>Stop 'SkyApplication'</Description>
          <Count>1</Count>
        </Item>
      </Statistic>
      <Statistic Action="Stop 'SocketTest'">
        <Item>
          <IdeaActionID>Stop</IdeaActionID>
          <ShortCut>'Ctrl+F2'</ShortCut>
          <Description>Stop 'SocketTest'</Description>
          <Count>3</Count>
        </Item>
      </Statistic>
      <Statistic Action="Stop 'SortPrograms'">
        <Item>
          <IdeaActionID>Stop</IdeaActionID>
          <ShortCut>'Ctrl+F2'</ShortCut>
          <Description>Stop 'SortPrograms'</Description>
          <Count>9</Count>
        </Item>
      </Statistic>
      <Statistic Action="Stop 'SourceCodeApplication'">
        <Item>
          <IdeaActionID>Stop</IdeaActionID>
          <ShortCut>'Ctrl+F2'</ShortCut>
          <Description>Stop 'SourceCodeApplication'</Description>
          <Count>1</Count>
        </Item>
      </Statistic>
      <Statistic Action="Stop 'StreamOperationsTest.createTest'">
        <Item>
          <IdeaActionID>Stop</IdeaActionID>
          <ShortCut>'Ctrl+F2'</ShortCut>
          <Description>Stop 'StreamOperationsTest.createTest'</Description>
          <Count>1</Count>
        </Item>
      </Statistic>
      <Statistic Action="Stop 'Test'">
        <Item>
          <IdeaActionID>Stop</IdeaActionID>
          <ShortCut>'Ctrl+F2'</ShortCut>
          <Description>Stop 'Test'</Description>
          <Count>1</Count>
        </Item>
      </Statistic>
      <Statistic Action="Stop 'Unnamed'">
        <Item>
          <IdeaActionID>Stop</IdeaActionID>
          <ShortCut>'Ctrl+F2'</ShortCut>
          <Description>Stop 'Unnamed'</Description>
          <Count>3</Count>
        </Item>
      </Statistic>
      <Statistic Action="Stop 'learn-demo [install]'">
        <Item>
          <IdeaActionID>Stop</IdeaActionID>
          <ShortCut>'Ctrl+F2'</ShortCut>
          <Description>Stop 'learn-demo [install]'</Description>
          <Count>1</Count>
        </Item>
      </Statistic>
      <Statistic Action="Stop 'services-consumer [validate]'">
        <Item>
          <IdeaActionID>Stop</IdeaActionID>
          <ShortCut>'Ctrl+F2'</ShortCut>
          <Description>Stop 'services-consumer [validate]'</Description>
          <Count>1</Count>
        </Item>
      </Statistic>
      <Statistic Action="Stop...">
        <Item>
          <IdeaActionID>Stop</IdeaActionID>
          <ShortCut>'Ctrl+F2'</ShortCut>
          <Description>Stop...</Description>
          <Count>2</Count>
        </Item>
      </Statistic>
      <Statistic Action="Structure">
        <Item>
          <IdeaActionID>ActivateStructureToolWindow</IdeaActionID>
          <ShortCut>'Alt+7'</ShortCut>
          <Description>Structure</Description>
          <Count>2</Count>
        </Item>
      </Statistic>
      <Statistic Action="Synchronize">
        <Item>
          <IdeaActionID>Synchronize</IdeaActionID>
          <ShortCut>'Ctrl+Alt+Y'</ShortCut>
          <Description>Synchronize</Description>
          <Count>35</Count>
        </Item>
      </Statistic>
      <Statistic Action="TODO">
        <Item>
          <IdeaActionID>ActivateTODOToolWindow</IdeaActionID>
          <ShortCut>'Alt+6'</ShortCut>
          <Description>TODO</Description>
          <Count>7</Count>
        </Item>
      </Statistic>
      <Statistic Action="Terminal">
        <Item>
          <IdeaActionID>ActivateTerminalToolWindow</IdeaActionID>
          <ShortCut>'Alt+F12'</ShortCut>
          <Description>Terminal</Description>
          <Count>6</Count>
        </Item>
      </Statistic>
      <Statistic Action="Toggle Line Breakpoint">
        <Item>
          <IdeaActionID>ToggleLineBreakpoint</IdeaActionID>
          <ShortCut>'Ctrl+F8'</ShortCut>
          <Description>Toggle Line Breakpoint</Description>
          <Count>94</Count>
        </Item>
      </Statistic>
      <Statistic Action="Update Project...">
        <Item>
          <IdeaActionID>Vcs.UpdateProject</IdeaActionID>
          <ShortCut>'Ctrl+T'</ShortCut>
          <Description>Update Project...</Description>
          <Count>131</Count>
        </Item>
      </Statistic>
      <Statistic Action="Version Control">
        <Item>
          <IdeaActionID>ActivateVersionControlToolWindow</IdeaActionID>
          <ShortCut>'Alt+9' or 'Alt+Shift+9'</ShortCut>
          <Description>Version Control</Description>
          <Count>13</Count>
        </Item>
      </Statistic>
    </option>
  </component>
</application>