<application>
  <component name="PersistentConfig">
    <option name="initConfig">
      <Config>
        <option name="codeType" value="Java" />
        <option name="filePath" value="C:\Users\11398\AppData\Local\Temp\" />
        <option name="id" value="680941590200590588" />
        <option name="levelColour" value="#5cb85c;#f0ad4e;#d9534f;" />
        <option name="loginName" value="15282648585" />
        <option name="url" value="leetcode-cn.com" />
        <option name="version" value="2" />
      </Config>
    </option>
  </component>
</application>