<application>
  <component name="MaterialThemeConfig">
    <option name="compactMenus" value="true" />
    <option name="compactStatusBar" value="true" />
    <option name="compactTables" value="true" />
    <option name="contrastMode" value="true" />
    <option name="highContrast" value="true" />
    <option name="compactDropdowns" value="true" />
    <option name="darkTitleBar" value="true" />
    <option name="isCompactMenus" value="true" />
    <option name="isCompactStatusBar" value="true" />
    <option name="isCompactTables" value="true" />
    <option name="isContrastMode" value="true" />
    <option name="isHighContrast" value="true" />
    <option name="isWizardShown" value="true" />
    <option name="pristineConfig" value="false" />
    <option name="themedScrollbars" value="false" />
    <option name="treeFontSizeEnabled" value="true" />
    <option name="upperCaseButtons" value="false" />
    <option name="useColoredDirectories" value="false" />
    <option name="tabFontSize" value="18" />
    <option name="highlightThickness" value="1" />
    <option name="indicatorThickness" value="1" />
    <option name="settingsSelectedTab" value="3" />
    <option name="tabsHeight" value="10" />
    <option name="accentColor" value="42a5f5" />
    <option name="selectedTheme" value="ARC_DARK" />
    <option name="userId" value="-13795b56:1727fa6ff29:-8000" />
    <option name="version" value="5.2.0" />
  </component>
</application>