<application>
  <component name="AppInspectionProfilesVisibleTreeState">
    <entry key="Default">
      <profile-state>
        <expanded-state>
          <State />
          <State>
            <id>CodeSpring CoreSpring</id>
          </State>
          <State>
            <id>Compiler issuesJava</id>
          </State>
          <State>
            <id>Declaration redundancyJava</id>
          </State>
          <State>
            <id>Java</id>
          </State>
          <State>
            <id>JavadocJava</id>
          </State>
          <State>
            <id>Probable bugsJava</id>
          </State>
          <State>
            <id>Spring</id>
          </State>
          <State>
            <id>Spring CoreSpring</id>
          </State>
        </expanded-state>
        <selected-state>
          <State>
            <id>WeakerAccess</id>
          </State>
        </selected-state>
      </profile-state>
    </entry>
  </component>
  <component name="JavaFxSettings">
    <option name="pathToSceneBuilder" value="" />
    <option name="myPathToSceneBuilder" value="" />
  </component>
  <component name="NotRoamableUiSettings">
    <option name="fontFace" value="Microsoft YaHei" />
    <option name="fontScale" value="1.0" />
    <option name="fontSize" value="14" />
  </component>
  <component name="PropertiesComponent">
    <property name="AFTER.DISTRACTION.MODE.ARE_GUTTER_ICONS_SHOWN" value="false" />
    <property name="AFTER.DISTRACTION.MODE.ARE_LINE_NUMBERS_SHOWN" value="false" />
    <property name="AFTER.DISTRACTION.MODE.EDITOR_TAB_PLACEMENT" value="0" />
    <property name="AFTER.DISTRACTION.MODE.HIDE_TOOL_STRIPES" value="true" />
    <property name="AFTER.DISTRACTION.MODE.IS_FOLDING_OUTLINE_SHOWN" value="false" />
    <property name="AFTER.DISTRACTION.MODE.IS_INDENT_GUIDES_SHOWN" value="false" />
    <property name="AFTER.DISTRACTION.MODE.IS_RIGHT_MARGIN_SHOWN" value="false" />
    <property name="AFTER.DISTRACTION.MODE.IS_WHITESPACES_SHOWN" value="false" />
    <property name="AFTER.DISTRACTION.MODE.SHOW_BREADCRUMBS" value="false" />
    <property name="AFTER.DISTRACTION.MODE.SHOW_MAIN_TOOLBAR" value="false" />
    <property name="AFTER.DISTRACTION.MODE.SHOW_METHOD_SEPARATORS" value="false" />
    <property name="AFTER.DISTRACTION.MODE.SHOW_NAVIGATION_BAR" value="false" />
    <property name="AFTER.DISTRACTION.MODE.SHOW_STATUS_BAR" value="false" />
    <property name="ActionScript.add.unambiguous.imports.on.the.fly" value="true" />
    <property name="BEFORE.DISTRACTION.MODE.ARE_GUTTER_ICONS_SHOWN" value="true" />
    <property name="BEFORE.DISTRACTION.MODE.ARE_LINE_NUMBERS_SHOWN" value="true" />
    <property name="BEFORE.DISTRACTION.MODE.EDITOR_TAB_PLACEMENT" value="1" />
    <property name="BEFORE.DISTRACTION.MODE.HIDE_TOOL_STRIPES" value="false" />
    <property name="BEFORE.DISTRACTION.MODE.IS_FOLDING_OUTLINE_SHOWN" value="true" />
    <property name="BEFORE.DISTRACTION.MODE.IS_INDENT_GUIDES_SHOWN" value="true" />
    <property name="BEFORE.DISTRACTION.MODE.IS_RIGHT_MARGIN_SHOWN" value="false" />
    <property name="BEFORE.DISTRACTION.MODE.IS_WHITESPACES_SHOWN" value="false" />
    <property name="BEFORE.DISTRACTION.MODE.SHOW_BREADCRUMBS" value="true" />
    <property name="BEFORE.DISTRACTION.MODE.SHOW_MAIN_TOOLBAR" value="false" />
    <property name="BEFORE.DISTRACTION.MODE.SHOW_METHOD_SEPARATORS" value="true" />
    <property name="BEFORE.DISTRACTION.MODE.SHOW_NAVIGATION_BAR" value="true" />
    <property name="BEFORE.DISTRACTION.MODE.SHOW_STATUS_BAR" value="true" />
    <property name="BYTE_CODE_TOOL_WINDOW" value="true" />
    <property name="BuildView.Splitter.Proportion" value="0.23481117" />
    <property name="CUSTOMIZE_ACTIONS" value="sync&#10;back" />
    <property name="ColorChooser.RecentColors" value="222-186-104-255,,,188-229-12-255,,,189-230-189-255,,,227-19-231-255,,,139-230-139-255,,,136-224-136-255,,,215-230-231-255,,,220-211-219-255,,,218-218-226-255,,,118-228-22-255,,,60-60-80-255,,,27-27-27-255,,,54-54-54-255,,,40-40-40-255,,,37-35-40-255,,,34-9-50-255,,,48-25-50-255,,,36-20-50-255,,,27-15-37-255,,,203-42-224-255" />
    <property name="CommitChangeListDialog.DETAILS_SPLITTER_PROPORTION_2" value="0.7512019" />
    <property name="CommitChangeListDialog.SPLITTER_PROPORTION_2" value="0.6611111" />
    <property name="CommittedChanges.SplitterProportions.0" value="700" />
    <property name="CommittedChanges.SplitterProportions.1" value="500" />
    <property name="Copy.OpenInEditor" value="false" />
    <property name="DBE.Default.Dialect" value="MySQL" />
    <property name="Darcula.SavedEditorTheme" value="_@user_Atom One Dark" />
    <property name="ExpandBeforeRunStepsPanel" value="true" />
    <property name="ExpandRunDashboardTypesPanel" value="false" />
    <property name="FileTemplates.SelectedTemplate" value="HTML File" />
    <property name="FrameworksFinderRecursivePanel[0]" value="0.108283706" />
    <property name="InstalledPluginsSearchHistory" value="code&#10;co'de&#10;co&#10;c&#10;alibab" />
    <property name="JUnit.Splitter.Proportion" value="0.1351943" />
    <property name="JUnitSupport.hidePassedTests" value="false" />
    <property name="JUnitSupport.sortTestsAlphabetically" value="false" />
    <property name="KEYMAP" value="trans&#10;forw&#10;for&#10;back" />
    <property name="LayoutCode.codeCleanup" value="true" />
    <property name="LayoutCode.optimizeImports" value="true" />
    <property name="LayoutCode.processChangedText" value="false" />
    <property name="LayoutCode.rearrangeEntriesJava" value="true" />
    <property name="LayoutCode.rearrangeEntriesXML" value="false" />
    <property name="LiveContextsPanel[0]" value="0.110011004" />
    <property name="LiveContextsPanel[1]" value="0.17879549" />
    <property name="LiveContextsPanel[2]" value="0.14336918" />
    <property name="MTUILite.version" value="4.0" />
    <property name="MarketplacePluginsSearchHistory" value="theme&#10;them&#10;th&#10;themme&#10;them'me" />
    <property name="MavenHelper.lastRadioButton" value="list" />
    <property name="MavenModuleWizard.inheritGroupId" value="true" />
    <property name="MavenModuleWizard.inheritVersion" value="true" />
    <property name="MemberChooser.copyJavadoc" value="false" />
    <property name="MemberChooser.showClasses" value="true" />
    <property name="NonModalCommitPromotionState" value="ACCEPTED" />
    <property name="SettingsSearchHistory" value="alibab&#10;mater&#10;mate&#10;rain&#10;block" />
    <property name="SplitFileEditor.Proportion" value="0.5255136" />
    <property name="SpringBeansModulesPanel[0]" value="0.22396417" />
    <property name="SpringMvcModulesPanel[0]" value="0.10946908" />
    <property name="SpringRepositoriesModulesPanel[0]" value="0.15098469" />
    <property name="UITheme.relaunch" value="true" />
    <property name="annotationStr" value="@com.google.gson.annotations.SerializedName\s*\(\s*&quot;{filed}&quot;\s*\)" />
    <property name="appcds.runOnSecondStart" value="IU-201.7846.76-a5b3bab60bc560beaf30b3d91c26da6e98f666421475b4f74130e446eb3c410c" />
    <property name="arrayFromData" value="false" />
    <property name="arrayFromData1" value="false" />
    <property name="arrayFromData1Str" value="    public  static java.util.List&lt;$ClassName$&gt; array$ClassName$FromData(String str,String key){&#10;&#10;        try {&#10;            org.json.JSONObject jsonObject=new org.json.JSONObject(str);&#10;            java.lang.reflect.Type listType=new com.google.gson.reflect.TypeToken&lt;java.util.ArrayList&lt;$ClassName$&gt;&gt;(){}.getType();&#10;&#10;            return new com.google.gson.Gson().fromJson(jsonObject.getString(str),listType);&#10;&#10;        } catch (org.json.JSONException e) {&#10;            e.printStackTrace();&#10;        }&#10;&#10;        return new java.util.ArrayList();&#10;&#10;&#10;    }" />
    <property name="build.toolwindow.Sync.selection.state" value="com.intellij.build.BuildTreeConsoleView" />
    <property name="build.toolwindow.run.selection.state" value="com.intellij.build.BuildTreeConsoleView" />
    <property name="cn.yiiguxing.plugin.translate.version" value="2.9.1" />
    <property name="codota_token" value="PZh0llqVcwY7C0uvgeqC8WFr2J+phi2SWnp2OVe7lwOcUt44s8hH6dIrOEUjgVZX9vtmQKG3xAMdGswuum+sraEt6GYLTX0/" />
    <property name="com.intellij.history.integration.ui.views.FileHistoryDialog.0" value="300" />
    <property name="com.intellij.history.integration.ui.views.FileHistoryDialog.1" value="800" />
    <property name="com.intellij.openapi.roots.ui.configuration.TabbedModuleEditor.selectedEditor" value="Dependencies" />
    <property name="com.intellij.remoteServer.impl.runtime.ui.ServersToolWindowContent:com.intellij.remoteServer.impl.runtime.ui.DefaultRemoteServersViewContribution.0" value="300" />
    <property name="debugger.smart.chooser.counter" value="3" />
    <property name="decompiler.legal.notice.accepted" value="true" />
    <property name="defaultJdkConfigured" value="true" />
    <property name="dir.diff.panel.divider.location" value="142" />
    <property name="entityPackName" value="pri.zxx.datastructure.stack." />
    <property name="errorCount" value="3" />
    <property name="es6.show.auto.import" value="true" />
    <property name="evlsprt3.192" value="12" />
    <property name="evlsprt3.201" value="16" />
    <property name="export.settings.marked" value="codestyles|databaseDrivers.xml|databaseSettings.xml|debugger.xml|project.default.xml|colors.scheme.xml|colors|editor.xml|equalsHashCodeTemplates.xml|file.template.settings.xml|fileTemplates|filetypes.xml|find.xml|github.xml|inspection|keymap.xml|keymaps|IntelliLang.xml|templates.xml|templates|laf.xml|markdown.xml|customization.xml|mybatis.xml|notifications.xml|parameter.hints.xml|path.macros.xml|plugin_ui.xml|print.xml|projectView.xml|rainbow_brackets.xml|baseRefactoring.xml|ide.general.xml|usageView.xml|diff.xml|toStringTemplates.xml|ui.lnf.xml|uml.xml|updates.xml|vcs.xml|web-browsers.xml|wsl.distributions.xml|" />
    <property name="export.settings.path" value="C:\Users\11398\Desktop\settings.zip" />
    <property name="fieldPrivateMode" value="true" />
    <property name="file.chooser.recent.files" value="D:/code-work/service-logistics&#10;D:/IntelliJ IDEA 2019.2.3/jdk4&#10;D:/IntelliJ IDEA 2019.2.3/myfile&#10;D:/code-work/tanjiu-jobs&#10;D:/code-work/msg-center&#10;D:/code-now/yunce-cloud/yunce-cloud/yunce-cloud-healthmaster&#10;D:/web_softs/gradle-6.5-all/gradle-6.5&#10;D:/code-now/spring-framework&#10;L:/桌面备份/毕业设计论文/毕业设计论文all/ssh_tt&#10;L:/毕业设计/sshLast最后/ssh_tt/WebRoot/WEB-INF/lib&#10;L:/毕业设计/sshLast最后/ssh_tt&#10;E:/氵文档记录/new/绿色眼睛女生美少女 白色短衬衫 黑色裤袜 汽车 4k动漫壁纸_彼岸图网.jpg&#10;D:/code-now/zxx-codes/learn_demo&#10;E:/氵文档记录/旅行者 孩子 奶奶 日落 高山 树 4k壁纸_彼岸图网.jpg&#10;C:/Users/11398/Desktop/service-logistics&#10;D:/code-now/zxx-codes&#10;C:/Users/11398/Desktop/spring-cloud-components&#10;D:/code-now&#10;D:/code-now/learn_demo/target/classes&#10;D:/code-now/learn_demo/out&#10;E:/氵文档记录/new/摄图网_500358500.jpg&#10;D:/code-now/yunce-cloud/yunce-cloud/yunce-cloud-usercenter&#10;E:/氵文档记录/草背景3440x1440壁纸_彼岸图网.jpg&#10;D:/code-now/gateway&#10;D:/code-now/spring-cloud-components&#10;D:/code-now/learn_demo&#10;D:/code-now/xxl-job&#10;D:/code/learn_demo&#10;D:/code/spring-cloud-components&#10;D:/intellj_idea_WorkSpaces/springcloudenv" />
    <property name="file.gist.reindex.count" value="14579" />
    <property name="fileTypeChangedCounter" value="117" />
    <property name="filedNamePreFixStr" value="" />
    <property name="generateComments" value="true" />
    <property name="ide.self.update.started.for.build" value="IU-192.6817.14" />
    <property name="installed.kotlin.plugin.version" value="1.3.60-release-IJ2019.2-1" />
    <property name="jclasslib" value="0.46474358" />
    <property name="jdk.selected.JAVA_MODULE" value="1.8" />
    <property name="kotlin.lastUpdateCheck" value="1573740765142" />
    <property name="kotlin.plugin.releaseDate" value="1.3.60-release-IJ2019.2-1:2019-11-14" />
    <property name="krasa.grepconsole.gui.CompositeSettingsDialog" value="751" />
    <property name="lastSeenTip" value="neue-SecondSmartCompletionAsList.html" />
    <property name="lastTimeTipsWereShown" value="1593089454526" />
    <property name="lastTip" value="38" />
    <property name="last_opened_file_path" value="D:/code-work/service-logistics" />
    <property name="mt.showInstallAtom" value="true" />
    <property name="mt.showStatisticsAgreement" value="true" />
    <property name="objectFromData" value="false" />
    <property name="objectFromData1" value="false" />
    <property name="objectFromDataStr" value="    public  static $ClassName$ objectFromData(String str){&#10;&#10;        return new com.google.gson.Gson().fromJson(str,$ClassName$.class);&#10;    }" />
    <property name="objectFromDataStr1" value="    public  static $ClassName$ objectFromData(String str, String key){&#10;&#10;        try {&#10;            org.json.JSONObject jsonObject=new org.json.JSONObject(str);&#10;&#10;            return new com.google.gson.Gson().fromJson(jsonObject.getString(str),$ClassName$.class);&#10;        } catch (org.json.JSONException e) {&#10;            e.printStackTrace();&#10;        }&#10;&#10;        return null;&#10;    }" />
    <property name="org.intellij.images.editor.actions.BackgroundImageDialog#recent" value="E:\氵文档记录\旅行者 孩子 奶奶 日落 高山 树 4k壁纸_彼岸图网.jpg&#10;E:\氵文档记录\rencently\漩涡艺术抽象色彩4k壁纸_彼岸图网.jpg&#10;E:\氵文档记录\rencently\草背景3440x1440壁纸_彼岸图网.jpg&#10;E:\氵文档记录\rencently\斩赤红之瞳4K壁纸_彼岸图网.jpg&#10;C:\Users\11398\Desktop\斩赤红之瞳4K壁纸_彼岸图网.jpg" />
    <property name="packagesearch.endpoint.url.fulltext" value="https://package-search.services.jetbrains.com/api/search/idea/fulltext" />
    <property name="packagesearch.endpoint.url.suggest" value="https://package-search.services.jetbrains.com/api/search/idea/suggest" />
    <property name="packagesearch.status.updated.ts" value="1592829921817" />
    <property name="param.hints.settings.last.edited.language" value="JAVA" />
    <property name="project.wizard.group" value="org.jetbrains.idea.maven.wizards.MavenModuleBuilder" />
    <property name="project.wizard.template" value="Vue.js" />
    <property name="rainbow.selected.color.option.name" value="Angle Brackets" />
    <property name="reuseEntity" value="false" />
    <property name="seenTips" value="neue-CtrlW.html,neue-Multiselection2.html,neue-CloseOthers.html,neue-BreakpointSpeedmenu2.html,neue-db_tip_drag_csv_file_to_create_table.html,neue-IntroduceVariable.html,neue-DBConsole.html,neue-Compare2.html,neue-InsertLiveTemplate.html,neue-HighlightThrows.html,neue-CompleteStatement2.html,neue-IntroduceVariableIncompleteCode.html,neue-SecondSmartCompletionAsList.html" />
    <property name="selected.color.option.type" value="JSON.COMMA" />
    <property name="settings.code.style.selected.tab.HTML" value="Code Generation" />
    <property name="settings.code.style.selected.tab.JAVA" value="Code Generation" />
    <property name="settings.code.style.selected.tab.MySQL" value="Expressions" />
    <property name="splitGenerate" value="true" />
    <property name="spring.initializr.service.url.history" value="" />
    <property name="spring.initializr.service.url.last" value="https://start.spring.io" />
    <property name="suffixStr" value="" />
    <property name="tasks.pass.word.conversion.enforced" value="true" />
    <property name="ts.lib.d.ts.version" value="3.8.2" />
    <property name="typescript.show.auto.import" value="true" />
    <property name="useFieldNamePrefix" value="false" />
    <property name="useSerializedName" value="false" />
    <property name="useWrapperClass" value="true" />
    <property name="vcs.branch.view.splitter.proportion" value="0.15363586" />
    <property name="vcs.log.changes.splitter.proportion" value="0.700586" />
    <property name="virgoMode" value="false" />
  </component>
</application>