<application>
  <component name="RecentProjectsManager">
    <option name="additionalInfo">
      <map>
        <entry key="D:/code-now/zxx-codes">
          <value>
            <RecentProjectMetaInfo projectWorkspaceId="1cUgggVMb5LmI5DbYEQMs8sWrmS">
              <option name="binFolder" value="$APPLICATION_HOME_DIR$/bin" />
              <option name="build" value="IU-201.7846.76" />
              <option name="buildTimestamp" value="1590980573307" />
              <frame x="-8" y="-8" width="1936" height="1066" extendedState="6" />
              <option name="productionCode" value="IU" />
              <option name="projectOpenTimestamp" value="1591962444695" />
            </RecentProjectMetaInfo>
          </value>
        </entry>
        <entry key="D:/code-now/spring-framework">
          <value>
            <RecentProjectMetaInfo projectWorkspaceId="1dJORuMrNv0Kr2TbWBl3DycF22Y">
              <option name="binFolder" value="$APPLICATION_HOME_DIR$/bin" />
              <option name="build" value="IU-201.7846.76" />
              <option name="buildTimestamp" value="1590980544278" />
              <frame x="-8" y="-8" width="1936" height="1066" extendedState="6" />
              <option name="productionCode" value="IU" />
              <option name="projectOpenTimestamp" value="1592141239155" />
            </RecentProjectMetaInfo>
          </value>
        </entry>
        <entry key="D:/code-now/zxx-codes/learn_demo">
          <value>
            <RecentProjectMetaInfo opened="true" projectWorkspaceId="1ctxEXeQctUrrAts7BBd8PQEbn0">
              <option name="binFolder" value="$APPLICATION_HOME_DIR$/bin" />
              <option name="build" value="IU-201.7846.76" />
              <option name="buildTimestamp" value="1590980528367" />
              <frame x="0" y="0" width="1920" height="1050" extendedState="6" />
              <option name="productionCode" value="IU" />
              <option name="projectOpenTimestamp" value="1593174316848" />
            </RecentProjectMetaInfo>
          </value>
        </entry>
      </map>
    </option>
    <option name="lastProjectLocation" value="D:/code-now/yunce-cloud/yunce-cloud" />
    <option name="recentPaths">
      <list>
        <option value="D:/code-now/zxx-codes/learn_demo" />
        <option value="D:/code-now/spring-framework" />
        <option value="D:/code-now/zxx-codes" />
      </list>
    </option>
  </component>
</application>