<application>
  <component name="RunnerLayoutSettings">
    <runner id="JavaRunner">
      <ViewImpl>
        <option name="ID" value="ConsoleContent" />
        <option name="placeInGrid" value="bottom" />
      </ViewImpl>
      <ViewImpl>
        <option name="ID" value="Endpoints" />
        <option name="placeInGrid" value="bottom" />
        <option name="tabIndex" value="1" />
      </ViewImpl>
      <TabImpl>
        <option name="bottomProportion" value="0.0" />
      </TabImpl>
      <TabImpl>
        <option name="bottomProportion" value="0.0" />
        <option name="defaultIndex" value="1" />
        <option name="index" value="1" />
      </TabImpl>
    </runner>
    <runner id="Debug">
      <ViewImpl>
        <option name="ID" value="FrameContent" />
        <option name="placeInGrid" value="left" />
        <option name="tabIndex" value="1" />
      </ViewImpl>
      <ViewImpl>
        <option name="ID" value="VariablesContent" />
        <option name="placeInGrid" value="center" />
        <option name="tabIndex" value="1" />
      </ViewImpl>
      <ViewImpl>
        <option name="ID" value="ConsoleContent" />
        <option name="placeInGrid" value="bottom" />
      </ViewImpl>
      <ViewImpl>
        <option name="ID" value="ThreadsContent" />
        <option name="placeInGrid" value="left" />
        <option name="tabIndex" value="1" />
      </ViewImpl>
      <ViewImpl>
        <option name="ID" value="MemoryView" />
        <option name="placeInGrid" value="right" />
        <option name="tabIndex" value="1" />
      </ViewImpl>
      <ViewImpl>
        <option name="ID" value="OverheadMonitor" />
        <option name="placeInGrid" value="right" />
        <option name="tabIndex" value="1" />
      </ViewImpl>
      <ViewImpl>
        <option name="ID" value="Endpoints" />
        <option name="placeInGrid" value="bottom" />
        <option name="tabIndex" value="2" />
      </ViewImpl>
      <ViewImpl>
        <option name="ID" value="Deployment" />
        <option name="placeInGrid" value="left" />
        <option name="tabIndex" value="1" />
      </ViewImpl>
      <ViewImpl>
        <option name="ID" value="C:\Users\11398\.IntelliJIdea2019.2\system\tomcat\Unnamed_springmvc\logs\localhost.2020-01-28.log" />
        <option name="placeInGrid" value="bottom" />
        <option name="tabIndex" value="2" />
      </ViewImpl>
      <ViewImpl>
        <option name="ID" value="C:\Users\11398\.IntelliJIdea2019.2\system\tomcat\Unnamed_springmvc\logs\catalina.2020-01-28.log" />
        <option name="placeInGrid" value="bottom" />
        <option name="tabIndex" value="3" />
      </ViewImpl>
      <ViewImpl>
        <option name="ID" value="C:\Users\11398\.IntelliJIdea2019.2\system\tomcat\Unnamed_springmvc\logs\localhost.2020-04-01.log" />
        <option name="placeInGrid" value="bottom" />
        <option name="tabIndex" value="2" />
      </ViewImpl>
      <ViewImpl>
        <option name="ID" value="C:\Users\11398\.IntelliJIdea2019.2\system\tomcat\Unnamed_springmvc\logs\catalina.2020-04-01.log" />
        <option name="placeInGrid" value="bottom" />
        <option name="tabIndex" value="3" />
      </ViewImpl>
      <ViewImpl>
        <option name="ID" value="WatchesContent" />
        <option name="placeInGrid" value="right" />
      </ViewImpl>
      <ViewImpl>
        <option name="ID" value="UnknownView-Watches" />
        <option name="placeInGrid" value="bottom" />
        <option name="tabIndex" value="4" />
      </ViewImpl>
      <TabImpl>
        <option name="bottomProportion" value="0.0" />
        <option name="defaultIndex" value="1" />
        <option name="rightProportion" value="0.19960344" />
      </TabImpl>
      <TabImpl>
        <option name="defaultIndex" value="1" />
        <option name="displayName" value="Debugger" />
        <option name="index" value="1" />
        <option name="leftProportion" value="0.22782037" />
        <option name="rightProportion" value="0.2026287" />
      </TabImpl>
      <TabImpl>
        <option name="bottomProportion" value="0.0" />
        <option name="defaultIndex" value="4" />
        <option name="index" value="2" />
      </TabImpl>
      <TabImpl>
        <option name="bottomProportion" value="0.0" />
        <option name="defaultIndex" value="5" />
        <option name="index" value="3" />
      </TabImpl>
      <TabImpl>
        <option name="defaultIndex" value="4" />
        <option name="index" value="4" />
      </TabImpl>
    </runner>
    <runner id="SQL">
      <ViewImpl>
        <option name="ID" value="ConsoleContent" />
        <option name="placeInGrid" value="bottom" />
      </ViewImpl>
      <TabImpl>
        <option name="bottomProportion" value="0.0" />
      </TabImpl>
    </runner>
  </component>
</application>