<application>
  <component name="ScratchFileService">
    <file url="file://$APPLICATION_CONFIG_DIR$/scratches/Ch1Application.http" value="HTTP Request" />
    <file url="file://$APPLICATION_CONFIG_DIR$/scratches/DemoApplication.http" value="HTTP Request" />
    <file url="file://$APPLICATION_CONFIG_DIR$/scratches/JobSysApiApplication.http" value="HTTP Request" />
    <file url="file://$APPLICATION_CONFIG_DIR$/scratches/LearnDemoApplication.http" value="HTTP Request" />
    <file url="file://$APPLICATION_CONFIG_DIR$/scratches/Learning" value="JAVA" />
    <file url="file://$APPLICATION_CONFIG_DIR$/scratches/rest-api.http" value="HTTP Request" />
    <file url="file://$APPLICATION_CONFIG_DIR$/scratches/rest-api_1.http" value="HTTP Request" />
    <file url="file://$APPLICATION_CONFIG_DIR$/scratches/rest-api_2.http" value="HTTP Request" />
    <file url="file://$APPLICATION_CONFIG_DIR$/scratches/rest-api_3.http" value="HTTP Request" />
    <file url="file://$APPLICATION_CONFIG_DIR$/scratches/rest-api_4.http" value="HTTP Request" />
  </component>
</application>