<application>
  <component name="FeatureUsageStatistics" first-run="1572157763140" have-been-shown="false" show-in-other="true" show-in-compilation="true">
    <feature id="editing.completion.smarttype.afternew" count="0" last-shown="0" last-used="0" shown-count="0" />
    <feature id="editing.completion.camelHumps" count="39" last-shown="0" last-used="1593089506207" shown-count="0" />
    <feature id="editing.completion.second.smarttype.aslist" count="0" last-shown="1586695111666" last-used="0" shown-count="2" />
    <feature id="codeassists.surroundwith.statement" count="5" last-shown="0" last-used="1593147199485" shown-count="0" />
    <feature id="refactoring.rename" count="134" last-shown="0" last-used="1593147023819" shown-count="0" />
    <feature id="navigation.popup.action" count="0" last-shown="0" last-used="0" shown-count="0" />
    <feature id="editing.completion.cancelByControlArrows" count="0" last-shown="0" last-used="0" shown-count="0" />
    <feature id="editing.completion.finishBySmartEnter" count="15" last-shown="0" last-used="1593143326017" shown-count="0" />
    <feature id="navigation.popup.symbol" count="0" last-shown="0" last-used="0" shown-count="0" />
    <feature id="find.recent.search" count="0" last-shown="0" last-used="0" shown-count="0" />
    <feature id="editing.completion.replace" count="5" last-shown="1593147307024" last-used="1591409426459" shown-count="17912" />
    <feature id="switcher" count="0" last-shown="0" last-used="0" shown-count="0" />
    <feature id="codeassists.complete.statement" count="1025" last-shown="0" last-used="1593147158315" shown-count="0" />
    <feature id="navigation.goto.inspection" count="1" last-shown="0" last-used="1590153100764" shown-count="0" />
    <feature id="editing.completion.variable.name" count="5390" last-shown="0" last-used="1593147040242" shown-count="0" />
    <feature id="navigation.popup.file" count="0" last-shown="0" last-used="0" shown-count="0" />
    <feature id="codeassists.overrideimplement" count="26" last-shown="0" last-used="1593143341365" shown-count="0" />
    <feature id="editing.completion.smarttype.casting" count="1" last-shown="0" last-used="1589639859938" shown-count="0" />
    <feature id="db.console.run.intention" count="17" last-shown="0" last-used="1590242558204" shown-count="0" />
    <feature id="db.diff" count="0" last-shown="0" last-used="0" shown-count="0" />
    <feature id="navigation.popup.wildcards" count="0" last-shown="0" last-used="0" shown-count="0" />
    <feature id="refactoring.introduceVariable" count="386" last-shown="0" last-used="1592832035254" shown-count="0" />
    <feature id="codeassists.javadoc.external" count="0" last-shown="0" last-used="0" shown-count="0" />
    <feature id="db.console.execute" count="0" last-shown="0" last-used="0" shown-count="0" />
    <feature id="codeassists.surroundwith.expression" count="0" last-shown="0" last-used="0" shown-count="0" />
    <feature id="navigation.recent.files" count="1" last-shown="0" last-used="1591709583001" shown-count="0" />
    <feature id="navigation.goto.declaration" count="884" last-shown="0" last-used="1593104405176" shown-count="0" />
    <feature id="scratch" count="0" last-shown="0" last-used="0" shown-count="0" />
    <feature id="editing.completion.finishByDotEtc" count="29" last-shown="0" last-used="1591364659973" shown-count="0" />
    <feature id="navigation.goto.implementation" count="1" last-shown="0" last-used="1591967404028" shown-count="0" />
    <feature id="refactoring.move.moveInner" count="0" last-shown="0" last-used="0" shown-count="0" />
    <feature id="editing.completion.finishByCtrlDot" count="0" last-shown="0" last-used="0" shown-count="0" />
    <feature id="navigation.select.in" count="0" last-shown="0" last-used="0" shown-count="0" />
    <feature id="editing.completion.global.member.name" count="0" last-shown="1587818384764" last-used="0" shown-count="1" />
    <feature id="editing.completion.finishByExclamation" count="0" last-shown="0" last-used="0" shown-count="0" />
    <feature id="ui.tree.speedsearch" count="7" last-shown="0" last-used="1589078325638" shown-count="0" />
    <feature id="ui.horizontal.scrolling" count="0" last-shown="0" last-used="0" shown-count="0" />
    <feature id="refactoring.copyClass" count="52" last-shown="0" last-used="1590919052096" shown-count="0" />
    <feature id="move.element.left.right" count="0" last-shown="0" last-used="0" shown-count="0" />
    <feature id="jar.diff" count="0" last-shown="0" last-used="0" shown-count="0" />
    <feature id="codeassists.comment.line" count="215" last-shown="0" last-used="1593104544113" shown-count="0" />
    <feature id="codeassists.highlight.return" count="0" last-shown="0" last-used="0" shown-count="0" />
    <feature id="editing.completion.second.smarttype.chain" count="0" last-shown="1586695111666" last-used="0" shown-count="2" />
    <feature id="ant.quickfix.CreateProperty" count="0" last-shown="0" last-used="0" shown-count="0" />
    <feature id="editing.completion.second.smarttype.toar" count="0" last-shown="1586695111666" last-used="0" shown-count="2" />
    <feature id="navigation.popup.camelprefix" count="0" last-shown="0" last-used="0" shown-count="0" />
    <feature id="SearchEverywhere" count="81" last-shown="0" last-used="1593003287259" shown-count="0" />
    <feature id="navigation.popup.class" count="0" last-shown="0" last-used="0" shown-count="0" />
    <feature id="editor.delete.line" count="4" last-shown="0" last-used="1591966479067" shown-count="0" />
    <feature id="codeassists.highlight.throws" count="51" last-shown="0" last-used="1591368869524" shown-count="0" />
    <feature id="db.table.editor.wrapper" count="0" last-shown="0" last-used="0" shown-count="0" />
    <feature id="codeassists.quickdefinition" count="2" last-shown="0" last-used="1591966701729" shown-count="0" />
    <feature id="find.completion" count="0" last-shown="0" last-used="0" shown-count="0" />
    <feature id="editing.completion.basic" count="5643" last-shown="0" last-used="1593147307460" shown-count="0" />
    <feature id="tag.name.completion" count="0" last-shown="0" last-used="0" shown-count="0" />
    <feature id="editing.completion.second.smarttype.array.member" count="0" last-shown="0" last-used="0" shown-count="0" />
    <feature id="editing.completion.postfix" count="26" last-shown="0" last-used="1590820552317" shown-count="0" />
    <feature id="diagram.show.popup" count="2" last-shown="0" last-used="1591014284351" shown-count="0" />
    <feature id="refactoring.introduceVariable.incompleteStatement" count="359" last-shown="0" last-used="1592832035254" shown-count="0" />
    <feature id="dir.diff" count="0" last-shown="0" last-used="0" shown-count="0" />
    <feature id="diagram.show.diff" count="0" last-shown="0" last-used="0" shown-count="0" />
    <feature id="editing.select.word" count="14066" last-shown="0" last-used="1593173370345" shown-count="0" />
    <feature id="editing.add.carets.using.double.ctrl" count="0" last-shown="0" last-used="0" shown-count="0" />
    <feature id="db.console" count="10" last-shown="0" last-used="1591417386044" shown-count="0" />
    <feature id="codeassists.quickjavadoc.lookup" count="0" last-shown="0" last-used="0" shown-count="0" />
    <feature id="ui.scheme.quickswitch" count="1" last-shown="0" last-used="1591014316445" shown-count="0" />
    <feature id="codeassists.highlight.implements" count="0" last-shown="0" last-used="0" shown-count="0" />
    <feature id="editing.completion.smarttype.general" count="2" last-shown="1593147224695" last-used="1591275265392" shown-count="2584" />
    <feature id="codeassist.inspect.batch" count="1" last-shown="0" last-used="1590912948256" shown-count="0" />
    <feature id="navigation.popup.file.structure" count="2" last-shown="0" last-used="1591967418514" shown-count="0" />
    <feature id="db.table.editor" count="5" last-shown="0" last-used="1590245353016" shown-count="0" />
    <feature id="ant.quickfix.CreateTarget" count="0" last-shown="0" last-used="0" shown-count="0" />
    <feature id="codeassists.quickjavadoc.ctrln" count="0" last-shown="0" last-used="0" shown-count="0" />
    <feature id="navigation.goto.usages" count="0" last-shown="0" last-used="0" shown-count="0" />
    <feature id="codeassists.comment.block" count="69" last-shown="0" last-used="1591420093002" shown-count="0" />
    <feature id="codeassists.quickjavadoc" count="11" last-shown="0" last-used="1591967267871" shown-count="0" />
    <feature id="ui.recentchanges" count="0" last-shown="0" last-used="0" shown-count="0" />
    <feature id="diagram.show" count="6" last-shown="0" last-used="1591014620974" shown-count="0" />
    <feature id="editing.completion.second.basic" count="1442" last-shown="0" last-used="1591420016572" shown-count="0" />
    <feature id="editing.completion.changeSorting" count="0" last-shown="0" last-used="0" shown-count="0" />
    <feature id="codeassists.quickdefinition.lookup" count="0" last-shown="0" last-used="0" shown-count="0" />
    <completionStatsTag>
      <option name="sparedCharacters" value="31277" />
      <option name="invocations" value="3064" />
      <option name="startDate" value="1572364800000" />
      <option name="dayCount" value="65" />
      <option name="lastDate" value="1593100800000" />
    </completionStatsTag>
    <fixesStatsTag>
      <option name="invocations" value="873" />
      <option name="startDate" value="1572105600000" />
      <option name="dayCount" value="67" />
      <option name="lastDate" value="1593100800000" />
    </fixesStatsTag>
  </component>
</application>