<application>
  <component name="DimensionService">
    <location key="ide.config.custom.settings.0.0.1920.1080" x="647" y="197" />
    <location key="FileChooserDialogImpl.0.0.1920.1080" x="724" y="175" />
    <location key="WELCOME_SCREEN.0.0.1920.1080" x="962" y="433" />
    <location key="com.intellij.ide.util.TipDialog.0.0.1920.1080" x="645" y="349" />
    <location key="ProcessPopupWindow.0.0.1920.1080" x="1482" y="850" />
    <location key="SettingsEditor.0.0.1920.1080" x="389" y="163" />
    <location key="#com.intellij.ide.actions.ChooseComponentsToExportDialog.0.0.1920.1080" x="709" y="394" />
    <location key="org.intellij.images.editor.actions.BackgroundImageDialog.0.0.1920.1080" x="426" y="196" />
    <location key="com.intellij.openapi.vcs.update.UpdateOrStatusOptionsDialogupdate.0.0.1920.1080" x="710" y="418" />
    <location key="#com.intellij.ide.util.MemberChooser.0.0.1920.1080" x="765" y="207" />
    <location key="search.everywhere.popup.0.0.1920.1080" x="623" y="227" />
    <location key="find.popup.0.0.1920.1080" x="557" y="121" />
    <location key="CommitChangelistDialog2.0.0.1920.1080" x="382" y="65" />
    <location key="Vcs.Push.Dialog.0.0.1920.1080" x="636" y="232" />
    <location key="#Notifications.0.0.1920.1080" x="552" y="182" />
    <location key="vcs.readOnlyHandler.ReadOnlyStatusDialog.0.0.1920.1080" x="682" y="434" />
    <location key="#Project_Structure.0.0.1920.1080" x="552" y="182" />
    <location key="#com.intellij.execution.impl.EditConfigurationsDialog.0.0.1920.1080" x="124" y="156" />
    <location key="run.anything.popup.0.0.1920.1080" x="616" y="243" />
    <location key="#com.intellij.refactoring.typeMigration.ui.FailedConversionsDialog.0.0.1920.1080" x="690" y="269" />
    <location key="extract.method.dialog.0.0.1920.1080" x="690" y="281" />
    <location key="VCS.ChangeListViewerDialog.0.0.1920.1080" x="608" y="297" />
    <location key="VCS.ChangelistChooser.0.0.1920.1080" x="804" y="439" />
    <location key="git4idea.merge.GitPullDialog.0.0.1920.1080" x="643" y="314" />
    <location key="DiffContextDialog.0.0.1920.1080" x="184" y="85" />
    <location key="RollbackChangesDialog.0.0.1920.1080" x="712" y="206" />
    <location key="#com.intellij.refactoring.move.moveClassesOrPackages.MoveClassesOrPackagesDialog.packages.0.0.1920.1080" x="750" y="393" />
    <location key="Maven.ArtifactSearchDialog.0.0.1920.1080" x="490" y="178" />
    <location key="#com.intellij.refactoring.move.MoveHandler.SelectRefactoringDialog.0.0.1920.1080" x="755" y="438" />
    <location key="new project wizard.0.0.1920.1080" x="333" y="31" />
    <location key="#com.intellij.openapi.updateSettings.impl.PluginUpdateInfoDialog.0.0.1920.1080" x="640" y="248" />
    <location key="#Inspections.0.0.1920.1080" x="552" y="182" />
    <location key="#SQL_Dialects.0.0.1920.1080" x="552" y="182" />
    <location key="#Intentions.0.0.1920.1080" x="552" y="182" />
    <location key="#com.intellij.refactoring.rename.AutomaticRenamingDialog.0.0.1920.1080" x="390" y="0" />
    <location key="refactoring.ChangeSignatureDialog.0.0.1920.1080" x="658" y="150" />
    <location key="#VisualVM_Launcher.0.0.1920.1080" x="552" y="182" />
    <location key="Github.CreateGistDialog.0.0.1920.1080" x="754" y="427" />
    <location key="FileChooserDialogImpl.1920.0.1920.1080" x="2844" y="248" />
    <location key="WELCOME_SCREEN.1920.0.1920.1080" x="3064" y="495" />
    <location key="com.intellij.ide.util.TipDialog.1920.0.1920.1080" x="645" y="349" />
    <location key="ProcessPopupWindow.1920.0.1920.1080" x="1920" y="850" />
    <location key="com.intellij.openapi.vcs.update.UpdateOrStatusOptionsDialogupdate.1920.0.1920.1080" x="2630" y="418" />
    <location key="SettingsEditor.1920.0.1920.1080" x="2357" y="165" />
    <location key="spring file set editor.1920.0.1920.1080" x="2424" y="206" />
    <location key="CommitChangelistDialog2.1920.0.1920.1080" x="2384" y="110" />
    <location key="Vcs.Push.Dialog.1920.0.1920.1080" x="2556" y="232" />
    <location key="find.popup.1920.0.1920.1080" x="2477" y="121" />
    <location key="Maven.ArtifactSearchDialog.1920.0.1920.1080" x="2410" y="178" />
    <location key="#Inspections.1920.0.1920.1080" x="2472" y="182" />
    <location key="new project wizard.1920.0.1920.1080" x="2464" y="224" />
    <location key="#HTML.1920.0.1920.1080" x="2472" y="182" />
    <location key="#Menus_and_Toolbars.0.0.1920.1080" x="552" y="182" />
    <location key="#com.intellij.ide.ui.customization.CustomizableActionsPanel.FindAvailableActionsDialog.0.0.1920.1080" x="901" y="237" />
    <location key="SettingsEditor.0.0.1920.1080@120dpi" x="357" y="110" />
    <location key="#com.intellij.ide.actions.ChooseComponentsToExportDialog.0.0.1920.1080@120dpi" x="652" y="322" />
    <location key="WELCOME_SCREEN.0.0.1920.1080@120dpi" x="963" y="455" />
    <location key="ProcessPopupWindow.0.0.1920.1080@120dpi" x="1328" y="700" />
    <location key="com.intellij.ide.util.TipDialog.0.0.1920.1080@120dpi" x="212" y="328" />
    <location key="com.intellij.openapi.vcs.update.UpdateOrStatusOptionsDialogupdate.0.0.1920.1080@120dpi" x="669" y="395" />
    <location key="FileChooserDialogImpl.0.0.1920.1080@120dpi" x="693" y="148" />
    <location key="#Tomcat_Server.0.0.1920.1080@120dpi" x="452" y="139" />
    <location key="#com.intellij.execution.impl.EditConfigurationsDialog.0.0.1920.1080@120dpi" x="406" y="180" />
    <location key="CommitChangelistDialog2.0.0.1920.1080@120dpi" x="490" y="77" />
    <location key="Vcs.Push.Dialog.0.0.1920.1080@120dpi" x="593" y="93" />
    <location key="org.intellij.images.editor.actions.BackgroundImageDialog.0.0.1920.1080@120dpi" x="216" y="128" />
    <location key="#com.intellij.refactoring.rename.AutomaticRenamingDialog.0.0.1920.1080@120dpi" x="158" y="0" />
    <location key="run.anything.popup.0.0.1920.1080@120dpi" x="532" y="239" />
    <location key="#com.intellij.refactoring.typeMigration.ui.FailedConversionsDialog.0.0.1920.1080@120dpi" x="627" y="208" />
    <location key="#com.intellij.ide.util.MemberChooser.0.0.1920.1080@120dpi" x="721" y="128" />
    <location key="#com.intellij.refactoring.safeDelete.UnsafeUsagesDialog.0.0.1920.1080@120dpi" x="627" y="208" />
    <location key="com.intellij.ide.util.TipDialog.1920.0.1920.1080@120dpi" x="212" y="328" />
    <location key="ProcessPopupWindow.1920.0.1920.1080@120dpi" x="1423" y="837" />
    <location key="com.intellij.openapi.vcs.update.UpdateOrStatusOptionsDialogupdate.1920.0.1920.1080@120dpi" x="2589" y="395" />
    <location key="new project wizard.1920.0.1920.1080@120dpi" x="2564" y="212" />
    <location key="#com.intellij.refactoring.move.MoveHandler.SelectRefactoringDialog.1920.0.1920.1080@120dpi" x="2659" y="432" />
    <location key="CommitChangelistDialog2.1920.0.1920.1080@120dpi" x="2135" y="17" />
    <location key="Vcs.Push.Dialog.1920.0.1920.1080@120dpi" x="2481" y="167" />
    <location key="FileChooserDialogImpl.1920.0.1920.1080@120dpi" x="2610" y="218" />
    <location key="SettingsEditor.1920.0.1920.1080@120dpi" x="2189" y="98" />
    <location key="#com.intellij.execution.impl.EditConfigurationsDialog.1920.0.1920.1080@120dpi" x="2340" y="86" />
    <location key="#com.intellij.ide.util.projectWizard.JdkChooserPanel.MyDialog.0.0.1920.1080@120dpi" x="775" y="402" />
    <location key="WELCOME_SCREEN.1920.0.1920.1080@120dpi" x="963" y="455" />
    <location key="search.everywhere.popup.1920.0.1920.1080@120dpi" x="2459" y="15" />
    <location key="org.intellij.images.editor.actions.BackgroundImageDialog.1920.0.1920.1080@120dpi" x="2496" y="257" />
    <location key="find.popup.0.0.1920.1080@120dpi" x="591" y="157" />
    <location key="#com.intellij.openapi.projectRoots.ui.ProjectJdksEditor.0.0.1920.1080@120dpi" x="440" y="93" />
    <location key="Maven.ArtifactSearchDialog.1920.0.1920.1080@120dpi" x="2297" y="93" />
    <location key="#com.intellij.refactoring.safeDelete.UnsafeUsagesDialog.1920.0.1920.1080@120dpi" x="2547" y="208" />
    <location key="#com.intellij.fileTypes.FileTypeChooser.1920.0.1920.1080@120dpi" x="2574" y="306" />
    <location key="#com.intellij.refactoring.move.moveClassesOrPackages.MoveClassesOrPackagesDialog.packages.1920.0.1920.1080@120dpi" x="2628" y="380" />
    <location key="find.popup.1920.0.1920.1080@120dpi" x="2574" y="78" />
    <location key="extract.method.dialog.1920.0.1920.1080@120dpi" x="2547" y="240" />
    <location key="git4idea.branch.GitSmartOperationDialog.0.0.1920.1080@120dpi" x="687" y="166" />
    <location key="#Notifications.0.0.1920.1080@120dpi" x="452" y="95" />
    <location key="git4idea.merge.GitMergeDialog.0.0.1920.1080@120dpi" x="715" y="266" />
    <location key="new project wizard.0.0.1920.1080@120dpi" x="576" y="154" />
    <location key="search.everywhere.popup.0.0.1920.1080@120dpi" x="539" y="15" />
    <location key="#Notifications.1920.0.1920.1080@120dpi" x="2372" y="95" />
    <location key="RollbackChangesDialog.1920.0.1920.1080@120dpi" x="2557" y="155" />
    <location key="DiffContextDialog.1920.0.1920.1080@120dpi" x="2078" y="80" />
    <location key="extract.method.dialog.0.0.1920.1080@120dpi" x="882" y="414" />
    <location key="#Console.0.0.1920.1080@120dpi" x="452" y="95" />
    <location key="DiffContextDialog.0.0.1920.1080@120dpi" x="184" y="80" />
    <location key="RollbackChangesDialog.0.0.1920.1080@120dpi" x="637" y="104" />
    <location key="Github.CreateGistDialog.0.0.1920.1080@120dpi" x="726" y="403" />
    <location key="#com.intellij.ide.util.MemberChooser.1920.0.1920.1080@120dpi" x="2641" y="128" />
    <location key="#com.intellij.openapi.keymap.impl.ui.EditKeymapsDialog.1920.0.1920.1080@120dpi" x="2561" y="157" />
    <location key="#Project_Structure.0.0.1920.1080@120dpi" x="452" y="95" />
    <location key="#com.intellij.refactoring.move.MoveHandler.SelectRefactoringDialog.0.0.1920.1080@120dpi" x="451" y="432" />
    <location key="chooseDestDirectoryDialog.0.0.1920.1080@120dpi" x="732" y="285" />
    <location key="#com.intellij.ide.util.PackageChooserDialog.0.0.1920.1080@120dpi" x="627" y="244" />
    <location key="#Inspections.0.0.1920.1080@120dpi" x="452" y="95" />
    <location key="#com.intellij.openapi.keymap.impl.ui.EditKeymapsDialog.0.0.1920.1080@120dpi" x="641" y="157" />
    <location key="#xdebugger.evaluate.1920.0.1920.1080@120dpi" x="2736" y="154" />
    <location key="#com.intellij.refactoring.rename.AutomaticRenamingDialog.1920.0.1920.1080@120dpi" x="2222" y="0" />
    <location key="#SQL_Dialects.1920.0.1920.1080@120dpi" x="2372" y="95" />
    <location key="#com.intellij.ide.actions.ChooseComponentsToExportDialog.1920.0.1920.1080@120dpi" x="2572" y="322" />
    <location key="#Inspections.1920.0.1920.1080@120dpi" x="2372" y="95" />
    <location key="#ServicesGatewayApplication_(1).1920.0.1920.1080@120dpi" x="2337" y="66" />
    <location key="#xdebugger.evaluate.0.0.1920.1080@120dpi" x="816" y="154" />
    <location key="ANALYSIS_DLG_com.intellij.analysis.BaseAnalysisAction$1.0.0.1920.1080@120dpi" x="654" y="344" />
    <location key="#com.intellij.tools.ToolEditorDialog.0.0.1920.1080@120dpi" x="611" y="249" />
    <location key="com.intellij.database.view.ui.AbstractDbRefactoringDialog.0.0.1920.1080@120dpi" x="610" y="123" />
    <location key="#SQL_Resolution_Scopes.0.0.1920.1080@120dpi" x="452" y="95" />
    <location key="com.intellij.database.run.ParametersPanel.Standalone.0.0.1920.1080@120dpi" x="657" y="217" />
    <location key="GitCloneDialog.1920.0.1920.1080@120dpi" x="2610" y="425" />
    <location key="run.anything.popup.1920.0.1920.1080@120dpi" x="2452" y="239" />
    <location key="git4idea.merge.GitPullDialog.1920.0.1920.1080@120dpi" x="2463" y="266" />
    <location key="git4idea.rebase.GitRebaseDialog.1920.0.1920.1080@120dpi" x="2644" y="356" />
    <location key="#com.intellij.ide.util.TreeClassChooserDialog.1920.0.1920.1080@120dpi" x="2687" y="180" />
    <location key="spring file set editor.1920.0.1920.1080@120dpi" x="2475" y="130" />
    <location key="MergeDialog.1920.0.1920.1080@120dpi" x="2104" y="80" />
    <location key="MultipleFileMergeDialog.1920.0.1920.1080@120dpi" x="2521" y="166" />
    <location key="Github.CreateGistDialog.1920.0.1920.1080@120dpi" x="2646" y="403" />
    <location key="git4idea.merge.GitPullDialog.0.0.1920.1080@120dpi" x="615" y="266" />
    <location key="Registry.0.0.1920.1080@120dpi" x="482" y="100" />
    <location key="Maven.ArtifactSearchDialog.0.0.1920.1080@120dpi" x="377" y="93" />
    <location key="com.intellij.openapi.editor.actions.MultiplePasteAction$ClipboardContentChooser.0.0.1920.1080@120dpi" x="675" y="122" />
    <location key="#com.intellij.fileTypes.FileTypeChooser.0.0.1920.1080@120dpi" x="631" y="300" />
    <size key="ProcessPopupWindow.0.0.1920.1080" width="400" height="119" />
    <size key="org.intellij.images.editor.actions.BackgroundImageDialog.0.0.1920.1080" width="1095" height="796" />
    <size key="GridCell.Tab.0.left.0.0.1920.1080" width="1876" height="304" />
    <size key="GridCell.Tab.0.center.0.0.1920.1080" width="1876" height="304" />
    <size key="GridCell.Tab.0.right.0.0.1920.1080" width="1876" height="304" />
    <size key="GridCell.Tab.0.bottom.0.0.1920.1080" width="1876" height="304" />
    <size key="GridCell.Tab.1.left.0.0.1920.1080" width="1876" height="304" />
    <size key="GridCell.Tab.1.center.0.0.1920.1080" width="1876" height="304" />
    <size key="GridCell.Tab.1.right.0.0.1920.1080" width="1876" height="304" />
    <size key="GridCell.Tab.1.bottom.0.0.1920.1080" width="1876" height="304" />
    <size key="search.everywhere.popup.0.0.1920.1080" width="672" height="678" />
    <size key="find.popup.0.0.1920.1080" width="806" height="807" />
    <size key="GridCell.Tab.2.left.0.0.1920.1080" width="1876" height="322" />
    <size key="GridCell.Tab.2.center.0.0.1920.1080" width="1876" height="322" />
    <size key="GridCell.Tab.2.right.0.0.1920.1080" width="1876" height="322" />
    <size key="GridCell.Tab.2.bottom.0.0.1920.1080" width="1876" height="322" />
    <size key="CommitChangelistDialog2.0.0.1920.1080" width="1080" height="877" />
    <size key="FileChooserDialogImpl.0.0.1920.1080" width="921" height="625" />
    <size key="SettingsEditor.0.0.1920.1080" width="1379" height="720" />
    <size key="#Intentions.0.0.1920.1080" width="816" height="751" />
    <size key="#com.intellij.execution.impl.EditConfigurationsDialog.0.0.1920.1080" width="1207" height="693" />
    <size key="HiddenNamespacesPopup.0.0.1920.1080" width="234" height="499" />
    <size key="ProcessPopupWindow.1920.0.1920.1080" width="400" height="119" />
    <size key="find.popup.1920.0.1920.1080" width="806" height="807" />
    <size key="GridCell.Tab.1.right.1920.0.1920.1080" width="1876" height="240" />
    <size key="GridCell.Tab.1.left.1920.0.1920.1080" width="1876" height="240" />
    <size key="GridCell.Tab.1.center.1920.0.1920.1080" width="1876" height="240" />
    <size key="GridCell.Tab.1.bottom.1920.0.1920.1080" width="1876" height="240" />
    <size key="GridCell.Tab.0.left.1920.0.1920.1080" width="1876" height="240" />
    <size key="GridCell.Tab.0.center.1920.0.1920.1080" width="1876" height="240" />
    <size key="GridCell.Tab.0.right.1920.0.1920.1080" width="1876" height="240" />
    <size key="GridCell.Tab.0.bottom.1920.0.1920.1080" width="1876" height="240" />
    <size key="GridCell.Tab.2.left.1920.0.1920.1080" width="937" height="403" />
    <size key="GridCell.Tab.2.center.1920.0.1920.1080" width="937" height="403" />
    <size key="GridCell.Tab.2.right.1920.0.1920.1080" width="937" height="403" />
    <size key="GridCell.Tab.2.bottom.1920.0.1920.1080" width="937" height="403" />
    <size key="GridCell.Tab.0.left.0.0.1920.1080@120dpi" width="1865" height="261" />
    <size key="GridCell.Tab.0.center.0.0.1920.1080@120dpi" width="1865" height="261" />
    <size key="GridCell.Tab.0.right.0.0.1920.1080@120dpi" width="1865" height="261" />
    <size key="GridCell.Tab.0.bottom.0.0.1920.1080@120dpi" width="1865" height="261" />
    <size key="GridCell.Tab.1.left.0.0.1920.1080@120dpi" width="1865" height="220" />
    <size key="GridCell.Tab.1.center.0.0.1920.1080@120dpi" width="1865" height="220" />
    <size key="GridCell.Tab.1.right.0.0.1920.1080@120dpi" width="1865" height="220" />
    <size key="GridCell.Tab.1.bottom.0.0.1920.1080@120dpi" width="1865" height="220" />
    <size key="ProcessPopupWindow.0.0.1920.1080@120dpi" width="495" height="225" />
    <size key="#com.intellij.execution.impl.EditConfigurationsDialog.0.0.1920.1080@120dpi" width="1367" height="800" />
    <size key="GridCell.Tab.2.left.0.0.1920.1080@120dpi" width="1515" height="441" />
    <size key="GridCell.Tab.2.center.0.0.1920.1080@120dpi" width="1515" height="441" />
    <size key="GridCell.Tab.2.right.0.0.1920.1080@120dpi" width="1515" height="441" />
    <size key="GridCell.Tab.2.bottom.0.0.1920.1080@120dpi" width="1515" height="441" />
    <size key="GridCell.Tab.3.left.0.0.1920.1080@120dpi" width="1865" height="447" />
    <size key="GridCell.Tab.3.center.0.0.1920.1080@120dpi" width="1865" height="447" />
    <size key="GridCell.Tab.3.right.0.0.1920.1080@120dpi" width="1865" height="447" />
    <size key="GridCell.Tab.3.bottom.0.0.1920.1080@120dpi" width="1865" height="447" />
    <size key="org.intellij.images.editor.actions.BackgroundImageDialog.0.0.1920.1080@120dpi" width="1378" height="863" />
    <size key="ProcessPopupWindow.1920.0.1920.1080@120dpi" width="495" height="176" />
    <size key="GridCell.Tab.1.right.1920.0.1920.1080@120dpi" width="1521" height="234" />
    <size key="GridCell.Tab.1.left.1920.0.1920.1080@120dpi" width="1521" height="234" />
    <size key="GridCell.Tab.1.center.1920.0.1920.1080@120dpi" width="1521" height="234" />
    <size key="GridCell.Tab.1.bottom.1920.0.1920.1080@120dpi" width="1521" height="234" />
    <size key="GridCell.Tab.0.left.1920.0.1920.1080@120dpi" width="1521" height="234" />
    <size key="GridCell.Tab.0.center.1920.0.1920.1080@120dpi" width="1521" height="234" />
    <size key="GridCell.Tab.0.right.1920.0.1920.1080@120dpi" width="1521" height="234" />
    <size key="GridCell.Tab.0.bottom.1920.0.1920.1080@120dpi" width="1521" height="234" />
    <size key="GridCell.Tab.2.left.1920.0.1920.1080@120dpi" width="1521" height="234" />
    <size key="GridCell.Tab.2.center.1920.0.1920.1080@120dpi" width="1521" height="234" />
    <size key="GridCell.Tab.2.right.1920.0.1920.1080@120dpi" width="1521" height="234" />
    <size key="GridCell.Tab.2.bottom.1920.0.1920.1080@120dpi" width="1521" height="234" />
    <size key="GridCell.Tab.3.left.1920.0.1920.1080@120dpi" width="1865" height="255" />
    <size key="GridCell.Tab.3.center.1920.0.1920.1080@120dpi" width="1865" height="255" />
    <size key="GridCell.Tab.3.right.1920.0.1920.1080@120dpi" width="1865" height="255" />
    <size key="GridCell.Tab.3.bottom.1920.0.1920.1080@120dpi" width="1865" height="255" />
    <size key="#com.intellij.execution.impl.EditConfigurationsDialog.1920.0.1920.1080@120dpi" width="1361" height="714" />
    <size key="search.everywhere.popup.1920.0.1920.1080@120dpi" width="840" height="1034" />
    <size key="org.intellij.images.editor.actions.BackgroundImageDialog.1920.0.1920.1080@120dpi" width="876" height="735" />
    <size key="SettingsEditor.0.0.1920.1080@120dpi" width="1272" height="883" />
    <size key="find.popup.0.0.1920.1080@120dpi" width="738" height="736" />
    <size key="find.popup.1920.0.1920.1080@120dpi" width="933" height="972" />
    <size key="search.everywhere.popup.0.0.1920.1080@120dpi" width="840" height="1034" />
    <size key="CommitChangelistDialog2.0.0.1920.1080@120dpi" width="938" height="935" />
    <size key="new project wizard.0.0.1920.1080@120dpi" width="1048" height="754" />
    <size key="#xdebugger.evaluate.1920.0.1920.1080@120dpi" width="666" height="741" />
    <size key="new project wizard.1920.0.1920.1080@120dpi" width="1048" height="754" />
    <size key="XDebugger.FullValuePopup.0.0.1920.1080@120dpi" width="968" height="533" />
    <size key="run.anything.popup.0.0.1920.1080@120dpi" width="840" height="1034" />
    <size key="com.intellij.byteCodeViewer.ShowByteCodeAction.0.0.1920.1080@120dpi" width="680" height="1048" />
    <size key="HiddenNamespacesPopup.0.0.1920.1080@120dpi" width="260" height="555" />
    <size key="SqlResolveConfigurable.0.0.1920.1080@120dpi" width="357" height="531" />
    <size key="GitCloneDialog.1920.0.1920.1080@120dpi" width="771" height="200" />
    <size key="run.anything.popup.1920.0.1920.1080@120dpi" width="840" height="1034" />
    <size key="Vcs.Push.Dialog.0.0.1920.1080@120dpi" width="797" height="880" />
  </component>
  <component name="WindowManager">
    <frame x="0" y="0" width="1920" height="1050" extendedState="6" />
    <layout>
      <window_info anchor="bottom" id="Debug" order="3" weight="0.4" />
      <window_info anchor="bottom" id="Find" order="1" />
      <window_info anchor="right" id="Commander" internal_type="SLIDING" order="0" type="SLIDING" weight="0.4" />
      <window_info anchor="right" id="Ant Build" order="1" weight="0.25" />
      <window_info anchor="bottom" id="Inspection" order="5" weight="0.4" />
      <window_info content_ui="combo" id="Project" order="0" weight="0.25" />
      <window_info anchor="right" content_ui="combo" id="Hierarchy" order="2" weight="0.25" />
      <window_info id="Structure" order="1" weight="0.25" />
      <window_info anchor="bottom" id="Run" order="2" />
      <window_info anchor="bottom" id="Message" order="0" />
      <window_info anchor="bottom" id="Cvs" order="4" weight="0.25" />
      <window_info anchor="bottom" id="TODO" order="6" />
    </layout>
  </component>
  <component name="WindowStateApplicationService">
    <state x="92" y="92" width="1736" height="841" key="DiffContextDialog" timestamp="1591532030118" />
    <state x="92" y="92" width="1736" height="841" key="DiffContextDialog/1920.1080/1920.1080" timestamp="1591532030118" />
    <state x="92" y="92" width="1736" height="866" key="DiffContextDialog@1920.1080" timestamp="1591532030119" />
    <state x="92" y="92" width="1736" height="841" key="DiffContextDialog@1920.1080@120dpi" timestamp="1591532030119" />
    <state x="656" y="160" key="FileChooserDialogImpl" timestamp="1593078244274">
      <screen x="0" y="0" width="1920" height="1050" />
    </state>
    <state x="656" y="160" key="FileChooserDialogImpl/0.0.1920.1050/1920.0.1920.1050" timestamp="1593078244274" />
    <state x="1298" y="857" width="500" height="226" key="ProcessPopupWindow" timestamp="1593147017395">
      <screen x="0" y="0" width="1920" height="1050" />
    </state>
    <state x="1298" y="857" width="500" height="226" key="ProcessPopupWindow/0.0.1920.1050/1920.0.1920.1050" timestamp="1593147017395" />
    <state x="344" y="84" key="SettingsEditor" timestamp="1591537403281">
      <screen x="0" y="0" width="1920" height="1050" />
    </state>
    <state x="344" y="84" key="SettingsEditor/0.0.1920.1050/1920.0.1920.1050" timestamp="1591537403281" />
    <state x="963" y="452" key="WELCOME_SCREEN" timestamp="1593142299660">
      <screen x="0" y="0" width="1920" height="1050" />
    </state>
    <state x="963" y="452" key="WELCOME_SCREEN/0.0.1920.1050/1920.0.1920.1050" timestamp="1593142299660" />
    <state x="92" y="92" width="1736" height="866" key="com.intellij.dvcs.ui.CompareBranchesDialog" timestamp="1591532030119" />
    <state x="92" y="92" width="1736" height="866" key="com.intellij.dvcs.ui.CompareBranchesDialog/1920.1080/1920.1080" timestamp="1591532030119" />
    <state x="92" y="92" width="1736" height="866" key="com.intellij.dvcs.ui.CompareBranchesDialog@1920.1080@120dpi" timestamp="1591532030119" />
    <state x="92" y="92" width="1736" height="866" key="com.intellij.history.integration.ui.views.FileHistoryDialog" timestamp="1591532030119" />
    <state x="92" y="92" width="1736" height="866" key="com.intellij.history.integration.ui.views.FileHistoryDialog/1920.1080/1920.1080" timestamp="1591532030119" />
    <state x="92" y="92" width="1736" height="866" key="com.intellij.history.integration.ui.views.FileHistoryDialog@1920.1080" timestamp="1591532030119" />
  </component>
</application>