<application>
  <component name="AppStorage">
    <histories>
      <item value="Tiered Stop At Level" />
      <item value="* Helper class that simplifies Redis data access code. * &lt;p/&gt; * Performs automatic serialization/deserialization between the given objects and the underlying binary data in the * Redis store. By default, it uses Java serialization for its objects (through {@link JdkSerializationRedisSerializer} * ). For String intensive operations consider the dedicated {@link StringRedisTemplate}. * &lt;p/&gt; * The central method is execute, supporting Redis access code implementing the {@link RedisCallback} interface. It * provides {@link RedisConnection} handling such that neither the {@link RedisCallback} implementation nor the calling * code needs to explicitly care about retrieving/closing Redis connections, or handling Connection lifecycle * exceptions. For typical single step actions, there are various convenience methods. * &lt;p/&gt; * Once configured, this class is thread-safe. * &lt;p/&gt; * Note that while the template is generified, it is up to the serializers/deserializers to properly convert the given * Objects to and from binary data. * &lt;p/&gt; * &lt;b&gt;This is the central class in Redis support&lt;/b&gt;. * * @author Costin Leau * @author Christoph Strobl * @author Ninad Divadkar * @author Anqing Shao * @author Mark Paluch * @author Denis Zavedeev * @param &lt;K&gt; the Redis key type against which the template works (usually a String) * @param &lt;V&gt; the Redis value type against which the template works" />
      <item value="/** * Helper class that simplifies Redis data access code. * &lt;p/&gt; * Performs automatic serialization/deserialization between the given objects and the underlying binary data in the * Redis store. By default, it uses Java serialization for its objects (through {@link JdkSerializationRedisSerializer} * ). For String intensive operations consider the dedicated {@link StringRedisTemplate}. * &lt;p/&gt; * The central method is execute, supporting Redis access code implementing the {@link RedisCallback} interface. It * provides {@link RedisConnection} handling such that neither the {@link RedisCallback} implementation nor the calling * code needs to explicitly care about retrieving/closing Redis connections, or handling Connection lifecycle * exceptions. For typical single step actions, there are various convenience methods. * &lt;p/&gt; * Once configured, this class is thread-safe. * &lt;p/&gt; * Note that while the template is generified, it is up to the serializers/deserializers to properly convert the given * Objects to and from binary data. * &lt;p/&gt; * &lt;b&gt;This is the central class in Redis support&lt;/b&gt;. * * @author Costin Leau * @author Christoph Strobl * @author Ninad Divadkar * @author Anqing Shao * @author Mark Paluch * @author Denis Zavedeev * @param &lt;K&gt; the Redis key type against which the template works (usually a String) * @param &lt;V&gt; the Redis value type against which the template works" />
      <item value="serializable" />
      <item value="seri" />
      <item value="Revision notes" />
      <item value="A cancellable asynchronous computation. This class provides a base * implementation of {@link Future}, with methods to start and cancel * a computation, query to see if the computation is complete, and * retrieve the result of the computation. The result can only be * retrieved when the computation has completed; the {@code get} * methods will block if the computation has not yet completed. Once * the computation has completed, the computation cannot be restarted * or cancelled (unless the computation is invoked using * {@link #runAndReset}). * * &lt;p&gt;A {@code FutureTask} can be used to wrap a {@link Callable} or * {@link Runnable} object. Because {@code FutureTask} implements * {@code Runnable}, a {@code FutureTask} can be submitted to an * {@link Executor} for execution. * * &lt;p&gt;In addition to serving as a standalone class, this class provides * {@code protected} functionality that may be useful when creating * customized task classes." />
      <item value="vogue" />
      <item value="fashion" />
      <item value="method" />
      <item value="file Name" />
      <item value="微软雅黑" />
      <item value="list By Condition Count" />
      <item value="Simple Date Format" />
      <item value="Query Send Details Request" />
    </histories>
    <option name="languageScores">
      <map>
        <entry key="CHINESE" value="11" />
        <entry key="ENGLISH" value="12" />
      </map>
    </option>
  </component>
  <component name="Settings">
    <option name="ignoreRegExp" value="" />
    <option name="phoneticFontFamily" value="Consolas" />
    <option name="primaryFontFamily" value="Consolas" />
    <option name="showExplanation" value="true" />
    <option name="showWordForms" value="false" />
    <option name="showWordsOnStartup" value="true" />
  </component>
</application>