<profile version="1.0">
  <option name="myName" value="Default" />
  <inspection_tool class="DuplicatedCode" enabled="false" level="WEAK WARNING" enabled_by_default="false" />
  <inspection_tool class="IgnoreResultOfCall" enabled="false" level="WARNING" enabled_by_default="false">
    <option name="m_reportAllNonLibraryCalls" value="false" />
    <option name="callCheckString" value="java.io.File,.*,java.io.InputStream,read|skip|available|markSupported,java.io.Reader,read|skip|ready|markSupported,java.lang.Boolean,.*,java.lang.Byte,.*,java.lang.Character,.*,java.lang.Double,.*,java.lang.Float,.*,java.lang.Integer,.*,java.lang.Long,.*,java.lang.Math,.*,java.lang.Object,equals|hashCode|toString,java.lang.Short,.*,java.lang.StrictMath,.*,java.lang.String,.*,java.lang.Thread,interrupted,java.math.BigInteger,.*,java.math.BigDecimal,.*,java.net.InetAddress,.*,java.net.URI,.*,java.util.Arrays,.*,java.util.List,of,java.util.Set,of,java.util.Map,of|ofEntries|entry,java.util.Collections,(?!addAll).*,java.util.UUID,.*,java.util.regex.Matcher,pattern|toMatchResult|start|end|group|groupCount|matches|find|lookingAt|quoteReplacement|replaceAll|replaceFirst|regionStart|regionEnd|hasTransparentBounds|hasAnchoringBounds|hitEnd|requireEnd,java.util.regex.Pattern,.*,java.util.stream.BaseStream,.*" />
  </inspection_tool>
  <inspection_tool class="JavaDoc" enabled="false" level="WARNING" enabled_by_default="false">
    <option name="TOP_LEVEL_CLASS_OPTIONS">
      <value>
        <option name="ACCESS_JAVADOC_REQUIRED_FOR" value="none" />
        <option name="REQUIRED_TAGS" value="" />
      </value>
    </option>
    <option name="INNER_CLASS_OPTIONS">
      <value>
        <option name="ACCESS_JAVADOC_REQUIRED_FOR" value="none" />
        <option name="REQUIRED_TAGS" value="" />
      </value>
    </option>
    <option name="METHOD_OPTIONS">
      <value>
        <option name="ACCESS_JAVADOC_REQUIRED_FOR" value="none" />
        <option name="REQUIRED_TAGS" value="@return@param@throws or @exception" />
      </value>
    </option>
    <option name="FIELD_OPTIONS">
      <value>
        <option name="ACCESS_JAVADOC_REQUIRED_FOR" value="none" />
        <option name="REQUIRED_TAGS" value="" />
      </value>
    </option>
    <option name="IGNORE_DEPRECATED" value="false" />
    <option name="IGNORE_JAVADOC_PERIOD" value="true" />
    <option name="IGNORE_DUPLICATED_THROWS" value="false" />
    <option name="IGNORE_POINT_TO_ITSELF" value="false" />
    <option name="myAdditionalJavadocTags" value="" />
  </inspection_tool>
  <inspection_tool class="SpringJavaAutowiredFieldsWarningInspection" enabled="false" level="WARNING" enabled_by_default="false" />
  <inspection_tool class="UNCHECKED_WARNING" enabled="false" level="WARNING" enabled_by_default="false" />
  <inspection_tool class="WeakerAccess" enabled="false" level="WARNING" enabled_by_default="false">
    <option name="SUGGEST_PACKAGE_LOCAL_FOR_MEMBERS" value="true" />
    <option name="SUGGEST_PACKAGE_LOCAL_FOR_TOP_CLASSES" value="true" />
    <option name="SUGGEST_PRIVATE_FOR_INNERS" value="false" />
  </inspection_tool>
</profile>